order_date,total_sales,region,is_forecast
2020-01-02,16.45,Central,False
2020-01-03,288.06,Central,False
2020-01-04,0.0,Central,False
2020-01-05,0.0,Central,False
2020-01-06,87.16,Central,False
2020-01-07,0.0,Central,False
2020-01-08,40.54,Central,False
2020-01-09,0.0,Central,False
2020-01-10,0.0,Central,False
2020-01-11,0.0,Central,False
2020-01-12,0.0,Central,False
2020-01-13,0.0,Central,False
2020-01-14,0.0,Central,False
2020-01-15,0.0,Central,False
2020-01-16,0.0,Central,False
2020-01-17,0.0,Central,False
2020-01-18,0.0,Central,False
2020-01-19,708.62,Central,False
2020-01-20,0.0,Central,False
2020-01-21,0.0,Central,False
2020-01-22,5.94,Central,False
2020-01-23,0.0,Central,False
2020-01-24,0.0,Central,False
2020-01-25,152.64,Central,False
2020-01-26,0.0,Central,False
2020-01-27,0.0,Central,False
2020-01-28,0.0,Central,False
2020-01-29,240.5,Central,False
2020-01-30,0.0,Central,False
2020-01-31,468.9,Central,False
2020-02-01,0.0,Central,False
2020-02-02,0.0,Central,False
2020-02-03,0.0,Central,False
2020-02-04,0.0,Central,False
2020-02-05,8.95,Central,False
2020-02-06,0.0,Central,False
2020-02-07,0.0,Central,False
2020-02-08,0.0,Central,False
2020-02-09,0.0,Central,False
2020-02-10,535.27,Central,False
2020-02-11,0.0,Central,False
2020-02-12,0.0,Central,False
2020-02-13,16.18,Central,False
2020-02-14,0.0,Central,False
2020-02-15,9.04,Central,False
2020-02-16,54.21,Central,False
2020-02-17,37.78,Central,False
2020-02-18,0.0,Central,False
2020-02-19,82.63,Central,False
2020-02-20,8.85,Central,False
2020-02-21,0.0,Central,False
2020-02-22,11.37,Central,False
2020-02-23,0.0,Central,False
2020-02-24,0.0,Central,False
2020-02-25,0.0,Central,False
2020-02-26,0.0,Central,False
2020-02-27,0.0,Central,False
2020-02-28,1739.64,Central,False
2020-02-29,0.0,Central,False
2020-03-01,176.77,Central,False
2020-03-02,0.0,Central,False
2020-03-03,0.0,Central,False
2020-03-04,0.0,Central,False
2020-03-05,0.0,Central,False
2020-03-06,0.0,Central,False
2020-03-07,0.0,Central,False
2020-03-08,22.38,Central,False
2020-03-09,0.0,Central,False
2020-03-10,0.0,Central,False
2020-03-11,0.0,Central,False
2020-03-12,583.36,Central,False
2020-03-13,0.0,Central,False
2020-03-14,0.0,Central,False
2020-03-15,275.1,Central,False
2020-03-16,0.0,Central,False
2020-03-17,0.0,Central,False
2020-03-18,0.0,Central,False
2020-03-19,0.0,Central,False
2020-03-20,16.28,Central,False
2020-03-21,0.0,Central,False
2020-03-22,0.0,Central,False
2020-03-23,0.0,Central,False
2020-03-24,0.0,Central,False
2020-03-25,0.0,Central,False
2020-03-26,1190.84,Central,False
2020-03-27,890.84,Central,False
2020-03-28,844.26,Central,False
2020-03-29,88.11,Central,False
2020-03-30,0.0,Central,False
2020-03-31,60.21,Central,False
2020-04-01,0.0,Central,False
2020-04-02,84.83,Central,False
2020-04-03,872.34,Central,False
2020-04-04,0.0,Central,False
2020-04-05,0.0,Central,False
2020-04-06,0.0,Central,False
2020-04-07,0.0,Central,False
2020-04-08,0.0,Central,False
2020-04-09,758.35,Central,False
2020-04-10,32.4,Central,False
2020-04-11,0.0,Central,False
2020-04-12,0.0,Central,False
2020-04-13,0.0,Central,False
2020-04-14,0.0,Central,False
2020-04-15,0.0,Central,False
2020-04-16,697.08,Central,False
2020-04-17,0.0,Central,False
2020-04-18,1190.53,Central,False
2020-04-19,0.0,Central,False
2020-04-20,0.0,Central,False
2020-04-21,0.0,Central,False
2020-04-22,0.0,Central,False
2020-04-23,16.61,Central,False
2020-04-24,0.0,Central,False
2020-04-25,0.0,Central,False
2020-04-26,0.0,Central,False
2020-04-27,0.0,Central,False
2020-04-28,0.0,Central,False
2020-04-29,0.0,Central,False
2020-04-30,0.0,Central,False
2020-05-01,21.56,Central,False
2020-05-02,90.11,Central,False
2020-05-03,173.12,Central,False
2020-05-04,0.0,Central,False
2020-05-05,0.0,Central,False
2020-05-06,0.0,Central,False
2020-05-07,0.0,Central,False
2020-05-08,0.0,Central,False
2020-05-09,1606.88,Central,False
2020-05-10,34.79,Central,False
2020-05-11,0.0,Central,False
2020-05-12,0.0,Central,False
2020-05-13,0.0,Central,False
2020-05-14,0.0,Central,False
2020-05-15,91.68,Central,False
2020-05-16,3.98,Central,False
2020-05-17,57.42,Central,False
2020-05-18,108.44,Central,False
2020-05-19,186.9,Central,False
2020-05-20,0.0,Central,False
2020-05-21,0.0,Central,False
2020-05-22,0.0,Central,False
2020-05-23,104.92,Central,False
2020-05-24,475.78,Central,False
2020-05-25,17.46,Central,False
2020-05-26,0.0,Central,False
2020-05-27,0.0,Central,False
2020-05-28,1075.44,Central,False
2020-05-29,0.0,Central,False
2020-05-30,3949.71,Central,False
2020-05-31,0.0,Central,False
2020-06-01,225.46,Central,False
2020-06-02,0.0,Central,False
2020-06-03,0.0,Central,False
2020-06-04,138.81,Central,False
2020-06-05,281.4,Central,False
2020-06-06,0.0,Central,False
2020-06-07,142.34,Central,False
2020-06-08,491.55,Central,False
2020-06-09,0.0,Central,False
2020-06-10,0.0,Central,False
2020-06-11,0.0,Central,False
2020-06-12,212.94,Central,False
2020-06-13,942.97,Central,False
2020-06-14,647.84,Central,False
2020-06-15,62.02,Central,False
2020-06-16,0.0,Central,False
2020-06-17,0.0,Central,False
2020-06-18,1828.95,Central,False
2020-06-19,0.0,Central,False
2020-06-20,663.75,Central,False
2020-06-21,0.0,Central,False
2020-06-22,0.0,Central,False
2020-06-23,0.0,Central,False
2020-06-24,0.0,Central,False
2020-06-25,0.0,Central,False
2020-06-26,6.08,Central,False
2020-06-27,0.0,Central,False
2020-06-28,52.48,Central,False
2020-06-29,0.0,Central,False
2020-06-30,0.0,Central,False
2020-07-01,0.0,Central,False
2020-07-02,0.0,Central,False
2020-07-03,502.2,Central,False
2020-07-04,0.0,Central,False
2020-07-05,0.0,Central,False
2020-07-06,0.0,Central,False
2020-07-07,24.72,Central,False
2020-07-08,0.0,Central,False
2020-07-09,586.34,Central,False
2020-07-10,613.87,Central,False
2020-07-11,0.0,Central,False
2020-07-12,68.2,Central,False
2020-07-13,9.51,Central,False
2020-07-14,0.0,Central,False
2020-07-15,0.0,Central,False
2020-07-16,0.0,Central,False
2020-07-17,0.0,Central,False
2020-07-18,1340.97,Central,False
2020-07-19,787.86,Central,False
2020-07-20,26.63,Central,False
2020-07-21,0.0,Central,False
2020-07-22,0.0,Central,False
2020-07-23,0.0,Central,False
2020-07-24,2780.27,Central,False
2020-07-25,0.0,Central,False
2020-07-26,0.0,Central,False
2020-07-27,0.0,Central,False
2020-07-28,0.0,Central,False
2020-07-29,0.0,Central,False
2020-07-30,0.0,Central,False
2020-07-31,886.28,Central,False
2020-08-01,0.0,Central,False
2020-08-02,0.0,Central,False
2020-08-03,489.23,Central,False
2020-08-04,0.0,Central,False
2020-08-05,0.0,Central,False
2020-08-06,1109.73,Central,False
2020-08-07,0.0,Central,False
2020-08-08,0.0,Central,False
2020-08-09,0.0,Central,False
2020-08-10,0.0,Central,False
2020-08-11,0.0,Central,False
2020-08-12,0.0,Central,False
2020-08-13,30.96,Central,False
2020-08-14,0.0,Central,False
2020-08-15,15.55,Central,False
2020-08-16,0.0,Central,False
2020-08-17,0.0,Central,False
2020-08-18,421.37,Central,False
2020-08-19,0.0,Central,False
2020-08-20,11.56,Central,False
2020-08-21,19.44,Central,False
2020-08-22,0.0,Central,False
2020-08-23,38.06,Central,False
2020-08-24,0.0,Central,False
2020-08-25,0.0,Central,False
2020-08-26,0.0,Central,False
2020-08-27,0.0,Central,False
2020-08-28,0.0,Central,False
2020-08-29,0.0,Central,False
2020-08-30,34.75,Central,False
2020-08-31,1275.63,Central,False
2020-09-01,7.68,Central,False
2020-09-02,0.0,Central,False
2020-09-03,0.0,Central,False
2020-09-04,0.0,Central,False
2020-09-05,2475.0,Central,False
2020-09-06,11757.79,Central,False
2020-09-07,114.5,Central,False
2020-09-08,0.0,Central,False
2020-09-09,0.0,Central,False
2020-09-10,793.03,Central,False
2020-09-11,340.12,Central,False
2020-09-12,104.02,Central,False
2020-09-13,0.0,Central,False
2020-09-14,0.0,Central,False
2020-09-15,0.0,Central,False
2020-09-16,0.0,Central,False
2020-09-17,5579.94,Central,False
2020-09-18,1122.25,Central,False
2020-09-19,77.25,Central,False
2020-09-20,331.54,Central,False
2020-09-21,9900.19,Central,False
2020-09-22,0.0,Central,False
2020-09-23,340.3,Central,False
2020-09-24,154.7,Central,False
2020-09-25,0.0,Central,False
2020-09-26,0.0,Central,False
2020-09-27,0.0,Central,False
2020-09-28,0.0,Central,False
2020-09-29,0.0,Central,False
2020-09-30,0.0,Central,False
2020-10-01,316.19,Central,False
2020-10-02,0.0,Central,False
2020-10-03,0.0,Central,False
2020-10-04,401.7,Central,False
2020-10-05,107.44,Central,False
2020-10-06,0.0,Central,False
2020-10-07,0.0,Central,False
2020-10-08,1488.77,Central,False
2020-10-09,0.0,Central,False
2020-10-10,22.24,Central,False
2020-10-11,0.0,Central,False
2020-10-12,2347.4,Central,False
2020-10-13,0.0,Central,False
2020-10-14,0.0,Central,False
2020-10-15,136.07,Central,False
2020-10-16,0.0,Central,False
2020-10-17,0.0,Central,False
2020-10-18,1074.16,Central,False
2020-10-19,0.0,Central,False
2020-10-20,0.0,Central,False
2020-10-21,0.0,Central,False
2020-10-22,0.0,Central,False
2020-10-23,0.0,Central,False
2020-10-24,0.0,Central,False
2020-10-25,0.0,Central,False
2020-10-26,257.98,Central,False
2020-10-27,2813.81,Central,False
2020-10-28,0.0,Central,False
2020-10-29,0.0,Central,False
2020-10-30,15.7,Central,False
2020-10-31,88.78,Central,False
2020-11-01,89.97,Central,False
2020-11-02,0.0,Central,False
2020-11-03,0.0,Central,False
2020-11-04,0.0,Central,False
2020-11-05,1143.21,Central,False
2020-11-06,0.0,Central,False
2020-11-07,0.0,Central,False
2020-11-08,1194.87,Central,False
2020-11-09,3114.3,Central,False
2020-11-10,405.86,Central,False
2020-11-11,0.0,Central,False
2020-11-12,44.98,Central,False
2020-11-13,604.66,Central,False
2020-11-14,619.86,Central,False
2020-11-15,486.98,Central,False
2020-11-16,1583.94,Central,False
2020-11-17,503.13,Central,False
2020-11-18,0.0,Central,False
2020-11-19,269.59,Central,False
2020-11-20,16.91,Central,False
2020-11-21,239.81,Central,False
2020-11-22,1266.61,Central,False
2020-11-23,1273.63,Central,False
2020-11-24,19.3,Central,False
2020-11-25,0.0,Central,False
2020-11-26,1062.87,Central,False
2020-11-27,12.62,Central,False
2020-11-28,0.0,Central,False
2020-11-29,3528.54,Central,False
2020-11-30,117.17,Central,False
2020-12-01,505.88,Central,False
2020-12-02,0.0,Central,False
2020-12-03,433.56,Central,False
2020-12-04,338.54,Central,False
2020-12-05,0.0,Central,False
2020-12-06,60.42,Central,False
2020-12-07,276.63,Central,False
2020-12-08,0.0,Central,False
2020-12-09,0.0,Central,False
2020-12-10,210.39,Central,False
2020-12-11,97.35,Central,False
2020-12-12,52.28,Central,False
2020-12-13,812.5,Central,False
2020-12-14,535.65,Central,False
2020-12-15,0.0,Central,False
2020-12-16,0.0,Central,False
2020-12-17,372.12,Central,False
2020-12-18,1192.53,Central,False
2020-12-19,0.0,Central,False
2020-12-20,274.09,Central,False
2020-12-21,212.42,Central,False
2020-12-22,0.0,Central,False
2020-12-23,0.0,Central,False
2020-12-24,609.25,Central,False
2020-12-25,67.95,Central,False
2020-12-26,0.0,Central,False
2020-12-27,192.08,Central,False
2020-12-28,619.45,Central,False
2020-12-29,126.78,Central,False
2020-12-30,0.0,Central,False
2020-12-31,0.0,Central,False
2021-01-01,1768.23,Central,False
2021-01-02,72.24,Central,False
2021-01-03,0.0,Central,False
2021-01-04,0.0,Central,False
2021-01-05,0.0,Central,False
2021-01-06,0.0,Central,False
2021-01-07,0.0,Central,False
2021-01-08,0.0,Central,False
2021-01-09,0.0,Central,False
2021-01-10,0.0,Central,False
2021-01-11,0.0,Central,False
2021-01-12,0.0,Central,False
2021-01-13,0.0,Central,False
2021-01-14,0.0,Central,False
2021-01-15,254.74,Central,False
2021-01-16,0.0,Central,False
2021-01-17,301.74,Central,False
2021-01-18,0.0,Central,False
2021-01-19,0.0,Central,False
2021-01-20,0.0,Central,False
2021-01-21,0.0,Central,False
2021-01-22,0.0,Central,False
2021-01-23,0.0,Central,False
2021-01-24,0.0,Central,False
2021-01-25,0.0,Central,False
2021-01-26,0.0,Central,False
2021-01-27,0.0,Central,False
2021-01-28,14.3,Central,False
2021-01-29,99.26,Central,False
2021-01-30,0.0,Central,False
2021-01-31,0.0,Central,False
2021-02-01,178.37,Central,False
2021-02-02,0.0,Central,False
2021-02-03,0.0,Central,False
2021-02-04,692.21,Central,False
2021-02-05,0.0,Central,False
2021-02-06,21.11,Central,False
2021-02-07,581.63,Central,False
2021-02-08,0.0,Central,False
2021-02-09,0.0,Central,False
2021-02-10,0.0,Central,False
2021-02-11,0.0,Central,False
2021-02-12,0.0,Central,False
2021-02-13,974.9,Central,False
2021-02-14,0.0,Central,False
2021-02-15,0.0,Central,False
2021-02-16,0.0,Central,False
2021-02-17,0.0,Central,False
2021-02-18,0.0,Central,False
2021-02-19,0.0,Central,False
2021-02-20,79.36,Central,False
2021-02-21,0.0,Central,False
2021-02-22,0.0,Central,False
2021-02-23,0.0,Central,False
2021-02-24,0.0,Central,False
2021-02-25,0.0,Central,False
2021-02-26,0.0,Central,False
2021-02-27,1379.17,Central,False
2021-02-28,112.04,Central,False
2021-03-01,0.0,Central,False
2021-03-02,0.0,Central,False
2021-03-03,380.95,Central,False
2021-03-04,0.0,Central,False
2021-03-05,0.0,Central,False
2021-03-06,2540.45,Central,False
2021-03-07,473.4,Central,False
2021-03-08,1.11,Central,False
2021-03-09,0.0,Central,False
2021-03-10,0.0,Central,False
2021-03-11,0.0,Central,False
2021-03-12,0.0,Central,False
2021-03-13,0.0,Central,False
2021-03-14,0.0,Central,False
2021-03-15,0.0,Central,False
2021-03-16,0.0,Central,False
2021-03-17,449.05,Central,False
2021-03-18,73.21,Central,False
2021-03-19,0.0,Central,False
2021-03-20,162.07,Central,False
2021-03-21,107.77,Central,False
2021-03-22,359.06,Central,False
2021-03-23,0.0,Central,False
2021-03-24,0.0,Central,False
2021-03-25,0.0,Central,False
2021-03-26,0.0,Central,False
2021-03-27,0.0,Central,False
2021-03-28,571.22,Central,False
2021-03-29,120.76,Central,False
2021-03-30,0.0,Central,False
2021-03-31,139.45,Central,False
2021-04-01,0.0,Central,False
2021-04-02,1273.61,Central,False
2021-04-03,0.0,Central,False
2021-04-04,92.06,Central,False
2021-04-05,847.2,Central,False
2021-04-06,0.0,Central,False
2021-04-07,0.0,Central,False
2021-04-08,0.0,Central,False
2021-04-09,0.0,Central,False
2021-04-10,0.0,Central,False
2021-04-11,1078.76,Central,False
2021-04-12,0.0,Central,False
2021-04-13,0.0,Central,False
2021-04-14,1483.53,Central,False
2021-04-15,0.0,Central,False
2021-04-16,753.96,Central,False
2021-04-17,329.96,Central,False
2021-04-18,298.42,Central,False
2021-04-19,0.0,Central,False
2021-04-20,0.0,Central,False
2021-04-21,0.0,Central,False
2021-04-22,0.0,Central,False
2021-04-23,679.23,Central,False
2021-04-24,408.42,Central,False
2021-04-25,0.0,Central,False
2021-04-26,4044.36,Central,False
2021-04-27,0.0,Central,False
2021-04-28,213.12,Central,False
2021-04-29,0.0,Central,False
2021-04-30,167.24,Central,False
2021-05-01,0.0,Central,False
2021-05-02,1094.56,Central,False
2021-05-03,0.0,Central,False
2021-05-04,0.0,Central,False
2021-05-05,259.95,Central,False
2021-05-06,545.91,Central,False
2021-05-07,0.0,Central,False
2021-05-08,107.75,Central,False
2021-05-09,0.0,Central,False
2021-05-10,769.02,Central,False
2021-05-11,238.38,Central,False
2021-05-12,0.0,Central,False
2021-05-13,0.0,Central,False
2021-05-14,0.0,Central,False
2021-05-15,47.37,Central,False
2021-05-16,0.0,Central,False
2021-05-17,0.0,Central,False
2021-05-18,0.0,Central,False
2021-05-19,20.77,Central,False
2021-05-20,0.0,Central,False
2021-05-21,925.83,Central,False
2021-05-22,610.31,Central,False
2021-05-23,411.92,Central,False
2021-05-24,610.16,Central,False
2021-05-25,0.0,Central,False
2021-05-26,0.0,Central,False
2021-05-27,12.39,Central,False
2021-05-28,0.0,Central,False
2021-05-29,2802.35,Central,False
2021-05-30,822.44,Central,False
2021-05-31,0.0,Central,False
2021-06-01,0.0,Central,False
2021-06-02,0.0,Central,False
2021-06-03,10.56,Central,False
2021-06-04,0.0,Central,False
2021-06-05,0.0,Central,False
2021-06-06,145.51,Central,False
2021-06-07,12.96,Central,False
2021-06-08,0.0,Central,False
2021-06-09,0.0,Central,False
2021-06-10,24.56,Central,False
2021-06-11,0.0,Central,False
2021-06-12,0.0,Central,False
2021-06-13,0.0,Central,False
2021-06-14,253.34,Central,False
2021-06-15,0.0,Central,False
2021-06-16,0.0,Central,False
2021-06-17,234.71,Central,False
2021-06-18,0.0,Central,False
2021-06-19,0.0,Central,False
2021-06-20,796.43,Central,False
2021-06-21,0.0,Central,False
2021-06-22,0.0,Central,False
2021-06-23,128.92,Central,False
2021-06-24,1013.78,Central,False
2021-06-25,0.0,Central,False
2021-06-26,0.0,Central,False
2021-06-27,269.98,Central,False
2021-06-28,0.0,Central,False
2021-06-29,0.0,Central,False
2021-06-30,1338.59,Central,False
2021-07-01,0.0,Central,False
2021-07-02,1099.96,Central,False
2021-07-03,19.0,Central,False
2021-07-04,0.0,Central,False
2021-07-05,0.0,Central,False
2021-07-06,21.12,Central,False
2021-07-07,48.63,Central,False
2021-07-08,0.0,Central,False
2021-07-09,0.0,Central,False
2021-07-10,2052.57,Central,False
2021-07-11,41.57,Central,False
2021-07-12,0.0,Central,False
2021-07-13,0.0,Central,False
2021-07-14,0.0,Central,False
2021-07-15,20.69,Central,False
2021-07-16,0.0,Central,False
2021-07-17,0.0,Central,False
2021-07-18,2693.16,Central,False
2021-07-19,0.0,Central,False
2021-07-20,0.0,Central,False
2021-07-21,0.0,Central,False
2021-07-22,0.0,Central,False
2021-07-23,0.0,Central,False
2021-07-24,0.0,Central,False
2021-07-25,0.0,Central,False
2021-07-26,0.0,Central,False
2021-07-27,0.0,Central,False
2021-07-28,217.67,Central,False
2021-07-29,52.59,Central,False
2021-07-30,0.0,Central,False
2021-07-31,0.0,Central,False
2021-08-01,0.0,Central,False
2021-08-02,0.0,Central,False
2021-08-03,72.65,Central,False
2021-08-04,494.87,Central,False
2021-08-05,241.34,Central,False
2021-08-06,0.0,Central,False
2021-08-07,1334.03,Central,False
2021-08-08,139.69,Central,False
2021-08-09,0.0,Central,False
2021-08-10,0.0,Central,False
2021-08-11,11.36,Central,False
2021-08-12,0.0,Central,False
2021-08-13,0.0,Central,False
2021-08-14,0.0,Central,False
2021-08-15,0.0,Central,False
2021-08-16,0.0,Central,False
2021-08-17,0.0,Central,False
2021-08-18,0.0,Central,False
2021-08-19,0.0,Central,False
2021-08-20,0.0,Central,False
2021-08-21,59.85,Central,False
2021-08-22,2645.02,Central,False
2021-08-23,31.78,Central,False
2021-08-24,0.0,Central,False
2021-08-25,0.0,Central,False
2021-08-26,4003.4,Central,False
2021-08-27,246.5,Central,False
2021-08-28,0.0,Central,False
2021-08-29,20.96,Central,False
2021-08-30,0.0,Central,False
2021-08-31,0.0,Central,False
2021-09-01,7.5,Central,False
2021-09-02,134.38,Central,False
2021-09-03,132.86,Central,False
2021-09-04,0.0,Central,False
2021-09-05,47.52,Central,False
2021-09-06,0.0,Central,False
2021-09-07,0.0,Central,False
2021-09-08,194.83,Central,False
2021-09-09,0.0,Central,False
2021-09-10,0.0,Central,False
2021-09-11,1894.05,Central,False
2021-09-12,25.9,Central,False
2021-09-13,215.18,Central,False
2021-09-14,0.0,Central,False
2021-09-15,28.53,Central,False
2021-09-16,0.0,Central,False
2021-09-17,0.0,Central,False
2021-09-18,2.81,Central,False
2021-09-19,1322.78,Central,False
2021-09-20,0.0,Central,False
2021-09-21,0.0,Central,False
2021-09-22,2245.28,Central,False
2021-09-23,128.74,Central,False
2021-09-24,1116.48,Central,False
2021-09-25,81.69,Central,False
2021-09-26,0.0,Central,False
2021-09-27,0.0,Central,False
2021-09-28,0.0,Central,False
2021-09-29,111.76,Central,False
2021-09-30,0.0,Central,False
2021-10-01,0.0,Central,False
2021-10-02,0.0,Central,False
2021-10-03,0.0,Central,False
2021-10-04,0.0,Central,False
2021-10-05,0.0,Central,False
2021-10-06,76.22,Central,False
2021-10-07,1396.35,Central,False
2021-10-08,8.02,Central,False
2021-10-09,0.0,Central,False
2021-10-10,412.24,Central,False
2021-10-11,0.0,Central,False
2021-10-12,0.0,Central,False
2021-10-13,3219.55,Central,False
2021-10-14,0.0,Central,False
2021-10-15,0.0,Central,False
2021-10-16,100.86,Central,False
2021-10-17,189.95,Central,False
2021-10-18,0.0,Central,False
2021-10-19,0.0,Central,False
2021-10-20,5.18,Central,False
2021-10-21,733.47,Central,False
2021-10-22,376.87,Central,False
2021-10-23,0.0,Central,False
2021-10-24,0.0,Central,False
2021-10-25,0.0,Central,False
2021-10-26,0.0,Central,False
2021-10-27,0.0,Central,False
2021-10-28,299.9,Central,False
2021-10-29,70.12,Central,False
2021-10-30,0.0,Central,False
2021-10-31,374.07,Central,False
2021-11-01,6.61,Central,False
2021-11-02,0.0,Central,False
2021-11-03,19.82,Central,False
2021-11-04,0.0,Central,False
2021-11-05,747.64,Central,False
2021-11-06,274.44,Central,False
2021-11-07,1095.9,Central,False
2021-11-08,2879.42,Central,False
2021-11-09,542.18,Central,False
2021-11-10,304.22,Central,False
2021-11-11,842.32,Central,False
2021-11-12,0.0,Central,False
2021-11-13,270.35,Central,False
2021-11-14,2528.99,Central,False
2021-11-15,2012.38,Central,False
2021-11-16,0.0,Central,False
2021-11-17,0.0,Central,False
2021-11-18,479.99,Central,False
2021-11-19,1245.54,Central,False
2021-11-20,305.48,Central,False
2021-11-21,386.49,Central,False
2021-11-22,0.0,Central,False
2021-11-23,0.0,Central,False
2021-11-24,599.99,Central,False
2021-11-25,0.0,Central,False
2021-11-26,1283.8,Central,False
2021-11-27,2699.56,Central,False
2021-11-28,3.88,Central,False
2021-11-29,48.31,Central,False
2021-11-30,0.0,Central,False
2021-12-01,0.0,Central,False
2021-12-02,85.96,Central,False
2021-12-03,210.06,Central,False
2021-12-04,1002.75,Central,False
2021-12-05,0.0,Central,False
2021-12-06,2199.07,Central,False
2021-12-07,34.02,Central,False
2021-12-08,1053.52,Central,False
2021-12-09,530.54,Central,False
2021-12-10,22.37,Central,False
2021-12-11,0.0,Central,False
2021-12-12,0.0,Central,False
2021-12-13,0.0,Central,False
2021-12-14,0.0,Central,False
2021-12-15,1468.3,Central,False
2021-12-16,0.0,Central,False
2021-12-17,312.23,Central,False
2021-12-18,964.61,Central,False
2021-12-19,1349.63,Central,False
2021-12-20,17.12,Central,False
2021-12-21,0.0,Central,False
2021-12-22,4909.61,Central,False
2021-12-23,255.58,Central,False
2021-12-24,275.06,Central,False
2021-12-25,1677.17,Central,False
2021-12-26,24.82,Central,False
2021-12-27,0.0,Central,False
2021-12-28,0.0,Central,False
2021-12-29,296.89,Central,False
2021-12-30,0.0,Central,False
2021-12-31,0.0,Central,False
2022-01-01,1981.37,Central,False
2022-01-02,0.0,Central,False
2022-01-03,0.0,Central,False
2022-01-04,0.0,Central,False
2022-01-05,49.0,Central,False
2022-01-06,1671.93,Central,False
2022-01-07,0.0,Central,False
2022-01-08,0.0,Central,False
2022-01-09,0.0,Central,False
2022-01-10,0.0,Central,False
2022-01-11,0.0,Central,False
2022-01-12,0.0,Central,False
2022-01-13,0.0,Central,False
2022-01-14,0.0,Central,False
2022-01-15,0.0,Central,False
2022-01-16,0.0,Central,False
2022-01-17,0.0,Central,False
2022-01-18,0.0,Central,False
2022-01-19,0.0,Central,False
2022-01-20,0.0,Central,False
2022-01-21,0.0,Central,False
2022-01-22,0.0,Central,False
2022-01-23,0.0,Central,False
2022-01-24,0.0,Central,False
2022-01-25,0.0,Central,False
2022-01-26,0.0,Central,False
2022-01-27,0.0,Central,False
2022-01-28,2224.31,Central,False
2022-01-29,15.55,Central,False
2022-01-30,0.0,Central,False
2022-01-31,73.78,Central,False
2022-02-01,0.0,Central,False
2022-02-02,0.0,Central,False
2022-02-03,0.0,Central,False
2022-02-04,0.0,Central,False
2022-02-05,0.0,Central,False
2022-02-06,241.5,Central,False
2022-02-07,0.0,Central,False
2022-02-08,0.0,Central,False
2022-02-09,69.93,Central,False
2022-02-10,0.0,Central,False
2022-02-11,0.0,Central,False
2022-02-12,0.0,Central,False
2022-02-13,0.0,Central,False
2022-02-14,167.18,Central,False
2022-02-15,0.0,Central,False
2022-02-16,0.0,Central,False
2022-02-17,0.0,Central,False
2022-02-18,0.0,Central,False
2022-02-19,0.0,Central,False
2022-02-20,490.32,Central,False
2022-02-21,0.0,Central,False
2022-02-22,0.0,Central,False
2022-02-23,0.0,Central,False
2022-02-24,0.0,Central,False
2022-02-25,73.01,Central,False
2022-02-26,0.0,Central,False
2022-02-27,0.0,Central,False
2022-02-28,0.0,Central,False
2022-03-01,0.0,Central,False
2022-03-02,6109.54,Central,False
2022-03-03,128.4,Central,False
2022-03-04,162.34,Central,False
2022-03-05,309.08,Central,False
2022-03-06,21.07,Central,False
2022-03-07,404.21,Central,False
2022-03-08,0.0,Central,False
2022-03-09,0.0,Central,False
2022-03-10,63.44,Central,False
2022-03-11,0.0,Central,False
2022-03-12,628.94,Central,False
2022-03-13,408.79,Central,False
2022-03-14,550.82,Central,False
2022-03-15,0.0,Central,False
2022-03-16,0.0,Central,False
2022-03-17,0.0,Central,False
2022-03-18,0.0,Central,False
2022-03-19,709.15,Central,False
2022-03-20,645.7,Central,False
2022-03-21,0.0,Central,False
2022-03-22,0.0,Central,False
2022-03-23,22.48,Central,False
2022-03-24,1287.45,Central,False
2022-03-25,0.0,Central,False
2022-03-26,0.0,Central,False
2022-03-27,0.0,Central,False
2022-03-28,1702.39,Central,False
2022-03-29,0.0,Central,False
2022-03-30,0.0,Central,False
2022-03-31,12.99,Central,False
2022-04-01,1454.9,Central,False
2022-04-02,341.35,Central,False
2022-04-03,0.0,Central,False
2022-04-04,158.37,Central,False
2022-04-05,0.0,Central,False
2022-04-06,0.0,Central,False
2022-04-07,1616.7,Central,False
2022-04-08,523.18,Central,False
2022-04-09,13.57,Central,False
2022-04-10,0.0,Central,False
2022-04-11,0.0,Central,False
2022-04-12,0.0,Central,False
2022-04-13,0.0,Central,False
2022-04-14,41.53,Central,False
2022-04-15,0.0,Central,False
2022-04-16,29.05,Central,False
2022-04-17,2267.23,Central,False
2022-04-18,0.0,Central,False
2022-04-19,0.0,Central,False
2022-04-20,195.98,Central,False
2022-04-21,110.57,Central,False
2022-04-22,0.0,Central,False
2022-04-23,258.7,Central,False
2022-04-24,0.0,Central,False
2022-04-25,0.0,Central,False
2022-04-26,0.0,Central,False
2022-04-27,415.63,Central,False
2022-04-28,0.0,Central,False
2022-04-29,22.61,Central,False
2022-04-30,0.0,Central,False
2022-05-01,489.74,Central,False
2022-05-02,55.97,Central,False
2022-05-03,0.0,Central,False
2022-05-04,0.0,Central,False
2022-05-05,83.87,Central,False
2022-05-06,0.0,Central,False
2022-05-07,0.0,Central,False
2022-05-08,1032.93,Central,False
2022-05-09,7.07,Central,False
2022-05-10,0.0,Central,False
2022-05-11,0.0,Central,False
2022-05-12,0.0,Central,False
2022-05-13,0.0,Central,False
2022-05-14,0.0,Central,False
2022-05-15,0.0,Central,False
2022-05-16,63.93,Central,False
2022-05-17,0.0,Central,False
2022-05-18,21.4,Central,False
2022-05-19,0.0,Central,False
2022-05-20,88.42,Central,False
2022-05-21,0.0,Central,False
2022-05-22,1979.93,Central,False
2022-05-23,0.0,Central,False
2022-05-24,0.0,Central,False
2022-05-25,504.08,Central,False
2022-05-26,5291.7,Central,False
2022-05-27,286.4,Central,False
2022-05-28,0.0,Central,False
2022-05-29,1586.53,Central,False
2022-05-30,252.01,Central,False
2022-05-31,0.0,Central,False
2022-06-01,0.0,Central,False
2022-06-02,0.0,Central,False
2022-06-03,677.95,Central,False
2022-06-04,0.0,Central,False
2022-06-05,328.22,Central,False
2022-06-06,0.0,Central,False
2022-06-07,0.0,Central,False
2022-06-08,692.94,Central,False
2022-06-09,0.0,Central,False
2022-06-10,22.15,Central,False
2022-06-11,1891.19,Central,False
2022-06-12,396.87,Central,False
2022-06-13,0.0,Central,False
2022-06-14,173.49,Central,False
2022-06-15,0.0,Central,False
2022-06-16,0.0,Central,False
2022-06-17,76.86,Central,False
2022-06-18,0.0,Central,False
2022-06-19,170.93,Central,False
2022-06-20,0.84,Central,False
2022-06-21,0.0,Central,False
2022-06-22,0.0,Central,False
2022-06-23,449.62,Central,False
2022-06-24,117.96,Central,False
2022-06-25,566.89,Central,False
2022-06-26,577.12,Central,False
2022-06-27,359.98,Central,False
2022-06-28,0.0,Central,False
2022-06-29,50.12,Central,False
2022-06-30,0.0,Central,False
2022-07-01,569.9,Central,False
2022-07-02,0.0,Central,False
2022-07-03,0.0,Central,False
2022-07-04,0.0,Central,False
2022-07-05,0.0,Central,False
2022-07-06,339.98,Central,False
2022-07-07,911.26,Central,False
2022-07-08,0.0,Central,False
2022-07-09,492.28,Central,False
2022-07-10,0.0,Central,False
2022-07-11,0.0,Central,False
2022-07-12,0.0,Central,False
2022-07-13,639.78,Central,False
2022-07-14,0.0,Central,False
2022-07-15,66.79,Central,False
2022-07-16,589.52,Central,False
2022-07-17,15.58,Central,False
2022-07-18,0.0,Central,False
2022-07-19,0.0,Central,False
2022-07-20,0.0,Central,False
2022-07-21,1137.4,Central,False
2022-07-22,330.2,Central,False
2022-07-23,0.0,Central,False
2022-07-24,977.83,Central,False
2022-07-25,0.0,Central,False
2022-07-26,0.0,Central,False
2022-07-27,457.78,Central,False
2022-07-28,0.0,Central,False
2022-07-29,1055.13,Central,False
2022-07-30,1311.03,Central,False
2022-07-31,19.65,Central,False
2022-08-01,0.0,Central,False
2022-08-02,248.82,Central,False
2022-08-03,3.98,Central,False
2022-08-04,0.0,Central,False
2022-08-05,0.0,Central,False
2022-08-06,0.0,Central,False
2022-08-07,75.68,Central,False
2022-08-08,0.0,Central,False
2022-08-09,0.0,Central,False
2022-08-10,151.82,Central,False
2022-08-11,1406.42,Central,False
2022-08-12,494.78,Central,False
2022-08-13,0.0,Central,False
2022-08-14,0.0,Central,False
2022-08-15,0.0,Central,False
2022-08-16,0.0,Central,False
2022-08-17,100.8,Central,False
2022-08-18,0.0,Central,False
2022-08-19,14.78,Central,False
2022-08-20,0.0,Central,False
2022-08-21,4.31,Central,False
2022-08-22,1496.05,Central,False
2022-08-23,0.0,Central,False
2022-08-24,0.0,Central,False
2022-08-25,2390.65,Central,False
2022-08-26,208.92,Central,False
2022-08-27,179.53,Central,False
2022-08-28,162.39,Central,False
2022-08-29,0.0,Central,False
2022-08-30,23.97,Central,False
2022-08-31,477.5,Central,False
2022-09-01,1689.82,Central,False
2022-09-02,346.0,Central,False
2022-09-03,898.21,Central,False
2022-09-04,1635.84,Central,False
2022-09-05,460.16,Central,False
2022-09-06,0.0,Central,False
2022-09-07,3366.88,Central,False
2022-09-08,15.01,Central,False
2022-09-09,1020.89,Central,False
2022-09-10,332.23,Central,False
2022-09-11,68.52,Central,False
2022-09-12,2374.73,Central,False
2022-09-13,0.0,Central,False
2022-09-14,0.0,Central,False
2022-09-15,0.0,Central,False
2022-09-16,33.4,Central,False
2022-09-17,0.0,Central,False
2022-09-18,703.68,Central,False
2022-09-19,83.7,Central,False
2022-09-20,0.0,Central,False
2022-09-21,188.38,Central,False
2022-09-22,0.0,Central,False
2022-09-23,583.18,Central,False
2022-09-24,789.53,Central,False
2022-09-25,1336.92,Central,False
2022-09-26,956.66,Central,False
2022-09-27,99.14,Central,False
2022-09-28,40.88,Central,False
2022-09-29,1.96,Central,False
2022-09-30,219.61,Central,False
2022-10-01,18336.74,Central,False
2022-10-02,53.73,Central,False
2022-10-03,59.75,Central,False
2022-10-04,0.0,Central,False
2022-10-05,28.85,Central,False
2022-10-06,0.0,Central,False
2022-10-07,111.85,Central,False
2022-10-08,0.0,Central,False
2022-10-09,30.39,Central,False
2022-10-10,33.06,Central,False
2022-10-11,0.0,Central,False
2022-10-12,362.35,Central,False
2022-10-13,1649.75,Central,False
2022-10-14,1058.27,Central,False
2022-10-15,0.0,Central,False
2022-10-16,2377.56,Central,False
2022-10-17,0.0,Central,False
2022-10-18,0.0,Central,False
2022-10-19,471.5,Central,False
2022-10-20,106.08,Central,False
2022-10-21,31.4,Central,False
2022-10-22,70.98,Central,False
2022-10-23,15.55,Central,False
2022-10-24,0.0,Central,False
2022-10-25,0.0,Central,False
2022-10-26,0.0,Central,False
2022-10-27,0.0,Central,False
2022-10-28,67.0,Central,False
2022-10-29,11.68,Central,False
2022-10-30,736.26,Central,False
2022-10-31,179.78,Central,False
2022-11-01,0.0,Central,False
2022-11-02,112.45,Central,False
2022-11-03,77.49,Central,False
2022-11-04,2216.07,Central,False
2022-11-05,0.0,Central,False
2022-11-06,358.55,Central,False
2022-11-07,0.0,Central,False
2022-11-08,0.0,Central,False
2022-11-09,963.14,Central,False
2022-11-10,3094.99,Central,False
2022-11-11,405.89,Central,False
2022-11-12,33.5,Central,False
2022-11-13,2.3,Central,False
2022-11-14,0.0,Central,False
2022-11-15,0.0,Central,False
2022-11-16,82.41,Central,False
2022-11-17,1749.86,Central,False
2022-11-18,351.63,Central,False
2022-11-19,1887.7,Central,False
2022-11-20,586.98,Central,False
2022-11-21,109.89,Central,False
2022-11-22,0.0,Central,False
2022-11-23,1184.77,Central,False
2022-11-24,1745.91,Central,False
2022-11-25,17.86,Central,False
2022-11-26,514.62,Central,False
2022-11-27,0.0,Central,False
2022-11-28,300.6,Central,False
2022-11-29,933.95,Central,False
2022-11-30,386.56,Central,False
2022-12-01,928.52,Central,False
2022-12-02,611.94,Central,False
2022-12-03,0.0,Central,False
2022-12-04,2673.3,Central,False
2022-12-05,0.0,Central,False
2022-12-06,0.0,Central,False
2022-12-07,2489.28,Central,False
2022-12-08,275.3,Central,False
2022-12-09,1424.9,Central,False
2022-12-10,0.0,Central,False
2022-12-11,732.17,Central,False
2022-12-12,63.88,Central,False
2022-12-13,0.0,Central,False
2022-12-14,1949.31,Central,False
2022-12-15,4.79,Central,False
2022-12-16,10110.18,Central,False
2022-12-17,582.78,Central,False
2022-12-18,1.8,Central,False
2022-12-19,33.9,Central,False
2022-12-20,0.0,Central,False
2022-12-21,0.0,Central,False
2022-12-22,1087.25,Central,False
2022-12-23,0.0,Central,False
2022-12-24,0.0,Central,False
2022-12-25,0.0,Central,False
2022-12-26,879.54,Central,False
2022-12-27,0.0,Central,False
2022-12-28,1093.02,Central,False
2022-12-29,6.92,Central,False
2022-12-30,0.0,Central,False
2022-12-31,958.5,Central,False
2023-01-01,1322.74,Central,False
2023-01-02,0.0,Central,False
2023-01-03,0.0,Central,False
2023-01-04,0.0,Central,False
2023-01-05,0.0,Central,False
2023-01-06,3059.98,Central,False
2023-01-07,0.0,Central,False
2023-01-08,0.0,Central,False
2023-01-09,0.0,Central,False
2023-01-10,0.0,Central,False
2023-01-11,760.98,Central,False
2023-01-12,4619.33,Central,False
2023-01-13,358.7,Central,False
2023-01-14,147.63,Central,False
2023-01-15,5802.7,Central,False
2023-01-16,0.0,Central,False
2023-01-17,0.0,Central,False
2023-01-18,6.0,Central,False
2023-01-19,11.52,Central,False
2023-01-20,1508.41,Central,False
2023-01-21,22.99,Central,False
2023-01-22,210.98,Central,False
2023-01-23,0.0,Central,False
2023-01-24,0.0,Central,False
2023-01-25,18.16,Central,False
2023-01-26,0.0,Central,False
2023-01-27,279.9,Central,False
2023-01-28,148.33,Central,False
2023-01-29,2453.79,Central,False
2023-01-30,0.0,Central,False
2023-01-31,0.0,Central,False
2023-02-01,0.0,Central,False
2023-02-02,512.36,Central,False
2023-02-03,0.0,Central,False
2023-02-04,251.11,Central,False
2023-02-05,0.0,Central,False
2023-02-06,0.0,Central,False
2023-02-07,0.0,Central,False
2023-02-08,397.73,Central,False
2023-02-09,0.0,Central,False
2023-02-10,0.0,Central,False
2023-02-11,0.0,Central,False
2023-02-12,90.64,Central,False
2023-02-13,0.0,Central,False
2023-02-14,0.0,Central,False
2023-02-15,705.0,Central,False
2023-02-16,1308.6,Central,False
2023-02-17,0.0,Central,False
2023-02-18,0.0,Central,False
2023-02-19,19.67,Central,False
2023-02-20,47.9,Central,False
2023-02-21,0.0,Central,False
2023-02-22,0.0,Central,False
2023-02-23,0.0,Central,False
2023-02-24,1.79,Central,False
2023-02-25,0.0,Central,False
2023-02-26,0.0,Central,False
2023-02-27,0.0,Central,False
2023-02-28,0.0,Central,False
2023-03-01,19.76,Central,False
2023-03-02,307.84,Central,False
2023-03-03,204.25,Central,False
2023-03-04,400.77,Central,False
2023-03-05,68.42,Central,False
2023-03-06,0.0,Central,False
2023-03-07,0.0,Central,False
2023-03-08,0.0,Central,False
2023-03-09,933.41,Central,False
2023-03-10,895.92,Central,False
2023-03-11,0.0,Central,False
2023-03-12,1366.86,Central,False
2023-03-13,49.62,Central,False
2023-03-14,0.0,Central,False
2023-03-15,0.0,Central,False
2023-03-16,24.05,Central,False
2023-03-17,857.39,Central,False
2023-03-18,0.0,Central,False
2023-03-19,333.67,Central,False
2023-03-20,2089.06,Central,False
2023-03-21,0.0,Central,False
2023-03-22,143.73,Central,False
2023-03-23,12.77,Central,False
2023-03-24,2463.75,Central,False
2023-03-25,2798.51,Central,False
2023-03-26,1875.13,Central,False
2023-03-27,0.0,Central,False
2023-03-28,81.4,Central,False
2023-03-29,325.86,Central,False
2023-03-30,252.42,Central,False
2023-03-31,122.6,Central,False
2023-04-01,0.0,Central,False
2023-04-02,7.06,Central,False
2023-04-03,383.84,Central,False
2023-04-04,0.0,Central,False
2023-04-05,106.32,Central,False
2023-04-06,0.0,Central,False
2023-04-07,580.86,Central,False
2023-04-08,478.24,Central,False
2023-04-09,106.11,Central,False
2023-04-10,11.36,Central,False
2023-04-11,0.0,Central,False
2023-04-12,0.0,Central,False
2023-04-13,8.76,Central,False
2023-04-14,20.74,Central,False
2023-04-15,78.01,Central,False
2023-04-16,195.14,Central,False
2023-04-17,0.0,Central,False
2023-04-18,0.0,Central,False
2023-04-19,575.2,Central,False
2023-04-20,171.6,Central,False
2023-04-21,0.0,Central,False
2023-04-22,155.34,Central,False
2023-04-23,83.21,Central,False
2023-04-24,0.0,Central,False
2023-04-25,1.99,Central,False
2023-04-26,253.39,Central,False
2023-04-27,0.0,Central,False
2023-04-28,0.0,Central,False
2023-04-29,43.37,Central,False
2023-04-30,0.0,Central,False
2023-05-01,0.0,Central,False
2023-05-02,0.0,Central,False
2023-05-03,0.0,Central,False
2023-05-04,0.0,Central,False
2023-05-05,2014.32,Central,False
2023-05-06,2049.53,Central,False
2023-05-07,41.47,Central,False
2023-05-08,0.0,Central,False
2023-05-09,0.0,Central,False
2023-05-10,94.52,Central,False
2023-05-11,162.16,Central,False
2023-05-12,2229.18,Central,False
2023-05-13,1078.43,Central,False
2023-05-14,67.82,Central,False
2023-05-15,0.0,Central,False
2023-05-16,0.0,Central,False
2023-05-17,907.3,Central,False
2023-05-18,147.23,Central,False
2023-05-19,932.81,Central,False
2023-05-20,0.0,Central,False
2023-05-21,205.92,Central,False
2023-05-22,70.15,Central,False
2023-05-23,0.0,Central,False
2023-05-24,50.14,Central,False
2023-05-25,0.0,Central,False
2023-05-26,477.3,Central,False
2023-05-27,164.8,Central,False
2023-05-28,691.1,Central,False
2023-05-29,204.67,Central,False
2023-05-30,0.0,Central,False
2023-05-31,4526.22,Central,False
2023-06-01,10.69,Central,False
2023-06-02,0.0,Central,False
2023-06-03,45.35,Central,False
2023-06-04,470.38,Central,False
2023-06-05,0.0,Central,False
2023-06-06,0.0,Central,False
2023-06-07,504.2,Central,False
2023-06-08,890.02,Central,False
2023-06-09,132.52,Central,False
2023-06-10,0.0,Central,False
2023-06-11,8.86,Central,False
2023-06-12,683.02,Central,False
2023-06-13,0.0,Central,False
2023-06-14,166.45,Central,False
2023-06-15,5.94,Central,False
2023-06-16,23.88,Central,False
2023-06-17,74.35,Central,False
2023-06-18,778.02,Central,False
2023-06-19,0.0,Central,False
2023-06-20,0.0,Central,False
2023-06-21,491.0,Central,False
2023-06-22,0.0,Central,False
2023-06-23,193.26,Central,False
2023-06-24,148.48,Central,False
2023-06-25,1090.83,Central,False
2023-06-26,20.07,Central,False
2023-06-27,0.0,Central,False
2023-06-28,1118.36,Central,False
2023-06-29,1584.86,Central,False
2023-06-30,639.83,Central,False
2023-07-01,169.19,Central,False
2023-07-02,1039.0,Central,False
2023-07-03,0.0,Central,False
2023-07-04,476.35,Central,False
2023-07-05,0.0,Central,False
2023-07-06,0.0,Central,False
2023-07-07,0.0,Central,False
2023-07-08,822.67,Central,False
2023-07-09,298.46,Central,False
2023-07-10,30.32,Central,False
2023-07-11,0.0,Central,False
2023-07-12,373.94,Central,False
2023-07-13,0.0,Central,False
2023-07-14,0.0,Central,False
2023-07-15,2.91,Central,False
2023-07-16,0.0,Central,False
2023-07-17,0.0,Central,False
2023-07-18,0.0,Central,False
2023-07-19,1922.16,Central,False
2023-07-20,223.56,Central,False
2023-07-21,526.34,Central,False
2023-07-22,756.23,Central,False
2023-07-23,0.0,Central,False
2023-07-24,318.35,Central,False
2023-07-25,0.0,Central,False
2023-07-26,0.0,Central,False
2023-07-27,0.0,Central,False
2023-07-28,1063.43,Central,False
2023-07-29,0.0,Central,False
2023-07-30,210.19,Central,False
2023-07-31,1572.25,Central,False
2023-08-01,0.0,Central,False
2023-08-02,223.19,Central,False
2023-08-03,3.32,Central,False
2023-08-04,489.92,Central,False
2023-08-05,115.3,Central,False
2023-08-06,301.57,Central,False
2023-08-07,0.0,Central,False
2023-08-08,0.0,Central,False
2023-08-09,1823.07,Central,False
2023-08-10,205.28,Central,False
2023-08-11,0.0,Central,False
2023-08-12,0.0,Central,False
2023-08-13,0.0,Central,False
2023-08-14,50.4,Central,False
2023-08-15,0.0,Central,False
2023-08-16,143.8,Central,False
2023-08-17,228.18,Central,False
2023-08-18,2.3,Central,False
2023-08-19,0.0,Central,False
2023-08-20,87.52,Central,False
2023-08-21,0.0,Central,False
2023-08-22,0.0,Central,False
2023-08-23,0.0,Central,False
2023-08-24,0.0,Central,False
2023-08-25,118.68,Central,False
2023-08-26,5.95,Central,False
2023-08-27,165.47,Central,False
2023-08-28,78.04,Central,False
2023-08-29,0.0,Central,False
2023-08-30,638.73,Central,False
2023-08-31,498.26,Central,False
2023-09-01,3779.15,Central,False
2023-09-02,260.72,Central,False
2023-09-03,920.31,Central,False
2023-09-04,0.0,Central,False
2023-09-05,0.0,Central,False
2023-09-06,1913.25,Central,False
2023-09-07,1514.7,Central,False
2023-09-08,27.34,Central,False
2023-09-09,1718.68,Central,False
2023-09-10,555.09,Central,False
2023-09-11,0.0,Central,False
2023-09-12,0.0,Central,False
2023-09-13,19.05,Central,False
2023-09-14,387.59,Central,False
2023-09-15,73.56,Central,False
2023-09-16,1749.9,Central,False
2023-09-17,210.04,Central,False
2023-09-18,0.0,Central,False
2023-09-19,0.0,Central,False
2023-09-20,20.16,Central,False
2023-09-21,732.31,Central,False
2023-09-22,435.11,Central,False
2023-09-23,1863.7,Central,False
2023-09-24,278.23,Central,False
2023-09-25,0.0,Central,False
2023-09-26,0.0,Central,False
2023-09-27,1.74,Central,False
2023-09-28,372.45,Central,False
2023-09-29,11.65,Central,False
2023-09-30,111.52,Central,False
2023-10-01,312.85,Central,False
2023-10-02,1814.62,Central,False
2023-10-03,0.0,Central,False
2023-10-04,0.0,Central,False
2023-10-05,309.49,Central,False
2023-10-06,89.76,Central,False
2023-10-07,0.0,Central,False
2023-10-08,1040.3,Central,False
2023-10-09,239.36,Central,False
2023-10-10,0.0,Central,False
2023-10-11,1466.37,Central,False
2023-10-12,170.57,Central,False
2023-10-13,40.86,Central,False
2023-10-14,0.0,Central,False
2023-10-15,0.0,Central,False
2023-10-16,0.0,Central,False
2023-10-17,0.0,Central,False
2023-10-18,467.9,Central,False
2023-10-19,0.0,Central,False
2023-10-20,2695.86,Central,False
2023-10-21,618.51,Central,False
2023-10-22,1175.61,Central,False
2023-10-23,517.41,Central,False
2023-10-24,0.0,Central,False
2023-10-25,81.77,Central,False
2023-10-26,58.53,Central,False
2023-10-27,65.73,Central,False
2023-10-28,0.0,Central,False
2023-10-29,321.39,Central,False
2023-10-30,523.93,Central,False
2023-10-31,0.0,Central,False
2023-11-01,196.02,Central,False
2023-11-02,75.9,Central,False
2023-11-03,89.52,Central,False
2023-11-04,748.95,Central,False
2023-11-05,90.25,Central,False
2023-11-06,38.16,Central,False
2023-11-07,0.0,Central,False
2023-11-08,0.0,Central,False
2023-11-09,341.96,Central,False
2023-11-10,335.48,Central,False
2023-11-11,1035.52,Central,False
2023-11-12,507.49,Central,False
2023-11-13,250.26,Central,False
2023-11-14,0.0,Central,False
2023-11-15,0.0,Central,False
2023-11-16,567.69,Central,False
2023-11-17,346.21,Central,False
2023-11-18,3375.34,Central,False
2023-11-19,22.0,Central,False
2023-11-20,55.18,Central,False
2023-11-21,35.71,Central,False
2023-11-22,1016.17,Central,False
2023-11-23,57.87,Central,False
2023-11-24,1742.23,Central,False
2023-11-25,3281.85,Central,False
2023-11-26,846.89,Central,False
2023-11-27,0.0,Central,False
2023-11-28,0.0,Central,False
2023-11-29,98.35,Central,False
2023-11-30,923.33,Central,False
2023-12-01,2795.49,Central,False
2023-12-02,23.96,Central,False
2023-12-03,613.12,Central,False
2023-12-04,199.73,Central,False
2023-12-05,0.0,Central,False
2023-12-06,1909.09,Central,False
2023-12-07,1816.36,Central,False
2023-12-08,1412.47,Central,False
2023-12-09,34.5,Central,False
2023-12-10,738.93,Central,False
2023-12-11,0.0,Central,False
2023-12-12,0.0,Central,False
2023-12-13,1714.85,Central,False
2023-12-14,10.19,Central,False
2023-12-15,10.8,Central,False
2023-12-16,127.0,Central,False
2023-12-17,129.29,Central,False
2023-12-18,0.0,Central,False
2023-12-19,0.0,Central,False
2023-12-20,391.26,Central,False
2023-12-21,3869.67,Central,False
2023-12-22,247.69,Central,False
2023-12-23,264.32,Central,False
2023-12-24,160.16,Central,False
2023-12-25,811.46,Central,False
2023-12-26,0.0,Central,False
2023-12-27,260.38,Central,False
2023-12-28,209.7,Central,False
2023-12-29,209.3,Central,False
2023-12-30,528.4261383340897,Central,True
2023-12-31,490.45852455582286,Central,True
2024-01-01,275.3098513025366,Central,True
2024-01-02,74.67463570789238,Central,True
2024-01-03,449.40725184376754,Central,True
2024-01-04,455.2546746707558,Central,True
2024-01-05,535.5471964923903,Central,True
2024-01-06,528.4294361253557,Central,True
2024-01-07,490.4618037853903,Central,True
2024-01-08,275.3131120748804,Central,True
2024-01-09,74.6778781268996,Central,True
2024-01-10,449.41047601274033,Central,True
2024-01-11,455.25788069241486,Central,True
2024-01-12,535.5503844688783,Central,True
2020-01-04,19.54,East,False
2020-01-05,0.0,East,False
2020-01-06,0.0,East,False
2020-01-07,0.0,East,False
2020-01-08,0.0,East,False
2020-01-09,0.0,East,False
2020-01-10,9.94,East,False
2020-01-11,0.0,East,False
2020-01-12,40.85,East,False
2020-01-13,61.96,East,False
2020-01-14,0.0,East,False
2020-01-15,299.96,East,False
2020-01-16,0.0,East,False
2020-01-17,0.0,East,False
2020-01-18,0.0,East,False
2020-01-19,0.0,East,False
2020-01-20,0.0,East,False
2020-01-21,0.0,East,False
2020-01-22,0.0,East,False
2020-01-23,0.0,East,False
2020-01-24,0.0,East,False
2020-01-25,0.0,East,False
2020-01-26,0.0,East,False
2020-01-27,3.93,East,False
2020-01-28,0.0,East,False
2020-01-29,0.0,East,False
2020-01-30,0.0,East,False
2020-01-31,0.0,East,False
2020-02-01,0.0,East,False
2020-02-02,0.0,East,False
2020-02-03,0.0,East,False
2020-02-04,0.0,East,False
2020-02-05,0.0,East,False
2020-02-06,180.32,East,False
2020-02-07,0.0,East,False
2020-02-08,0.0,East,False
2020-02-09,0.0,East,False
2020-02-10,0.0,East,False
2020-02-11,0.0,East,False
2020-02-12,0.0,East,False
2020-02-13,0.0,East,False
2020-02-14,0.0,East,False
2020-02-15,0.0,East,False
2020-02-16,0.0,East,False
2020-02-17,0.0,East,False
2020-02-18,0.0,East,False
2020-02-19,0.0,East,False
2020-02-20,0.0,East,False
2020-02-21,0.0,East,False
2020-02-22,0.0,East,False
2020-02-23,0.0,East,False
2020-02-24,0.0,East,False
2020-02-25,0.0,East,False
2020-02-26,19.46,East,False
2020-02-27,0.0,East,False
2020-02-28,5.94,East,False
2020-02-29,202.38,East,False
2020-03-01,523.31,East,False
2020-03-02,0.0,East,False
2020-03-03,705.56,East,False
2020-03-04,0.0,East,False
2020-03-05,0.0,East,False
2020-03-06,0.0,East,False
2020-03-07,0.0,East,False
2020-03-08,0.0,East,False
2020-03-09,127.7,East,False
2020-03-10,0.0,East,False
2020-03-11,0.0,East,False
2020-03-12,0.0,East,False
2020-03-13,0.0,East,False
2020-03-14,0.0,East,False
2020-03-15,3581.76,East,False
2020-03-16,0.0,East,False
2020-03-17,0.0,East,False
2020-03-18,0.0,East,False
2020-03-19,13.46,East,False
2020-03-20,0.0,East,False
2020-03-21,0.0,East,False
2020-03-22,24.9,East,False
2020-03-23,366.79,East,False
2020-03-24,0.0,East,False
2020-03-25,0.0,East,False
2020-03-26,330.59,East,False
2020-03-27,0.0,East,False
2020-03-28,60.15,East,False
2020-03-29,0.85,East,False
2020-03-30,73.2,East,False
2020-03-31,0.0,East,False
2020-04-01,0.0,East,False
2020-04-02,0.0,East,False
2020-04-03,55.48,East,False
2020-04-04,326.75,East,False
2020-04-05,0.0,East,False
2020-04-06,172.11,East,False
2020-04-07,0.0,East,False
2020-04-08,0.0,East,False
2020-04-09,0.0,East,False
2020-04-10,0.0,East,False
2020-04-11,638.58,East,False
2020-04-12,0.0,East,False
2020-04-13,0.0,East,False
2020-04-14,0.0,East,False
2020-04-15,0.0,East,False
2020-04-16,0.0,East,False
2020-04-17,0.0,East,False
2020-04-18,0.0,East,False
2020-04-19,0.0,East,False
2020-04-20,257.75,East,False
2020-04-21,595.07,East,False
2020-04-22,0.0,East,False
2020-04-23,0.0,East,False
2020-04-24,0.0,East,False
2020-04-25,0.0,East,False
2020-04-26,898.52,East,False
2020-04-27,37.44,East,False
2020-04-28,0.0,East,False
2020-04-29,0.0,East,False
2020-04-30,26.14,East,False
2020-05-01,51.08,East,False
2020-05-02,27.46,East,False
2020-05-03,0.0,East,False
2020-05-04,0.0,East,False
2020-05-05,1091.35,East,False
2020-05-06,1799.97,East,False
2020-05-07,0.0,East,False
2020-05-08,372.29,East,False
2020-05-09,35.91,East,False
2020-05-10,700.06,East,False
2020-05-11,0.0,East,False
2020-05-12,0.0,East,False
2020-05-13,0.0,East,False
2020-05-14,0.0,East,False
2020-05-15,0.0,East,False
2020-05-16,944.97,East,False
2020-05-17,0.0,East,False
2020-05-18,211.66,East,False
2020-05-19,711.68,East,False
2020-05-20,0.0,East,False
2020-05-21,310.8,East,False
2020-05-22,116.28,East,False
2020-05-23,14.62,East,False
2020-05-24,0.0,East,False
2020-05-25,0.0,East,False
2020-05-26,0.0,East,False
2020-05-27,0.0,East,False
2020-05-28,835.86,East,False
2020-05-29,0.0,East,False
2020-05-30,334.68,East,False
2020-05-31,0.0,East,False
2020-06-01,0.0,East,False
2020-06-02,456.27,East,False
2020-06-03,0.0,East,False
2020-06-04,1171.8,East,False
2020-06-05,0.0,East,False
2020-06-06,1745.36,East,False
2020-06-07,0.0,East,False
2020-06-08,0.0,East,False
2020-06-09,0.0,East,False
2020-06-10,0.0,East,False
2020-06-11,0.0,East,False
2020-06-12,0.0,East,False
2020-06-13,0.0,East,False
2020-06-14,115.95,East,False
2020-06-15,65.97,East,False
2020-06-16,0.0,East,False
2020-06-17,0.0,East,False
2020-06-18,0.0,East,False
2020-06-19,3645.53,East,False
2020-06-20,1106.77,East,False
2020-06-21,86.38,East,False
2020-06-22,0.0,East,False
2020-06-23,0.0,East,False
2020-06-24,0.0,East,False
2020-06-25,0.0,East,False
2020-06-26,1639.72,East,False
2020-06-27,46.68,East,False
2020-06-28,344.06,East,False
2020-06-29,0.0,East,False
2020-06-30,79.56,East,False
2020-07-01,0.0,East,False
2020-07-02,0.0,East,False
2020-07-03,0.0,East,False
2020-07-04,559.99,East,False
2020-07-05,241.2,East,False
2020-07-06,63.88,East,False
2020-07-07,0.0,East,False
2020-07-08,0.0,East,False
2020-07-09,1600.87,East,False
2020-07-10,0.0,East,False
2020-07-11,0.0,East,False
2020-07-12,168.46,East,False
2020-07-13,0.0,East,False
2020-07-14,0.0,East,False
2020-07-15,0.0,East,False
2020-07-16,13.9,East,False
2020-07-17,455.23,East,False
2020-07-18,53.34,East,False
2020-07-19,0.0,East,False
2020-07-20,165.94,East,False
2020-07-21,99.98,East,False
2020-07-22,0.0,East,False
2020-07-23,0.0,East,False
2020-07-24,0.0,East,False
2020-07-25,65.78,East,False
2020-07-26,0.0,East,False
2020-07-27,0.0,East,False
2020-07-28,0.0,East,False
2020-07-29,0.0,East,False
2020-07-30,5.68,East,False
2020-07-31,0.0,East,False
2020-08-01,163.62,East,False
2020-08-02,617.12,East,False
2020-08-03,1369.33,East,False
2020-08-04,199.98,East,False
2020-08-05,0.0,East,False
2020-08-06,0.0,East,False
2020-08-07,0.0,East,False
2020-08-08,0.0,East,False
2020-08-09,375.34,East,False
2020-08-10,196.21,East,False
2020-08-11,0.0,East,False
2020-08-12,0.0,East,False
2020-08-13,62.94,East,False
2020-08-14,853.09,East,False
2020-08-15,0.0,East,False
2020-08-16,0.0,East,False
2020-08-17,96.68,East,False
2020-08-18,0.0,East,False
2020-08-19,0.0,East,False
2020-08-20,3.91,East,False
2020-08-21,71.84,East,False
2020-08-22,25.95,East,False
2020-08-23,229.51,East,False
2020-08-24,190.01,East,False
2020-08-25,0.0,East,False
2020-08-26,0.0,East,False
2020-08-27,0.0,East,False
2020-08-28,121.24,East,False
2020-08-29,0.0,East,False
2020-08-30,380.74,East,False
2020-08-31,184.54,East,False
2020-09-01,14.4,East,False
2020-09-02,0.0,East,False
2020-09-03,264.32,East,False
2020-09-04,0.0,East,False
2020-09-05,917.04,East,False
2020-09-06,193.06,East,False
2020-09-07,2629.1,East,False
2020-09-08,336.82,East,False
2020-09-09,0.0,East,False
2020-09-10,3919.2,East,False
2020-09-11,275.51,East,False
2020-09-12,4744.01,East,False
2020-09-13,133.44,East,False
2020-09-14,33.55,East,False
2020-09-15,5.89,East,False
2020-09-16,0.0,East,False
2020-09-17,887.1,East,False
2020-09-18,4106.51,East,False
2020-09-19,104.76,East,False
2020-09-20,693.99,East,False
2020-09-21,242.16,East,False
2020-09-22,0.0,East,False
2020-09-23,0.0,East,False
2020-09-24,265.23,East,False
2020-09-25,87.54,East,False
2020-09-26,46.26,East,False
2020-09-27,3967.99,East,False
2020-09-28,859.59,East,False
2020-09-29,0.0,East,False
2020-09-30,0.0,East,False
2020-10-01,212.95,East,False
2020-10-02,589.41,East,False
2020-10-03,91.92,East,False
2020-10-04,83.92,East,False
2020-10-05,129.92,East,False
2020-10-06,123.92,East,False
2020-10-07,0.0,East,False
2020-10-08,120.25,East,False
2020-10-09,483.33,East,False
2020-10-10,0.0,East,False
2020-10-11,272.67,East,False
2020-10-12,2178.09,East,False
2020-10-13,191.34,East,False
2020-10-14,0.0,East,False
2020-10-15,0.0,East,False
2020-10-16,249.47,East,False
2020-10-17,0.0,East,False
2020-10-18,0.0,East,False
2020-10-19,531.38,East,False
2020-10-20,93.89,East,False
2020-10-21,0.0,East,False
2020-10-22,0.0,East,False
2020-10-23,54.48,East,False
2020-10-24,0.0,East,False
2020-10-25,0.0,East,False
2020-10-26,0.0,East,False
2020-10-27,0.0,East,False
2020-10-28,0.0,East,False
2020-10-29,3538.17,East,False
2020-10-30,903.94,East,False
2020-10-31,733.63,East,False
2020-11-01,1144.46,East,False
2020-11-02,4859.43,East,False
2020-11-03,1476.84,East,False
2020-11-04,0.0,East,False
2020-11-05,36.1,East,False
2020-11-06,0.0,East,False
2020-11-07,56.52,East,False
2020-11-08,0.0,East,False
2020-11-09,823.5,East,False
2020-11-10,0.0,East,False
2020-11-11,0.0,East,False
2020-11-12,957.35,East,False
2020-11-13,0.0,East,False
2020-11-14,0.0,East,False
2020-11-15,9981.93,East,False
2020-11-16,751.4,East,False
2020-11-17,5873.61,East,False
2020-11-18,907.56,East,False
2020-11-19,0.0,East,False
2020-11-20,0.0,East,False
2020-11-21,62.81,East,False
2020-11-22,3206.94,East,False
2020-11-23,1446.83,East,False
2020-11-24,414.63,East,False
2020-11-25,203.66,East,False
2020-11-26,17.25,East,False
2020-11-27,30.1,East,False
2020-11-28,62.28,East,False
2020-11-29,1941.69,East,False
2020-11-30,1633.44,East,False
2020-12-01,0.0,East,False
2020-12-02,129.98,East,False
2020-12-03,883.7,East,False
2020-12-04,0.0,East,False
2020-12-05,0.0,East,False
2020-12-06,0.0,East,False
2020-12-07,1110.65,East,False
2020-12-08,117.7,East,False
2020-12-09,0.0,East,False
2020-12-10,0.0,East,False
2020-12-11,0.0,East,False
2020-12-12,7403.07,East,False
2020-12-13,445.8,East,False
2020-12-14,0.0,East,False
2020-12-15,5.48,East,False
2020-12-16,0.0,East,False
2020-12-17,0.0,East,False
2020-12-18,383.04,East,False
2020-12-19,17.28,East,False
2020-12-20,513.11,East,False
2020-12-21,109.84,East,False
2020-12-22,30.36,East,False
2020-12-23,0.0,East,False
2020-12-24,561.51,East,False
2020-12-25,1067.72,East,False
2020-12-26,2682.33,East,False
2020-12-27,48.36,East,False
2020-12-28,962.08,East,False
2020-12-29,4650.55,East,False
2020-12-30,0.0,East,False
2020-12-31,1932.09,East,False
2021-01-01,0.0,East,False
2021-01-02,0.0,East,False
2021-01-03,90.17,East,False
2021-01-04,0.0,East,False
2021-01-05,0.0,East,False
2021-01-06,0.0,East,False
2021-01-07,0.0,East,False
2021-01-08,1018.1,East,False
2021-01-09,0.0,East,False
2021-01-10,854.62,East,False
2021-01-11,0.0,East,False
2021-01-12,0.0,East,False
2021-01-13,0.0,East,False
2021-01-14,0.0,East,False
2021-01-15,6.68,East,False
2021-01-16,0.0,East,False
2021-01-17,0.0,East,False
2021-01-18,0.0,East,False
2021-01-19,0.0,East,False
2021-01-20,0.0,East,False
2021-01-21,0.0,East,False
2021-01-22,0.0,East,False
2021-01-23,0.0,East,False
2021-01-24,0.0,East,False
2021-01-25,769.34,East,False
2021-01-26,0.0,East,False
2021-01-27,0.0,East,False
2021-01-28,0.0,East,False
2021-01-29,0.0,East,False
2021-01-30,0.0,East,False
2021-01-31,0.0,East,False
2021-02-01,90.88,East,False
2021-02-02,0.0,East,False
2021-02-03,0.0,East,False
2021-02-04,1558.42,East,False
2021-02-05,0.0,East,False
2021-02-06,107.98,East,False
2021-02-07,0.0,East,False
2021-02-08,77.24,East,False
2021-02-09,0.0,East,False
2021-02-10,0.0,East,False
2021-02-11,0.0,East,False
2021-02-12,1079.96,East,False
2021-02-13,0.0,East,False
2021-02-14,35.88,East,False
2021-02-15,0.0,East,False
2021-02-16,0.0,East,False
2021-02-17,0.0,East,False
2021-02-18,286.79,East,False
2021-02-19,2541.98,East,False
2021-02-20,0.0,East,False
2021-02-21,37.78,East,False
2021-02-22,0.0,East,False
2021-02-23,25.87,East,False
2021-02-24,0.0,East,False
2021-02-25,620.35,East,False
2021-02-26,0.0,East,False
2021-02-27,3.55,East,False
2021-02-28,0.0,East,False
2021-03-01,0.0,East,False
2021-03-02,0.0,East,False
2021-03-03,1588.32,East,False
2021-03-04,0.0,East,False
2021-03-05,807.54,East,False
2021-03-06,19.44,East,False
2021-03-07,0.0,East,False
2021-03-08,89.82,East,False
2021-03-09,0.0,East,False
2021-03-10,0.0,East,False
2021-03-11,0.0,East,False
2021-03-12,688.46,East,False
2021-03-13,0.0,East,False
2021-03-14,103.42,East,False
2021-03-15,48.84,East,False
2021-03-16,0.0,East,False
2021-03-17,0.0,East,False
2021-03-18,1445.68,East,False
2021-03-19,0.0,East,False
2021-03-20,0.0,East,False
2021-03-21,0.0,East,False
2021-03-22,0.0,East,False
2021-03-23,0.0,East,False
2021-03-24,1155.34,East,False
2021-03-25,0.0,East,False
2021-03-26,43.7,East,False
2021-03-27,17.64,East,False
2021-03-28,0.0,East,False
2021-03-29,0.0,East,False
2021-03-30,0.0,East,False
2021-03-31,0.0,East,False
2021-04-01,0.0,East,False
2021-04-02,210.99,East,False
2021-04-03,1660.26,East,False
2021-04-04,0.0,East,False
2021-04-05,60.24,East,False
2021-04-06,0.0,East,False
2021-04-07,388.08,East,False
2021-04-08,156.71,East,False
2021-04-09,513.73,East,False
2021-04-10,0.0,East,False
2021-04-11,0.0,East,False
2021-04-12,0.0,East,False
2021-04-13,0.0,East,False
2021-04-14,379.55,East,False
2021-04-15,172.61,East,False
2021-04-16,21.93,East,False
2021-04-17,0.0,East,False
2021-04-18,0.0,East,False
2021-04-19,0.0,East,False
2021-04-20,0.0,East,False
2021-04-21,0.0,East,False
2021-04-22,25.99,East,False
2021-04-23,206.43,East,False
2021-04-24,0.0,East,False
2021-04-25,2670.19,East,False
2021-04-26,0.0,East,False
2021-04-27,7.97,East,False
2021-04-28,1304.13,East,False
2021-04-29,0.0,East,False
2021-04-30,0.0,East,False
2021-05-01,1058.19,East,False
2021-05-02,26.8,East,False
2021-05-03,0.0,East,False
2021-05-04,0.0,East,False
2021-05-05,0.0,East,False
2021-05-06,3430.8,East,False
2021-05-07,0.0,East,False
2021-05-08,0.0,East,False
2021-05-09,0.0,East,False
2021-05-10,36.63,East,False
2021-05-11,0.0,East,False
2021-05-12,570.5,East,False
2021-05-13,51.97,East,False
2021-05-14,0.0,East,False
2021-05-15,87.1,East,False
2021-05-16,0.0,East,False
2021-05-17,0.0,East,False
2021-05-18,0.0,East,False
2021-05-19,24.59,East,False
2021-05-20,0.0,East,False
2021-05-21,51.45,East,False
2021-05-22,0.0,East,False
2021-05-23,0.0,East,False
2021-05-24,0.0,East,False
2021-05-25,0.0,East,False
2021-05-26,787.52,East,False
2021-05-27,451.73,East,False
2021-05-28,529.14,East,False
2021-05-29,375.02,East,False
2021-05-30,0.0,East,False
2021-05-31,0.0,East,False
2021-06-01,0.0,East,False
2021-06-02,65.72,East,False
2021-06-03,1522.64,East,False
2021-06-04,0.0,East,False
2021-06-05,52.25,East,False
2021-06-06,0.0,East,False
2021-06-07,0.0,East,False
2021-06-08,0.0,East,False
2021-06-09,0.0,East,False
2021-06-10,93.94,East,False
2021-06-11,109.5,East,False
2021-06-12,51.07,East,False
2021-06-13,0.0,East,False
2021-06-14,3190.57,East,False
2021-06-15,0.0,East,False
2021-06-16,0.0,East,False
2021-06-17,5.9,East,False
2021-06-18,319.98,East,False
2021-06-19,0.0,East,False
2021-06-20,1217.57,East,False
2021-06-21,0.0,East,False
2021-06-22,0.0,East,False
2021-06-23,109.36,East,False
2021-06-24,43.06,East,False
2021-06-25,0.0,East,False
2021-06-26,498.49,East,False
2021-06-27,162.94,East,False
2021-06-28,0.0,East,False
2021-06-29,0.0,East,False
2021-06-30,19.44,East,False
2021-07-01,458.07,East,False
2021-07-02,15.48,East,False
2021-07-03,73.78,East,False
2021-07-04,1209.46,East,False
2021-07-05,0.0,East,False
2021-07-06,0.0,East,False
2021-07-07,1533.32,East,False
2021-07-08,0.0,East,False
2021-07-09,1813.63,East,False
2021-07-10,0.0,East,False
2021-07-11,1952.81,East,False
2021-07-12,0.0,East,False
2021-07-13,0.0,East,False
2021-07-14,980.53,East,False
2021-07-15,0.0,East,False
2021-07-16,152.46,East,False
2021-07-17,0.0,East,False
2021-07-18,0.0,East,False
2021-07-19,0.0,East,False
2021-07-20,0.0,East,False
2021-07-21,208.27,East,False
2021-07-22,0.0,East,False
2021-07-23,25.18,East,False
2021-07-24,10.37,East,False
2021-07-25,0.0,East,False
2021-07-26,0.0,East,False
2021-07-27,0.0,East,False
2021-07-28,0.0,East,False
2021-07-29,3419.87,East,False
2021-07-30,0.0,East,False
2021-07-31,448.21,East,False
2021-08-01,0.0,East,False
2021-08-02,0.0,East,False
2021-08-03,0.0,East,False
2021-08-04,0.0,East,False
2021-08-05,184.38,East,False
2021-08-06,681.43,East,False
2021-08-07,3539.76,East,False
2021-08-08,0.0,East,False
2021-08-09,149.96,East,False
2021-08-10,0.0,East,False
2021-08-11,422.86,East,False
2021-08-12,0.0,East,False
2021-08-13,0.0,East,False
2021-08-14,1178.6,East,False
2021-08-15,52.2,East,False
2021-08-16,0.0,East,False
2021-08-17,0.0,East,False
2021-08-18,0.0,East,False
2021-08-19,1474.72,East,False
2021-08-20,66.63,East,False
2021-08-21,0.0,East,False
2021-08-22,794.66,East,False
2021-08-23,0.0,East,False
2021-08-24,0.0,East,False
2021-08-25,0.0,East,False
2021-08-26,470.36,East,False
2021-08-27,0.0,East,False
2021-08-28,0.0,East,False
2021-08-29,0.0,East,False
2021-08-30,1388.46,East,False
2021-08-31,0.0,East,False
2021-09-01,1113.54,East,False
2021-09-02,7.66,East,False
2021-09-03,0.0,East,False
2021-09-04,618.13,East,False
2021-09-05,2062.48,East,False
2021-09-06,0.0,East,False
2021-09-07,0.0,East,False
2021-09-08,708.82,East,False
2021-09-09,1481.64,East,False
2021-09-10,685.84,East,False
2021-09-11,2.41,East,False
2021-09-12,1884.14,East,False
2021-09-13,289.97,East,False
2021-09-14,0.0,East,False
2021-09-15,11351.87,East,False
2021-09-16,2503.82,East,False
2021-09-17,279.86,East,False
2021-09-18,123.53,East,False
2021-09-19,1218.14,East,False
2021-09-20,673.58,East,False
2021-09-21,0.0,East,False
2021-09-22,144.51,East,False
2021-09-23,1340.64,East,False
2021-09-24,960.42,East,False
2021-09-25,0.0,East,False
2021-09-26,601.5,East,False
2021-09-27,0.0,East,False
2021-09-28,0.0,East,False
2021-09-29,334.43,East,False
2021-09-30,289.69,East,False
2021-10-01,154.55,East,False
2021-10-02,85.68,East,False
2021-10-03,418.59,East,False
2021-10-04,0.0,East,False
2021-10-05,0.0,East,False
2021-10-06,0.0,East,False
2021-10-07,655.88,East,False
2021-10-08,0.0,East,False
2021-10-09,31.95,East,False
2021-10-10,1878.66,East,False
2021-10-11,0.0,East,False
2021-10-12,0.0,East,False
2021-10-13,0.0,East,False
2021-10-14,824.97,East,False
2021-10-15,0.0,East,False
2021-10-16,0.0,East,False
2021-10-17,34.44,East,False
2021-10-18,24.56,East,False
2021-10-19,0.0,East,False
2021-10-20,0.0,East,False
2021-10-21,0.0,East,False
2021-10-22,0.0,East,False
2021-10-23,450.09,East,False
2021-10-24,0.0,East,False
2021-10-25,0.0,East,False
2021-10-26,0.0,East,False
2021-10-27,0.0,East,False
2021-10-28,1035.8,East,False
2021-10-29,82.74,East,False
2021-10-30,2796.26,East,False
2021-10-31,2731.08,East,False
2021-11-01,1448.82,East,False
2021-11-02,0.0,East,False
2021-11-03,59.76,East,False
2021-11-04,0.0,East,False
2021-11-05,773.08,East,False
2021-11-06,10337.27,East,False
2021-11-07,3521.91,East,False
2021-11-08,577.58,East,False
2021-11-09,0.0,East,False
2021-11-10,15.56,East,False
2021-11-11,810.2,East,False
2021-11-12,278.58,East,False
2021-11-13,391.85,East,False
2021-11-14,523.25,East,False
2021-11-15,0.0,East,False
2021-11-16,0.0,East,False
2021-11-17,867.74,East,False
2021-11-18,827.41,East,False
2021-11-19,1776.35,East,False
2021-11-20,103.61,East,False
2021-11-21,3063.7,East,False
2021-11-22,0.0,East,False
2021-11-23,0.0,East,False
2021-11-24,191.62,East,False
2021-11-25,2138.4,East,False
2021-11-26,527.12,East,False
2021-11-27,0.0,East,False
2021-11-28,963.56,East,False
2021-11-29,0.0,East,False
2021-11-30,0.0,East,False
2021-12-01,1324.29,East,False
2021-12-02,2996.43,East,False
2021-12-03,493.77,East,False
2021-12-04,2391.01,East,False
2021-12-05,801.99,East,False
2021-12-06,0.0,East,False
2021-12-07,0.0,East,False
2021-12-08,1835.16,East,False
2021-12-09,10.33,East,False
2021-12-10,8.22,East,False
2021-12-11,57.32,East,False
2021-12-12,0.0,East,False
2021-12-13,4193.48,East,False
2021-12-14,0.0,East,False
2021-12-15,0.0,East,False
2021-12-16,833.76,East,False
2021-12-17,3866.61,East,False
2021-12-18,55.48,East,False
2021-12-19,3.01,East,False
2021-12-20,456.2,East,False
2021-12-21,0.0,East,False
2021-12-22,795.23,East,False
2021-12-23,2255.57,East,False
2021-12-24,286.43,East,False
2021-12-25,1953.72,East,False
2021-12-26,54.38,East,False
2021-12-27,6.36,East,False
2021-12-28,0.0,East,False
2021-12-29,0.0,East,False
2021-12-30,0.0,East,False
2021-12-31,405.92,East,False
2022-01-01,0.0,East,False
2022-01-02,109.25,East,False
2022-01-03,0.0,East,False
2022-01-04,0.0,East,False
2022-01-05,0.0,East,False
2022-01-06,0.0,East,False
2022-01-07,15.17,East,False
2022-01-08,0.0,East,False
2022-01-09,149.44,East,False
2022-01-10,0.0,East,False
2022-01-11,0.0,East,False
2022-01-12,0.0,East,False
2022-01-13,701.93,East,False
2022-01-14,0.0,East,False
2022-01-15,724.55,East,False
2022-01-16,0.0,East,False
2022-01-17,0.0,East,False
2022-01-18,0.0,East,False
2022-01-19,0.0,East,False
2022-01-20,199.46,East,False
2022-01-21,1672.31,East,False
2022-01-22,0.0,East,False
2022-01-23,858.71,East,False
2022-01-24,0.0,East,False
2022-01-25,0.0,East,False
2022-01-26,0.0,East,False
2022-01-27,0.0,East,False
2022-01-28,0.0,East,False
2022-01-29,23.36,East,False
2022-01-30,0.0,East,False
2022-01-31,117.96,East,False
2022-02-01,0.0,East,False
2022-02-02,90.48,East,False
2022-02-03,0.0,East,False
2022-02-04,0.0,East,False
2022-02-05,30.35,East,False
2022-02-06,0.0,East,False
2022-02-07,0.0,East,False
2022-02-08,0.0,East,False
2022-02-09,0.0,East,False
2022-02-10,0.0,East,False
2022-02-11,0.0,East,False
2022-02-12,573.74,East,False
2022-02-13,407.07,East,False
2022-02-14,644.58,East,False
2022-02-15,0.0,East,False
2022-02-16,0.0,East,False
2022-02-17,321.78,East,False
2022-02-18,0.0,East,False
2022-02-19,541.1,East,False
2022-02-20,0.0,East,False
2022-02-21,57.58,East,False
2022-02-22,0.0,East,False
2022-02-23,46.72,East,False
2022-02-24,0.0,East,False
2022-02-25,170.88,East,False
2022-02-26,36.48,East,False
2022-02-27,111.1,East,False
2022-02-28,6125.82,East,False
2022-03-01,0.0,East,False
2022-03-02,1094.25,East,False
2022-03-03,159.98,East,False
2022-03-04,0.0,East,False
2022-03-05,502.22,East,False
2022-03-06,0.0,East,False
2022-03-07,310.58,East,False
2022-03-08,635.6,East,False
2022-03-09,216.77,East,False
2022-03-10,274.35,East,False
2022-03-11,29.34,East,False
2022-03-12,2550.59,East,False
2022-03-13,21.88,East,False
2022-03-14,83.98,East,False
2022-03-15,0.0,East,False
2022-03-16,2275.55,East,False
2022-03-17,0.0,East,False
2022-03-18,35.3,East,False
2022-03-19,0.0,East,False
2022-03-20,0.0,East,False
2022-03-21,0.0,East,False
2022-03-22,0.0,East,False
2022-03-23,320.13,East,False
2022-03-24,59.52,East,False
2022-03-25,459.95,East,False
2022-03-26,0.0,East,False
2022-03-27,0.0,East,False
2022-03-28,956.97,East,False
2022-03-29,11.34,East,False
2022-03-30,640.76,East,False
2022-03-31,2079.74,East,False
2022-04-01,0.0,East,False
2022-04-02,99.85,East,False
2022-04-03,792.41,East,False
2022-04-04,887.96,East,False
2022-04-05,1294.75,East,False
2022-04-06,770.6,East,False
2022-04-07,578.37,East,False
2022-04-08,0.0,East,False
2022-04-09,8.9,East,False
2022-04-10,0.0,East,False
2022-04-11,0.0,East,False
2022-04-12,0.0,East,False
2022-04-13,25.06,East,False
2022-04-14,0.0,East,False
2022-04-15,9135.19,East,False
2022-04-16,0.0,East,False
2022-04-17,13.83,East,False
2022-04-18,1257.62,East,False
2022-04-19,0.0,East,False
2022-04-20,67.32,East,False
2022-04-21,35.01,East,False
2022-04-22,242.56,East,False
2022-04-23,0.0,East,False
2022-04-24,108.42,East,False
2022-04-25,434.65,East,False
2022-04-26,0.0,East,False
2022-04-27,0.0,East,False
2022-04-28,0.0,East,False
2022-04-29,7.71,East,False
2022-04-30,0.0,East,False
2022-05-01,421.34,East,False
2022-05-02,1043.05,East,False
2022-05-03,0.0,East,False
2022-05-04,0.0,East,False
2022-05-05,111.5,East,False
2022-05-06,4835.97,East,False
2022-05-07,1322.31,East,False
2022-05-08,96.7,East,False
2022-05-09,743.99,East,False
2022-05-10,0.0,East,False
2022-05-11,724.35,East,False
2022-05-12,0.0,East,False
2022-05-13,79.38,East,False
2022-05-14,29.01,East,False
2022-05-15,552.56,East,False
2022-05-16,253.03,East,False
2022-05-17,0.0,East,False
2022-05-18,821.22,East,False
2022-05-19,0.0,East,False
2022-05-20,111.96,East,False
2022-05-21,1562.09,East,False
2022-05-22,8539.02,East,False
2022-05-23,16.66,East,False
2022-05-24,0.0,East,False
2022-05-25,119.5,East,False
2022-05-26,0.0,East,False
2022-05-27,54.9,East,False
2022-05-28,0.0,East,False
2022-05-29,963.91,East,False
2022-05-30,186.85,East,False
2022-05-31,0.0,East,False
2022-06-01,64.78,East,False
2022-06-02,0.0,East,False
2022-06-03,1562.69,East,False
2022-06-04,518.65,East,False
2022-06-05,1368.78,East,False
2022-06-06,42.05,East,False
2022-06-07,0.0,East,False
2022-06-08,0.0,East,False
2022-06-09,23.62,East,False
2022-06-10,239.97,East,False
2022-06-11,633.0,East,False
2022-06-12,33.57,East,False
2022-06-13,337.18,East,False
2022-06-14,0.0,East,False
2022-06-15,9.45,East,False
2022-06-16,1657.47,East,False
2022-06-17,465.08,East,False
2022-06-18,0.0,East,False
2022-06-19,604.83,East,False
2022-06-20,576.27,East,False
2022-06-21,0.0,East,False
2022-06-22,1477.16,East,False
2022-06-23,0.0,East,False
2022-06-24,714.5,East,False
2022-06-25,932.52,East,False
2022-06-26,0.0,East,False
2022-06-27,475.86,East,False
2022-06-28,0.0,East,False
2022-06-29,0.0,East,False
2022-06-30,136.43,East,False
2022-07-01,0.0,East,False
2022-07-02,830.78,East,False
2022-07-03,0.0,East,False
2022-07-04,0.0,East,False
2022-07-05,0.0,East,False
2022-07-06,85.21,East,False
2022-07-07,12.96,East,False
2022-07-08,573.29,East,False
2022-07-09,341.99,East,False
2022-07-10,0.0,East,False
2022-07-11,0.0,East,False
2022-07-12,0.0,East,False
2022-07-13,719.36,East,False
2022-07-14,0.0,East,False
2022-07-15,644.2,East,False
2022-07-16,861.08,East,False
2022-07-17,313.84,East,False
2022-07-18,0.0,East,False
2022-07-19,89.95,East,False
2022-07-20,197.87,East,False
2022-07-21,138.15,East,False
2022-07-22,0.0,East,False
2022-07-23,253.76,East,False
2022-07-24,1683.86,East,False
2022-07-25,0.0,East,False
2022-07-26,0.0,East,False
2022-07-27,1556.69,East,False
2022-07-28,84.78,East,False
2022-07-29,0.0,East,False
2022-07-30,0.0,East,False
2022-07-31,19.31,East,False
2022-08-01,0.0,East,False
2022-08-02,0.0,East,False
2022-08-03,0.0,East,False
2022-08-04,0.0,East,False
2022-08-05,109.22,East,False
2022-08-06,0.0,East,False
2022-08-07,0.0,East,False
2022-08-08,0.0,East,False
2022-08-09,0.0,East,False
2022-08-10,0.0,East,False
2022-08-11,1983.24,East,False
2022-08-12,0.0,East,False
2022-08-13,787.05,East,False
2022-08-14,0.0,East,False
2022-08-15,0.0,East,False
2022-08-16,0.0,East,False
2022-08-17,395.31,East,False
2022-08-18,448.79,East,False
2022-08-19,0.0,East,False
2022-08-20,1388.46,East,False
2022-08-21,251.16,East,False
2022-08-22,1091.44,East,False
2022-08-23,0.0,East,False
2022-08-24,0.0,East,False
2022-08-25,483.09,East,False
2022-08-26,549.78,East,False
2022-08-27,18.43,East,False
2022-08-28,469.8,East,False
2022-08-29,1269.86,East,False
2022-08-30,0.0,East,False
2022-08-31,5254.0,East,False
2022-09-01,115.46,East,False
2022-09-02,1932.31,East,False
2022-09-03,147.26,East,False
2022-09-04,1455.82,East,False
2022-09-05,754.21,East,False
2022-09-06,0.0,East,False
2022-09-07,396.18,East,False
2022-09-08,14.62,East,False
2022-09-09,66.17,East,False
2022-09-10,797.35,East,False
2022-09-11,40.48,East,False
2022-09-12,0.0,East,False
2022-09-13,1111.42,East,False
2022-09-14,846.91,East,False
2022-09-15,0.0,East,False
2022-09-16,1281.77,East,False
2022-09-17,804.51,East,False
2022-09-18,2693.64,East,False
2022-09-19,393.25,East,False
2022-09-20,0.0,East,False
2022-09-21,216.7,East,False
2022-09-22,600.29,East,False
2022-09-23,155.37,East,False
2022-09-24,642.02,East,False
2022-09-25,0.0,East,False
2022-09-26,2.91,East,False
2022-09-27,0.0,East,False
2022-09-28,15.94,East,False
2022-09-29,523.92,East,False
2022-09-30,330.59,East,False
2022-10-01,61.44,East,False
2022-10-02,599.29,East,False
2022-10-03,5788.78,East,False
2022-10-04,0.0,East,False
2022-10-05,0.0,East,False
2022-10-06,4.93,East,False
2022-10-07,0.0,East,False
2022-10-08,375.95,East,False
2022-10-09,0.0,East,False
2022-10-10,0.0,East,False
2022-10-11,0.0,East,False
2022-10-12,279.67,East,False
2022-10-13,1203.89,East,False
2022-10-14,0.0,East,False
2022-10-15,142.18,East,False
2022-10-16,436.96,East,False
2022-10-17,0.0,East,False
2022-10-18,0.0,East,False
2022-10-19,7.15,East,False
2022-10-20,2181.68,East,False
2022-10-21,0.0,East,False
2022-10-22,379.4,East,False
2022-10-23,0.0,East,False
2022-10-24,0.0,East,False
2022-10-25,0.0,East,False
2022-10-26,551.72,East,False
2022-10-27,2032.89,East,False
2022-10-28,52.41,East,False
2022-10-29,143.7,East,False
2022-10-30,492.84,East,False
2022-10-31,0.0,East,False
2022-11-01,0.0,East,False
2022-11-02,542.16,East,False
2022-11-03,0.0,East,False
2022-11-04,23.99,East,False
2022-11-05,0.0,East,False
2022-11-06,1165.43,East,False
2022-11-07,0.0,East,False
2022-11-08,0.0,East,False
2022-11-09,1940.19,East,False
2022-11-10,636.3,East,False
2022-11-11,3588.09,East,False
2022-11-12,2791.77,East,False
2022-11-13,2241.04,East,False
2022-11-14,0.0,East,False
2022-11-15,0.0,East,False
2022-11-16,0.0,East,False
2022-11-17,103.97,East,False
2022-11-18,236.39,East,False
2022-11-19,541.71,East,False
2022-11-20,362.38,East,False
2022-11-21,207.16,East,False
2022-11-22,100.62,East,False
2022-11-23,516.55,East,False
2022-11-24,5899.88,East,False
2022-11-25,960.25,East,False
2022-11-26,377.03,East,False
2022-11-27,747.24,East,False
2022-11-28,0.0,East,False
2022-11-29,0.0,East,False
2022-11-30,2709.52,East,False
2022-12-01,3287.14,East,False
2022-12-02,1578.34,East,False
2022-12-03,839.44,East,False
2022-12-04,709.11,East,False
2022-12-05,1671.07,East,False
2022-12-06,0.0,East,False
2022-12-07,23.54,East,False
2022-12-08,125.81,East,False
2022-12-09,1210.3,East,False
2022-12-10,2371.39,East,False
2022-12-11,509.71,East,False
2022-12-12,0.0,East,False
2022-12-13,479.05,East,False
2022-12-14,2.21,East,False
2022-12-15,3.68,East,False
2022-12-16,0.0,East,False
2022-12-17,2694.06,East,False
2022-12-18,341.69,East,False
2022-12-19,0.0,East,False
2022-12-20,0.0,East,False
2022-12-21,25.58,East,False
2022-12-22,3513.45,East,False
2022-12-23,997.53,East,False
2022-12-24,3797.58,East,False
2022-12-25,334.39,East,False
2022-12-26,57.18,East,False
2022-12-27,0.0,East,False
2022-12-28,0.0,East,False
2022-12-29,206.92,East,False
2022-12-30,156.51,East,False
2022-12-31,48.9,East,False
2023-01-01,0.0,East,False
2023-01-02,0.0,East,False
2023-01-03,0.0,East,False
2023-01-04,0.0,East,False
2023-01-05,0.0,East,False
2023-01-06,0.0,East,False
2023-01-07,0.0,East,False
2023-01-08,274.49,East,False
2023-01-09,0.0,East,False
2023-01-10,0.0,East,False
2023-01-11,77.76,East,False
2023-01-12,0.0,East,False
2023-01-13,0.0,East,False
2023-01-14,1971.24,East,False
2023-01-15,0.0,East,False
2023-01-16,0.0,East,False
2023-01-17,0.0,East,False
2023-01-18,2007.72,East,False
2023-01-19,211.37,East,False
2023-01-20,0.0,East,False
2023-01-21,0.0,East,False
2023-01-22,0.0,East,False
2023-01-23,0.0,East,False
2023-01-24,0.0,East,False
2023-01-25,0.0,East,False
2023-01-26,331.92,East,False
2023-01-27,449.91,East,False
2023-01-28,9.99,East,False
2023-01-29,0.0,East,False
2023-01-30,0.0,East,False
2023-01-31,0.0,East,False
2023-02-01,159.73,East,False
2023-02-02,290.78,East,False
2023-02-03,32.67,East,False
2023-02-04,0.0,East,False
2023-02-05,514.48,East,False
2023-02-06,0.0,East,False
2023-02-07,0.0,East,False
2023-02-08,0.0,East,False
2023-02-09,23.12,East,False
2023-02-10,168.27,East,False
2023-02-11,0.0,East,False
2023-02-12,53.67,East,False
2023-02-13,0.0,East,False
2023-02-14,0.0,East,False
2023-02-15,632.44,East,False
2023-02-16,1627.06,East,False
2023-02-17,0.0,East,False
2023-02-18,0.0,East,False
2023-02-19,0.0,East,False
2023-02-20,0.0,East,False
2023-02-21,0.0,East,False
2023-02-22,0.0,East,False
2023-02-23,1448.68,East,False
2023-02-24,0.0,East,False
2023-02-25,0.0,East,False
2023-02-26,0.0,East,False
2023-02-27,17.62,East,False
2023-02-28,0.0,East,False
2023-03-01,646.01,East,False
2023-03-02,0.0,East,False
2023-03-03,0.0,East,False
2023-03-04,0.0,East,False
2023-03-05,98.35,East,False
2023-03-06,166.59,East,False
2023-03-07,0.0,East,False
2023-03-08,0.0,East,False
2023-03-09,145.71,East,False
2023-03-10,1077.78,East,False
2023-03-11,69.93,East,False
2023-03-12,997.36,East,False
2023-03-13,0.0,East,False
2023-03-14,0.0,East,False
2023-03-15,760.47,East,False
2023-03-16,496.63,East,False
2023-03-17,0.0,East,False
2023-03-18,37.85,East,False
2023-03-19,299.96,East,False
2023-03-20,8.86,East,False
2023-03-21,0.0,East,False
2023-03-22,373.26,East,False
2023-03-23,1244.53,East,False
2023-03-24,11.05,East,False
2023-03-25,377.53,East,False
2023-03-26,15.01,East,False
2023-03-27,0.0,East,False
2023-03-28,0.0,East,False
2023-03-29,5.72,East,False
2023-03-30,867.35,East,False
2023-03-31,42.93,East,False
2023-04-01,11.12,East,False
2023-04-02,25.47,East,False
2023-04-03,424.63,East,False
2023-04-04,0.0,East,False
2023-04-05,0.0,East,False
2023-04-06,0.0,East,False
2023-04-07,2633.51,East,False
2023-04-08,864.28,East,False
2023-04-09,632.68,East,False
2023-04-10,43.89,East,False
2023-04-11,69.66,East,False
2023-04-12,7.92,East,False
2023-04-13,445.9,East,False
2023-04-14,0.0,East,False
2023-04-15,13.71,East,False
2023-04-16,60.31,East,False
2023-04-17,0.0,East,False
2023-04-18,0.0,East,False
2023-04-19,1458.04,East,False
2023-04-20,908.82,East,False
2023-04-21,254.35,East,False
2023-04-22,316.65,East,False
2023-04-23,177.97,East,False
2023-04-24,0.0,East,False
2023-04-25,0.0,East,False
2023-04-26,0.0,East,False
2023-04-27,15.23,East,False
2023-04-28,1053.26,East,False
2023-04-29,770.57,East,False
2023-04-30,0.0,East,False
2023-05-01,129.93,East,False
2023-05-02,504.51,East,False
2023-05-03,13.91,East,False
2023-05-04,6.68,East,False
2023-05-05,59.2,East,False
2023-05-06,0.0,East,False
2023-05-07,176.05,East,False
2023-05-08,0.0,East,False
2023-05-09,0.0,East,False
2023-05-10,43.92,East,False
2023-05-11,257.18,East,False
2023-05-12,757.95,East,False
2023-05-13,1132.13,East,False
2023-05-14,0.0,East,False
2023-05-15,221.02,East,False
2023-05-16,0.0,East,False
2023-05-17,53.66,East,False
2023-05-18,889.29,East,False
2023-05-19,0.0,East,False
2023-05-20,538.02,East,False
2023-05-21,0.0,East,False
2023-05-22,0.0,East,False
2023-05-23,0.0,East,False
2023-05-24,806.05,East,False
2023-05-25,0.0,East,False
2023-05-26,0.0,East,False
2023-05-27,529.86,East,False
2023-05-28,0.0,East,False
2023-05-29,0.0,East,False
2023-05-30,0.0,East,False
2023-05-31,532.14,East,False
2023-06-01,30.41,East,False
2023-06-02,508.79,East,False
2023-06-03,0.0,East,False
2023-06-04,0.0,East,False
2023-06-05,0.0,East,False
2023-06-06,0.0,East,False
2023-06-07,10.36,East,False
2023-06-08,0.0,East,False
2023-06-09,62.56,East,False
2023-06-10,0.0,East,False
2023-06-11,1018.47,East,False
2023-06-12,0.0,East,False
2023-06-13,0.0,East,False
2023-06-14,0.0,East,False
2023-06-15,503.87,East,False
2023-06-16,3505.84,East,False
2023-06-17,0.0,East,False
2023-06-18,1263.04,East,False
2023-06-19,487.4,East,False
2023-06-20,595.66,East,False
2023-06-21,50.42,East,False
2023-06-22,0.0,East,False
2023-06-23,574.12,East,False
2023-06-24,400.78,East,False
2023-06-25,2330.2,East,False
2023-06-26,191.65,East,False
2023-06-27,0.0,East,False
2023-06-28,694.67,East,False
2023-06-29,2400.85,East,False
2023-06-30,0.0,East,False
2023-07-01,0.0,East,False
2023-07-02,664.77,East,False
2023-07-03,0.0,East,False
2023-07-04,0.0,East,False
2023-07-05,19.01,East,False
2023-07-06,1614.31,East,False
2023-07-07,514.74,East,False
2023-07-08,847.46,East,False
2023-07-09,0.0,East,False
2023-07-10,132.6,East,False
2023-07-11,3.82,East,False
2023-07-12,130.6,East,False
2023-07-13,2610.74,East,False
2023-07-14,1066.39,East,False
2023-07-15,71.37,East,False
2023-07-16,408.96,East,False
2023-07-17,807.89,East,False
2023-07-18,0.0,East,False
2023-07-19,361.04,East,False
2023-07-20,490.77,East,False
2023-07-21,29.97,East,False
2023-07-22,68.45,East,False
2023-07-23,0.0,East,False
2023-07-24,480.4,East,False
2023-07-25,0.0,East,False
2023-07-26,558.81,East,False
2023-07-27,0.0,East,False
2023-07-28,60.12,East,False
2023-07-29,166.73,East,False
2023-07-30,1212.9,East,False
2023-07-31,0.0,East,False
2023-08-01,0.0,East,False
2023-08-02,16.52,East,False
2023-08-03,0.0,East,False
2023-08-04,0.0,East,False
2023-08-05,1147.59,East,False
2023-08-06,116.48,East,False
2023-08-07,0.0,East,False
2023-08-08,0.0,East,False
2023-08-09,0.0,East,False
2023-08-10,25.92,East,False
2023-08-11,2017.32,East,False
2023-08-12,17.54,East,False
2023-08-13,0.0,East,False
2023-08-14,1899.47,East,False
2023-08-15,0.0,East,False
2023-08-16,5774.65,East,False
2023-08-17,327.64,East,False
2023-08-18,407.43,East,False
2023-08-19,40.29,East,False
2023-08-20,4732.12,East,False
2023-08-21,314.53,East,False
2023-08-22,0.0,East,False
2023-08-23,685.05,East,False
2023-08-24,156.68,East,False
2023-08-25,0.0,East,False
2023-08-26,3069.8,East,False
2023-08-27,0.0,East,False
2023-08-28,9.41,East,False
2023-08-29,0.0,East,False
2023-08-30,0.0,East,False
2023-08-31,114.9,East,False
2023-09-01,2520.77,East,False
2023-09-02,697.52,East,False
2023-09-03,175.53,East,False
2023-09-04,0.0,East,False
2023-09-05,0.0,East,False
2023-09-06,584.63,East,False
2023-09-07,449.58,East,False
2023-09-08,2578.0,East,False
2023-09-09,415.66,East,False
2023-09-10,0.0,East,False
2023-09-11,316.75,East,False
2023-09-12,0.0,East,False
2023-09-13,3274.46,East,False
2023-09-14,2254.11,East,False
2023-09-15,725.38,East,False
2023-09-16,514.05,East,False
2023-09-17,29.26,East,False
2023-09-18,37.24,East,False
2023-09-19,7359.92,East,False
2023-09-20,1.91,East,False
2023-09-21,6331.96,East,False
2023-09-22,0.0,East,False
2023-09-23,2102.58,East,False
2023-09-24,916.55,East,False
2023-09-25,0.0,East,False
2023-09-26,0.0,East,False
2023-09-27,2.66,East,False
2023-09-28,827.18,East,False
2023-09-29,185.54,East,False
2023-09-30,1704.89,East,False
2023-10-01,115.11,East,False
2023-10-02,485.1,East,False
2023-10-03,19.98,East,False
2023-10-04,5745.86,East,False
2023-10-05,873.08,East,False
2023-10-06,0.0,East,False
2023-10-07,188.52,East,False
2023-10-08,410.28,East,False
2023-10-09,0.0,East,False
2023-10-10,0.0,East,False
2023-10-11,2941.58,East,False
2023-10-12,1019.28,East,False
2023-10-13,37.66,East,False
2023-10-14,13.05,East,False
2023-10-15,547.3,East,False
2023-10-16,62.92,East,False
2023-10-17,0.0,East,False
2023-10-18,545.78,East,False
2023-10-19,1019.85,East,False
2023-10-20,573.22,East,False
2023-10-21,13780.84,East,False
2023-10-22,1312.9,East,False
2023-10-23,0.0,East,False
2023-10-24,0.0,East,False
2023-10-25,309.67,East,False
2023-10-26,0.0,East,False
2023-10-27,69.91,East,False
2023-10-28,46.96,East,False
2023-10-29,481.48,East,False
2023-10-30,0.0,East,False
2023-10-31,230.69,East,False
2023-11-01,1431.47,East,False
2023-11-02,52.45,East,False
2023-11-03,265.07,East,False
2023-11-04,1186.78,East,False
2023-11-05,540.54,East,False
2023-11-06,1092.11,East,False
2023-11-07,384.1,East,False
2023-11-08,3110.31,East,False
2023-11-09,1362.06,East,False
2023-11-10,45.85,East,False
2023-11-11,637.11,East,False
2023-11-12,1728.75,East,False
2023-11-13,228.59,East,False
2023-11-14,0.0,East,False
2023-11-15,1447.31,East,False
2023-11-16,12068.99,East,False
2023-11-17,113.81,East,False
2023-11-18,2774.41,East,False
2023-11-19,2265.86,East,False
2023-11-20,75.17,East,False
2023-11-21,0.0,East,False
2023-11-22,31.53,East,False
2023-11-23,1821.57,East,False
2023-11-24,0.0,East,False
2023-11-25,1753.48,East,False
2023-11-26,114.41,East,False
2023-11-27,6761.52,East,False
2023-11-28,0.0,East,False
2023-11-29,4109.68,East,False
2023-11-30,1890.8,East,False
2023-12-01,2073.27,East,False
2023-12-02,238.68,East,False
2023-12-03,1365.76,East,False
2023-12-04,623.63,East,False
2023-12-05,0.0,East,False
2023-12-06,127.98,East,False
2023-12-07,1339.3,East,False
2023-12-08,108.5,East,False
2023-12-09,864.29,East,False
2023-12-10,1211.22,East,False
2023-12-11,0.0,East,False
2023-12-12,287.98,East,False
2023-12-13,1843.4,East,False
2023-12-14,0.0,East,False
2023-12-15,33.38,East,False
2023-12-16,315.9,East,False
2023-12-17,3159.71,East,False
2023-12-18,0.0,East,False
2023-12-19,377.73,East,False
2023-12-20,517.91,East,False
2023-12-21,1547.74,East,False
2023-12-22,209.41,East,False
2023-12-23,409.6,East,False
2023-12-24,750.06,East,False
2023-12-25,3.13,East,False
2023-12-26,177.64,East,False
2023-12-27,134.52,East,False
2023-12-28,6.03,East,False
2023-12-29,466.85,East,False
2023-12-30,1109.5399890685778,East,True
2023-12-31,997.3290342413402,East,True
2024-01-01,767.9417139227644,East,True
2024-01-02,563.8250483368563,East,True
2024-01-03,1047.4885881677885,East,True
2024-01-04,1197.2357145143371,East,True
2024-01-05,893.5314734611486,East,True
2024-01-06,1109.5525764744148,East,True
2024-01-07,997.3415587101479,East,True
2024-01-08,767.9541757692282,East,True
2024-01-09,563.8374478740876,East,True
2024-01-10,1047.5009257073339,East,True
2024-01-11,1197.2479903661847,East,True
2024-01-12,893.5436879337368,East,True
2020-01-05,4387.66,South,False
2020-01-06,0.0,South,False
2020-01-07,0.0,South,False
2020-01-08,0.0,South,False
2020-01-09,54.83,South,False
2020-01-10,0.0,South,False
2020-01-11,0.0,South,False
2020-01-12,1833.2,South,False
2020-01-13,0.0,South,False
2020-01-14,149.95,South,False
2020-01-15,0.0,South,False
2020-01-16,0.0,South,False
2020-01-17,0.0,South,False
2020-01-18,0.0,South,False
2020-01-19,1926.59,South,False
2020-01-20,25.25,South,False
2020-01-21,0.0,South,False
2020-01-22,0.0,South,False
2020-01-23,0.0,South,False
2020-01-24,0.0,South,False
2020-01-25,944.61,South,False
2020-01-26,0.0,South,False
2020-01-27,0.0,South,False
2020-01-28,0.0,South,False
2020-01-29,0.0,South,False
2020-01-30,0.0,South,False
2020-01-31,0.0,South,False
2020-02-01,199.3,South,False
2020-02-02,0.0,South,False
2020-02-03,0.0,South,False
2020-02-04,0.0,South,False
2020-02-05,321.56,South,False
2020-02-06,0.0,South,False
2020-02-07,0.0,South,False
2020-02-08,0.0,South,False
2020-02-09,0.0,South,False
2020-02-10,1508.13,South,False
2020-02-11,0.0,South,False
2020-02-12,0.0,South,False
2020-02-13,0.0,South,False
2020-02-14,0.0,South,False
2020-02-15,0.0,South,False
2020-02-16,0.0,South,False
2020-02-17,0.0,South,False
2020-02-18,0.0,South,False
2020-02-19,0.0,South,False
2020-02-20,0.0,South,False
2020-02-21,0.0,South,False
2020-02-22,0.0,South,False
2020-02-23,0.0,South,False
2020-02-24,0.0,South,False
2020-02-25,0.0,South,False
2020-02-26,0.0,South,False
2020-02-27,0.0,South,False
2020-02-28,0.0,South,False
2020-02-29,0.0,South,False
2020-03-01,19.46,South,False
2020-03-02,370.45,South,False
2020-03-03,0.0,South,False
2020-03-04,0.0,South,False
2020-03-05,0.0,South,False
2020-03-06,0.0,South,False
2020-03-07,0.0,South,False
2020-03-08,0.0,South,False
2020-03-09,782.63,South,False
2020-03-10,0.0,South,False
2020-03-11,0.0,South,False
2020-03-12,1230.98,South,False
2020-03-13,370.79,South,False
2020-03-14,471.92,South,False
2020-03-15,103.5,South,False
2020-03-16,23661.24,South,False
2020-03-17,590.77,South,False
2020-03-18,0.0,South,False
2020-03-19,4096.36,South,False
2020-03-20,59.11,South,False
2020-03-21,9.91,South,False
2020-03-22,0.0,South,False
2020-03-23,0.0,South,False
2020-03-24,0.0,South,False
2020-03-25,0.0,South,False
2020-03-26,0.0,South,False
2020-03-27,0.0,South,False
2020-03-28,0.0,South,False
2020-03-29,1144.04,South,False
2020-03-30,0.0,South,False
2020-03-31,1398.35,South,False
2020-04-01,0.0,South,False
2020-04-02,364.93,South,False
2020-04-03,4367.28,South,False
2020-04-04,0.0,South,False
2020-04-05,1021.17,South,False
2020-04-06,1215.92,South,False
2020-04-07,0.0,South,False
2020-04-08,0.0,South,False
2020-04-09,737.2,South,False
2020-04-10,0.0,South,False
2020-04-11,0.0,South,False
2020-04-12,0.0,South,False
2020-04-13,0.0,South,False
2020-04-14,39.07,South,False
2020-04-15,0.0,South,False
2020-04-16,0.0,South,False
2020-04-17,129.33,South,False
2020-04-18,0.0,South,False
2020-04-19,828.84,South,False
2020-04-20,0.0,South,False
2020-04-21,0.0,South,False
2020-04-22,0.0,South,False
2020-04-23,302.38,South,False
2020-04-24,0.0,South,False
2020-04-25,0.0,South,False
2020-04-26,0.0,South,False
2020-04-27,731.4,South,False
2020-04-28,1048.74,South,False
2020-04-29,0.0,South,False
2020-04-30,479.98,South,False
2020-05-01,0.0,South,False
2020-05-02,0.0,South,False
2020-05-03,87.86,South,False
2020-05-04,0.0,South,False
2020-05-05,0.0,South,False
2020-05-06,0.0,South,False
2020-05-07,158.71,South,False
2020-05-08,0.0,South,False
2020-05-09,0.0,South,False
2020-05-10,0.0,South,False
2020-05-11,405.45,South,False
2020-05-12,310.88,South,False
2020-05-13,0.0,South,False
2020-05-14,0.0,South,False
2020-05-15,0.0,South,False
2020-05-16,0.0,South,False
2020-05-17,34.2,South,False
2020-05-18,0.0,South,False
2020-05-19,3333.9,South,False
2020-05-20,180.93,South,False
2020-05-21,0.0,South,False
2020-05-22,0.0,South,False
2020-05-23,0.0,South,False
2020-05-24,0.0,South,False
2020-05-25,0.0,South,False
2020-05-26,0.0,South,False
2020-05-27,0.0,South,False
2020-05-28,13.62,South,False
2020-05-29,773.7,South,False
2020-05-30,904.13,South,False
2020-05-31,605.47,South,False
2020-06-01,0.0,South,False
2020-06-02,0.0,South,False
2020-06-03,0.0,South,False
2020-06-04,63.39,South,False
2020-06-05,0.0,South,False
2020-06-06,170.35,South,False
2020-06-07,1441.3,South,False
2020-06-08,0.0,South,False
2020-06-09,0.0,South,False
2020-06-10,0.0,South,False
2020-06-11,0.0,South,False
2020-06-12,0.0,South,False
2020-06-13,0.0,South,False
2020-06-14,0.0,South,False
2020-06-15,0.0,South,False
2020-06-16,0.0,South,False
2020-06-17,0.0,South,False
2020-06-18,0.0,South,False
2020-06-19,425.67,South,False
2020-06-20,0.0,South,False
2020-06-21,23.12,South,False
2020-06-22,0.0,South,False
2020-06-23,0.0,South,False
2020-06-24,0.0,South,False
2020-06-25,616.14,South,False
2020-06-26,0.0,South,False
2020-06-27,0.0,South,False
2020-06-28,310.69,South,False
2020-06-29,581.1,South,False
2020-06-30,0.0,South,False
2020-07-01,0.0,South,False
2020-07-02,37.44,South,False
2020-07-03,760.95,South,False
2020-07-04,0.0,South,False
2020-07-05,0.0,South,False
2020-07-06,0.0,South,False
2020-07-07,0.0,South,False
2020-07-08,0.0,South,False
2020-07-09,0.0,South,False
2020-07-10,0.0,South,False
2020-07-11,0.0,South,False
2020-07-12,0.0,South,False
2020-07-13,0.0,South,False
2020-07-14,0.0,South,False
2020-07-15,0.0,South,False
2020-07-16,0.0,South,False
2020-07-17,0.0,South,False
2020-07-18,0.0,South,False
2020-07-19,0.0,South,False
2020-07-20,0.0,South,False
2020-07-21,0.0,South,False
2020-07-22,0.0,South,False
2020-07-23,0.0,South,False
2020-07-24,256.48,South,False
2020-07-25,0.0,South,False
2020-07-26,193.15,South,False
2020-07-27,0.0,South,False
2020-07-28,0.0,South,False
2020-07-29,0.0,South,False
2020-07-30,202.89,South,False
2020-07-31,0.0,South,False
2020-08-01,0.0,South,False
2020-08-02,0.0,South,False
2020-08-03,0.0,South,False
2020-08-04,62.91,South,False
2020-08-05,0.0,South,False
2020-08-06,155.46,South,False
2020-08-07,193.93,South,False
2020-08-08,0.0,South,False
2020-08-09,0.0,South,False
2020-08-10,744.39,South,False
2020-08-11,0.0,South,False
2020-08-12,0.0,South,False
2020-08-13,243.6,South,False
2020-08-14,0.0,South,False
2020-08-15,484.79,South,False
2020-08-16,0.0,South,False
2020-08-17,983.73,South,False
2020-08-18,1417.35,South,False
2020-08-19,0.0,South,False
2020-08-20,7.63,South,False
2020-08-21,0.0,South,False
2020-08-22,25.5,South,False
2020-08-23,0.0,South,False
2020-08-24,0.0,South,False
2020-08-25,1825.37,South,False
2020-08-26,0.0,South,False
2020-08-27,709.05,South,False
2020-08-28,0.0,South,False
2020-08-29,0.0,South,False
2020-08-30,0.0,South,False
2020-08-31,1793.98,South,False
2020-09-01,0.0,South,False
2020-09-02,0.0,South,False
2020-09-03,31.98,South,False
2020-09-04,0.0,South,False
2020-09-05,0.0,South,False
2020-09-06,371.82,South,False
2020-09-07,1299.99,South,False
2020-09-08,9.64,South,False
2020-09-09,0.0,South,False
2020-09-10,192.43,South,False
2020-09-11,18.65,South,False
2020-09-12,175.69,South,False
2020-09-13,0.0,South,False
2020-09-14,0.0,South,False
2020-09-15,52.6,South,False
2020-09-16,0.0,South,False
2020-09-17,2692.33,South,False
2020-09-18,2.82,South,False
2020-09-19,0.0,South,False
2020-09-20,4.61,South,False
2020-09-21,0.0,South,False
2020-09-22,0.0,South,False
2020-09-23,0.0,South,False
2020-09-24,0.0,South,False
2020-09-25,0.0,South,False
2020-09-26,444.04,South,False
2020-09-27,0.0,South,False
2020-09-28,84.77,South,False
2020-09-29,0.0,South,False
2020-09-30,0.0,South,False
2020-10-01,67.76,South,False
2020-10-02,0.0,South,False
2020-10-03,0.0,South,False
2020-10-04,0.0,South,False
2020-10-05,0.0,South,False
2020-10-06,23.47,South,False
2020-10-07,88.77,South,False
2020-10-08,0.0,South,False
2020-10-09,16.23,South,False
2020-10-10,0.0,South,False
2020-10-11,389.74,South,False
2020-10-12,0.0,South,False
2020-10-13,15.38,South,False
2020-10-14,0.0,South,False
2020-10-15,0.0,South,False
2020-10-16,2822.14,South,False
2020-10-17,0.0,South,False
2020-10-18,426.94,South,False
2020-10-19,788.86,South,False
2020-10-20,129.92,South,False
2020-10-21,0.0,South,False
2020-10-22,22.22,South,False
2020-10-23,0.0,South,False
2020-10-24,0.0,South,False
2020-10-25,22.32,South,False
2020-10-26,0.0,South,False
2020-10-27,0.0,South,False
2020-10-28,0.0,South,False
2020-10-29,0.0,South,False
2020-10-30,1119.6,South,False
2020-10-31,799.92,South,False
2020-11-01,1543.02,South,False
2020-11-02,66.62,South,False
2020-11-03,197.69,South,False
2020-11-04,43.68,South,False
2020-11-05,0.0,South,False
2020-11-06,0.0,South,False
2020-11-07,0.0,South,False
2020-11-08,0.0,South,False
2020-11-09,0.0,South,False
2020-11-10,7.87,South,False
2020-11-11,0.0,South,False
2020-11-12,32.4,South,False
2020-11-13,362.18,South,False
2020-11-14,0.0,South,False
2020-11-15,0.0,South,False
2020-11-16,0.0,South,False
2020-11-17,682.91,South,False
2020-11-18,0.0,South,False
2020-11-19,865.5,South,False
2020-11-20,1032.57,South,False
2020-11-21,0.0,South,False
2020-11-22,111.15,South,False
2020-11-23,0.0,South,False
2020-11-24,0.0,South,False
2020-11-25,0.0,South,False
2020-11-26,557.01,South,False
2020-11-27,0.0,South,False
2020-11-28,6.64,South,False
2020-11-29,95.97,South,False
2020-11-30,21.19,South,False
2020-12-01,0.0,South,False
2020-12-02,0.0,South,False
2020-12-03,24.56,South,False
2020-12-04,42.21,South,False
2020-12-05,105.52,South,False
2020-12-06,0.0,South,False
2020-12-07,0.0,South,False
2020-12-08,0.0,South,False
2020-12-09,0.0,South,False
2020-12-10,23.47,South,False
2020-12-11,12.39,South,False
2020-12-12,186.3,South,False
2020-12-13,0.0,South,False
2020-12-14,1146.42,South,False
2020-12-15,40.05,South,False
2020-12-16,0.0,South,False
2020-12-17,2232.5,South,False
2020-12-18,3616.68,South,False
2020-12-19,18.24,South,False
2020-12-20,0.0,South,False
2020-12-21,619.84,South,False
2020-12-22,9.57,South,False
2020-12-23,0.0,South,False
2020-12-24,0.0,South,False
2020-12-25,521.92,South,False
2020-12-26,0.0,South,False
2020-12-27,0.0,South,False
2020-12-28,39.13,South,False
2020-12-29,0.0,South,False
2020-12-30,0.0,South,False
2020-12-31,0.0,South,False
2021-01-01,0.0,South,False
2021-01-02,192.22,South,False
2021-01-03,0.0,South,False
2021-01-04,0.0,South,False
2021-01-05,0.0,South,False
2021-01-06,0.0,South,False
2021-01-07,364.07,South,False
2021-01-08,0.0,South,False
2021-01-09,0.0,South,False
2021-01-10,0.0,South,False
2021-01-11,9.82,South,False
2021-01-12,0.0,South,False
2021-01-13,0.0,South,False
2021-01-14,0.0,South,False
2021-01-15,88.96,South,False
2021-01-16,0.0,South,False
2021-01-17,0.0,South,False
2021-01-18,0.0,South,False
2021-01-19,0.0,South,False
2021-01-20,0.0,South,False
2021-01-21,0.0,South,False
2021-01-22,13.12,South,False
2021-01-23,0.0,South,False
2021-01-24,0.0,South,False
2021-01-25,0.0,South,False
2021-01-26,4297.64,South,False
2021-01-27,0.0,South,False
2021-01-28,0.0,South,False
2021-01-29,0.0,South,False
2021-01-30,0.0,South,False
2021-01-31,0.0,South,False
2021-02-01,74.52,South,False
2021-02-02,0.0,South,False
2021-02-03,0.0,South,False
2021-02-04,176.63,South,False
2021-02-05,324.11,South,False
2021-02-06,0.0,South,False
2021-02-07,0.0,South,False
2021-02-08,0.0,South,False
2021-02-09,0.0,South,False
2021-02-10,0.0,South,False
2021-02-11,0.0,South,False
2021-02-12,0.0,South,False
2021-02-13,0.0,South,False
2021-02-14,0.0,South,False
2021-02-15,0.0,South,False
2021-02-16,0.0,South,False
2021-02-17,0.0,South,False
2021-02-18,29.99,South,False
2021-02-19,0.0,South,False
2021-02-20,0.0,South,False
2021-02-21,0.0,South,False
2021-02-22,0.0,South,False
2021-02-23,0.0,South,False
2021-02-24,0.0,South,False
2021-02-25,0.0,South,False
2021-02-26,551.27,South,False
2021-02-27,58.72,South,False
2021-02-28,0.0,South,False
2021-03-01,0.0,South,False
2021-03-02,0.0,South,False
2021-03-03,0.0,South,False
2021-03-04,0.0,South,False
2021-03-05,0.0,South,False
2021-03-06,0.0,South,False
2021-03-07,4.61,South,False
2021-03-08,0.0,South,False
2021-03-09,0.0,South,False
2021-03-10,51.02,South,False
2021-03-11,0.0,South,False
2021-03-12,0.0,South,False
2021-03-13,0.0,South,False
2021-03-14,6911.7,South,False
2021-03-15,0.0,South,False
2021-03-16,0.0,South,False
2021-03-17,14.5,South,False
2021-03-18,0.0,South,False
2021-03-19,1270.38,South,False
2021-03-20,617.91,South,False
2021-03-21,59.48,South,False
2021-03-22,6.99,South,False
2021-03-23,0.0,South,False
2021-03-24,74.35,South,False
2021-03-25,0.0,South,False
2021-03-26,0.0,South,False
2021-03-27,1172.48,South,False
2021-03-28,0.0,South,False
2021-03-29,79.96,South,False
2021-03-30,0.0,South,False
2021-03-31,0.0,South,False
2021-04-01,0.0,South,False
2021-04-02,0.0,South,False
2021-04-03,157.79,South,False
2021-04-04,47.95,South,False
2021-04-05,0.0,South,False
2021-04-06,0.0,South,False
2021-04-07,0.0,South,False
2021-04-08,0.0,South,False
2021-04-09,121.89,South,False
2021-04-10,0.0,South,False
2021-04-11,0.0,South,False
2021-04-12,0.0,South,False
2021-04-13,0.0,South,False
2021-04-14,2298.9,South,False
2021-04-15,0.0,South,False
2021-04-16,106.5,South,False
2021-04-17,0.0,South,False
2021-04-18,896.31,South,False
2021-04-19,893.09,South,False
2021-04-20,0.0,South,False
2021-04-21,0.0,South,False
2021-04-22,0.0,South,False
2021-04-23,0.0,South,False
2021-04-24,1195.9,South,False
2021-04-25,0.0,South,False
2021-04-26,0.0,South,False
2021-04-27,0.0,South,False
2021-04-28,0.0,South,False
2021-04-29,277.63,South,False
2021-04-30,0.0,South,False
2021-05-01,0.0,South,False
2021-05-02,0.0,South,False
2021-05-03,0.0,South,False
2021-05-04,0.0,South,False
2021-05-05,45.68,South,False
2021-05-06,0.0,South,False
2021-05-07,48.81,South,False
2021-05-08,0.0,South,False
2021-05-09,0.0,South,False
2021-05-10,0.0,South,False
2021-05-11,0.0,South,False
2021-05-12,0.0,South,False
2021-05-13,17.94,South,False
2021-05-14,255.97,South,False
2021-05-15,0.0,South,False
2021-05-16,0.0,South,False
2021-05-17,0.0,South,False
2021-05-18,169.55,South,False
2021-05-19,0.0,South,False
2021-05-20,0.0,South,False
2021-05-21,186.69,South,False
2021-05-22,0.0,South,False
2021-05-23,467.04,South,False
2021-05-24,352.16,South,False
2021-05-25,0.0,South,False
2021-05-26,0.0,South,False
2021-05-27,0.0,South,False
2021-05-28,151.96,South,False
2021-05-29,10.27,South,False
2021-05-30,0.0,South,False
2021-05-31,0.0,South,False
2021-06-01,0.0,South,False
2021-06-02,0.0,South,False
2021-06-03,0.0,South,False
2021-06-04,0.0,South,False
2021-06-05,0.0,South,False
2021-06-06,937.61,South,False
2021-06-07,288.42,South,False
2021-06-08,0.0,South,False
2021-06-09,3373.56,South,False
2021-06-10,55.98,South,False
2021-06-11,982.77,South,False
2021-06-12,0.0,South,False
2021-06-13,11.67,South,False
2021-06-14,0.0,South,False
2021-06-15,0.0,South,False
2021-06-16,1730.11,South,False
2021-06-17,0.0,South,False
2021-06-18,0.0,South,False
2021-06-19,107.98,South,False
2021-06-20,0.0,South,False
2021-06-21,268.4,South,False
2021-06-22,0.0,South,False
2021-06-23,0.0,South,False
2021-06-24,535.36,South,False
2021-06-25,0.0,South,False
2021-06-26,260.31,South,False
2021-06-27,0.0,South,False
2021-06-28,0.0,South,False
2021-06-29,0.0,South,False
2021-06-30,273.86,South,False
2021-07-01,365.91,South,False
2021-07-02,0.0,South,False
2021-07-03,28.87,South,False
2021-07-04,0.0,South,False
2021-07-05,0.0,South,False
2021-07-06,0.0,South,False
2021-07-07,5.16,South,False
2021-07-08,0.0,South,False
2021-07-09,0.0,South,False
2021-07-10,0.0,South,False
2021-07-11,38.88,South,False
2021-07-12,0.0,South,False
2021-07-13,0.0,South,False
2021-07-14,0.0,South,False
2021-07-15,231.92,South,False
2021-07-16,0.0,South,False
2021-07-17,0.0,South,False
2021-07-18,0.0,South,False
2021-07-19,0.0,South,False
2021-07-20,0.0,South,False
2021-07-21,0.0,South,False
2021-07-22,525.95,South,False
2021-07-23,457.04,South,False
2021-07-24,0.0,South,False
2021-07-25,29.97,South,False
2021-07-26,0.0,South,False
2021-07-27,0.0,South,False
2021-07-28,0.0,South,False
2021-07-29,239.7,South,False
2021-07-30,0.0,South,False
2021-07-31,0.0,South,False
2021-08-01,0.0,South,False
2021-08-02,0.0,South,False
2021-08-03,0.0,South,False
2021-08-04,0.0,South,False
2021-08-05,520.03,South,False
2021-08-06,0.0,South,False
2021-08-07,4.61,South,False
2021-08-08,0.0,South,False
2021-08-09,46.15,South,False
2021-08-10,0.0,South,False
2021-08-11,70.32,South,False
2021-08-12,0.0,South,False
2021-08-13,0.0,South,False
2021-08-14,0.0,South,False
2021-08-15,0.0,South,False
2021-08-16,0.0,South,False
2021-08-17,0.0,South,False
2021-08-18,0.0,South,False
2021-08-19,53.28,South,False
2021-08-20,0.0,South,False
2021-08-21,1142.43,South,False
2021-08-22,3747.93,South,False
2021-08-23,0.0,South,False
2021-08-24,0.0,South,False
2021-08-25,0.0,South,False
2021-08-26,0.0,South,False
2021-08-27,0.0,South,False
2021-08-28,0.0,South,False
2021-08-29,0.0,South,False
2021-08-30,0.0,South,False
2021-08-31,0.0,South,False
2021-09-01,200.98,South,False
2021-09-02,919.49,South,False
2021-09-03,67.96,South,False
2021-09-04,143.28,South,False
2021-09-05,140.74,South,False
2021-09-06,21.36,South,False
2021-09-07,0.0,South,False
2021-09-08,0.0,South,False
2021-09-09,0.0,South,False
2021-09-10,0.0,South,False
2021-09-11,212.95,South,False
2021-09-12,269.49,South,False
2021-09-13,2030.69,South,False
2021-09-14,31.12,South,False
2021-09-15,87.17,South,False
2021-09-16,717.12,South,False
2021-09-17,128.32,South,False
2021-09-18,1664.13,South,False
2021-09-19,3631.96,South,False
2021-09-20,843.88,South,False
2021-09-21,0.0,South,False
2021-09-22,517.5,South,False
2021-09-23,22.55,South,False
2021-09-24,0.0,South,False
2021-09-25,2026.78,South,False
2021-09-26,0.0,South,False
2021-09-27,0.0,South,False
2021-09-28,0.0,South,False
2021-09-29,0.0,South,False
2021-09-30,7.38,South,False
2021-10-01,0.0,South,False
2021-10-02,392.94,South,False
2021-10-03,75.04,South,False
2021-10-04,0.0,South,False
2021-10-05,0.0,South,False
2021-10-06,0.0,South,False
2021-10-07,81.3,South,False
2021-10-08,1801.63,South,False
2021-10-09,979.95,South,False
2021-10-10,0.0,South,False
2021-10-11,371.66,South,False
2021-10-12,0.0,South,False
2021-10-13,0.0,South,False
2021-10-14,0.0,South,False
2021-10-15,0.0,South,False
2021-10-16,0.0,South,False
2021-10-17,0.0,South,False
2021-10-18,0.0,South,False
2021-10-19,0.0,South,False
2021-10-20,9.95,South,False
2021-10-21,78.45,South,False
2021-10-22,0.0,South,False
2021-10-23,0.0,South,False
2021-10-24,0.0,South,False
2021-10-25,0.0,South,False
2021-10-26,104.51,South,False
2021-10-27,0.0,South,False
2021-10-28,182.91,South,False
2021-10-29,0.0,South,False
2021-10-30,301.96,South,False
2021-10-31,197.72,South,False
2021-11-01,0.0,South,False
2021-11-02,0.0,South,False
2021-11-03,594.14,South,False
2021-11-04,0.0,South,False
2021-11-05,1361.64,South,False
2021-11-06,832.06,South,False
2021-11-07,0.0,South,False
2021-11-08,0.0,South,False
2021-11-09,0.0,South,False
2021-11-10,792.51,South,False
2021-11-11,433.32,South,False
2021-11-12,860.07,South,False
2021-11-13,39.96,South,False
2021-11-14,0.0,South,False
2021-11-15,0.0,South,False
2021-11-16,0.0,South,False
2021-11-17,0.0,South,False
2021-11-18,377.9,South,False
2021-11-19,18.18,South,False
2021-11-20,91.04,South,False
2021-11-21,0.0,South,False
2021-11-22,0.0,South,False
2021-11-23,13.12,South,False
2021-11-24,692.47,South,False
2021-11-25,465.68,South,False
2021-11-26,0.0,South,False
2021-11-27,0.0,South,False
2021-11-28,724.07,South,False
2021-11-29,125.64,South,False
2021-11-30,0.0,South,False
2021-12-01,288.84,South,False
2021-12-02,1643.25,South,False
2021-12-03,97.42,South,False
2021-12-04,173.94,South,False
2021-12-05,436.86,South,False
2021-12-06,0.0,South,False
2021-12-07,0.0,South,False
2021-12-08,129.64,South,False
2021-12-09,209.45,South,False
2021-12-10,0.0,South,False
2021-12-11,0.0,South,False
2021-12-12,66.22,South,False
2021-12-13,246.17,South,False
2021-12-14,0.0,South,False
2021-12-15,0.0,South,False
2021-12-16,94.69,South,False
2021-12-17,0.0,South,False
2021-12-18,47.97,South,False
2021-12-19,126.17,South,False
2021-12-20,0.0,South,False
2021-12-21,194.32,South,False
2021-12-22,0.0,South,False
2021-12-23,453.37,South,False
2021-12-24,0.0,South,False
2021-12-25,389.85,South,False
2021-12-26,0.0,South,False
2021-12-27,0.0,South,False
2021-12-28,0.0,South,False
2021-12-29,596.48,South,False
2021-12-30,0.0,South,False
2021-12-31,0.0,South,False
2022-01-01,0.0,South,False
2022-01-02,959.97,South,False
2022-01-03,255.9,South,False
2022-01-04,0.0,South,False
2022-01-05,0.0,South,False
2022-01-06,187.23,South,False
2022-01-07,0.0,South,False
2022-01-08,0.0,South,False
2022-01-09,0.0,South,False
2022-01-10,0.0,South,False
2022-01-11,0.0,South,False
2022-01-12,405.35,South,False
2022-01-13,0.0,South,False
2022-01-14,0.0,South,False
2022-01-15,316.0,South,False
2022-01-16,0.0,South,False
2022-01-17,0.0,South,False
2022-01-18,0.0,South,False
2022-01-19,0.0,South,False
2022-01-20,530.27,South,False
2022-01-21,0.0,South,False
2022-01-22,31.36,South,False
2022-01-23,0.0,South,False
2022-01-24,0.0,South,False
2022-01-25,0.0,South,False
2022-01-26,0.0,South,False
2022-01-27,0.0,South,False
2022-01-28,0.0,South,False
2022-01-29,1396.35,South,False
2022-01-30,56.45,South,False
2022-01-31,8805.04,South,False
2022-02-01,866.4,South,False
2022-02-02,0.0,South,False
2022-02-03,2075.51,South,False
2022-02-04,132.22,South,False
2022-02-05,107.83,South,False
2022-02-06,1127.98,South,False
2022-02-07,0.0,South,False
2022-02-08,0.0,South,False
2022-02-09,0.0,South,False
2022-02-10,1366.04,South,False
2022-02-11,0.0,South,False
2022-02-12,264.18,South,False
2022-02-13,0.0,South,False
2022-02-14,323.88,South,False
2022-02-15,0.0,South,False
2022-02-16,0.0,South,False
2022-02-17,0.0,South,False
2022-02-18,16.5,South,False
2022-02-19,471.08,South,False
2022-02-20,0.0,South,False
2022-02-21,0.0,South,False
2022-02-22,0.0,South,False
2022-02-23,0.0,South,False
2022-02-24,0.0,South,False
2022-02-25,0.0,South,False
2022-02-26,0.0,South,False
2022-02-27,0.0,South,False
2022-02-28,0.0,South,False
2022-03-01,0.0,South,False
2022-03-02,0.0,South,False
2022-03-03,10.08,South,False
2022-03-04,0.0,South,False
2022-03-05,0.0,South,False
2022-03-06,0.0,South,False
2022-03-07,1466.32,South,False
2022-03-08,0.0,South,False
2022-03-09,0.0,South,False
2022-03-10,558.24,South,False
2022-03-11,12.96,South,False
2022-03-12,334.2,South,False
2022-03-13,0.0,South,False
2022-03-14,365.44,South,False
2022-03-15,0.0,South,False
2022-03-16,0.0,South,False
2022-03-17,1061.68,South,False
2022-03-18,31.09,South,False
2022-03-19,86.45,South,False
2022-03-20,0.0,South,False
2022-03-21,0.0,South,False
2022-03-22,0.0,South,False
2022-03-23,0.0,South,False
2022-03-24,0.0,South,False
2022-03-25,187.62,South,False
2022-03-26,92.7,South,False
2022-03-27,31.4,South,False
2022-03-28,0.0,South,False
2022-03-29,0.0,South,False
2022-03-30,0.0,South,False
2022-03-31,7.04,South,False
2022-04-01,0.0,South,False
2022-04-02,0.0,South,False
2022-04-03,177.78,South,False
2022-04-04,0.0,South,False
2022-04-05,0.0,South,False
2022-04-06,0.0,South,False
2022-04-07,588.66,South,False
2022-04-08,0.0,South,False
2022-04-09,0.0,South,False
2022-04-10,0.0,South,False
2022-04-11,640.61,South,False
2022-04-12,0.0,South,False
2022-04-13,81.2,South,False
2022-04-14,895.06,South,False
2022-04-15,171.1,South,False
2022-04-16,134.53,South,False
2022-04-17,233.48,South,False
2022-04-18,0.0,South,False
2022-04-19,0.0,South,False
2022-04-20,0.0,South,False
2022-04-21,0.0,South,False
2022-04-22,36.24,South,False
2022-04-23,0.0,South,False
2022-04-24,0.0,South,False
2022-04-25,0.0,South,False
2022-04-26,0.0,South,False
2022-04-27,0.0,South,False
2022-04-28,0.0,South,False
2022-04-29,0.0,South,False
2022-04-30,517.86,South,False
2022-05-01,187.06,South,False
2022-05-02,0.0,South,False
2022-05-03,0.0,South,False
2022-05-04,380.94,South,False
2022-05-05,0.0,South,False
2022-05-06,0.0,South,False
2022-05-07,0.0,South,False
2022-05-08,27.86,South,False
2022-05-09,0.0,South,False
2022-05-10,0.0,South,False
2022-05-11,10.96,South,False
2022-05-12,0.0,South,False
2022-05-13,191.01,South,False
2022-05-14,619.9,South,False
2022-05-15,0.0,South,False
2022-05-16,29.97,South,False
2022-05-17,0.0,South,False
2022-05-18,641.96,South,False
2022-05-19,1366.65,South,False
2022-05-20,0.0,South,False
2022-05-21,14.73,South,False
2022-05-22,4.98,South,False
2022-05-23,261.1,South,False
2022-05-24,1311.97,South,False
2022-05-25,232.62,South,False
2022-05-26,0.0,South,False
2022-05-27,638.34,South,False
2022-05-28,1063.19,South,False
2022-05-29,4459.11,South,False
2022-05-30,0.0,South,False
2022-05-31,0.0,South,False
2022-06-01,0.0,South,False
2022-06-02,0.0,South,False
2022-06-03,75.88,South,False
2022-06-04,0.0,South,False
2022-06-05,678.87,South,False
2022-06-06,0.0,South,False
2022-06-07,0.0,South,False
2022-06-08,695.7,South,False
2022-06-09,0.0,South,False
2022-06-10,0.0,South,False
2022-06-11,224.9,South,False
2022-06-12,0.0,South,False
2022-06-13,58.4,South,False
2022-06-14,0.0,South,False
2022-06-15,91.48,South,False
2022-06-16,0.0,South,False
2022-06-17,0.0,South,False
2022-06-18,0.0,South,False
2022-06-19,0.0,South,False
2022-06-20,0.0,South,False
2022-06-21,0.0,South,False
2022-06-22,0.0,South,False
2022-06-23,0.0,South,False
2022-06-24,0.0,South,False
2022-06-25,135.95,South,False
2022-06-26,0.0,South,False
2022-06-27,0.0,South,False
2022-06-28,191.88,South,False
2022-06-29,1302.83,South,False
2022-06-30,85.5,South,False
2022-07-01,7.7,South,False
2022-07-02,0.0,South,False
2022-07-03,0.0,South,False
2022-07-04,0.0,South,False
2022-07-05,0.0,South,False
2022-07-06,45.58,South,False
2022-07-07,839.94,South,False
2022-07-08,0.0,South,False
2022-07-09,0.0,South,False
2022-07-10,0.0,South,False
2022-07-11,0.0,South,False
2022-07-12,0.0,South,False
2022-07-13,117.15,South,False
2022-07-14,0.0,South,False
2022-07-15,199.18,South,False
2022-07-16,0.0,South,False
2022-07-17,140.81,South,False
2022-07-18,1110.5,South,False
2022-07-19,0.0,South,False
2022-07-20,370.18,South,False
2022-07-21,0.0,South,False
2022-07-22,324.4,South,False
2022-07-23,73.2,South,False
2022-07-24,2513.91,South,False
2022-07-25,0.0,South,False
2022-07-26,0.0,South,False
2022-07-27,0.0,South,False
2022-07-28,734.37,South,False
2022-07-29,0.0,South,False
2022-07-30,0.0,South,False
2022-07-31,0.0,South,False
2022-08-01,0.0,South,False
2022-08-02,0.0,South,False
2022-08-03,158.81,South,False
2022-08-04,197.05,South,False
2022-08-05,0.0,South,False
2022-08-06,0.0,South,False
2022-08-07,23.34,South,False
2022-08-08,661.36,South,False
2022-08-09,0.0,South,False
2022-08-10,0.0,South,False
2022-08-11,562.29,South,False
2022-08-12,236.74,South,False
2022-08-13,15.55,South,False
2022-08-14,930.84,South,False
2022-08-15,0.0,South,False
2022-08-16,0.0,South,False
2022-08-17,0.0,South,False
2022-08-18,0.0,South,False
2022-08-19,0.0,South,False
2022-08-20,37.27,South,False
2022-08-21,0.0,South,False
2022-08-22,0.0,South,False
2022-08-23,0.0,South,False
2022-08-24,0.0,South,False
2022-08-25,217.55,South,False
2022-08-26,9.22,South,False
2022-08-27,0.0,South,False
2022-08-28,0.0,South,False
2022-08-29,0.0,South,False
2022-08-30,0.0,South,False
2022-08-31,0.0,South,False
2022-09-01,1854.25,South,False
2022-09-02,87.28,South,False
2022-09-03,662.34,South,False
2022-09-04,1906.58,South,False
2022-09-05,99.15,South,False
2022-09-06,0.0,South,False
2022-09-07,99.87,South,False
2022-09-08,0.0,South,False
2022-09-09,587.24,South,False
2022-09-10,1611.01,South,False
2022-09-11,1159.06,South,False
2022-09-12,0.0,South,False
2022-09-13,25.92,South,False
2022-09-14,0.0,South,False
2022-09-15,121.78,South,False
2022-09-16,396.0,South,False
2022-09-17,1650.58,South,False
2022-09-18,254.99,South,False
2022-09-19,115.48,South,False
2022-09-20,0.0,South,False
2022-09-21,142.07,South,False
2022-09-22,487.22,South,False
2022-09-23,0.0,South,False
2022-09-24,0.0,South,False
2022-09-25,431.98,South,False
2022-09-26,31.83,South,False
2022-09-27,0.0,South,False
2022-09-28,298.83,South,False
2022-09-29,0.0,South,False
2022-09-30,36.37,South,False
2022-10-01,0.0,South,False
2022-10-02,0.0,South,False
2022-10-03,64.25,South,False
2022-10-04,0.0,South,False
2022-10-05,0.0,South,False
2022-10-06,0.0,South,False
2022-10-07,387.72,South,False
2022-10-08,0.0,South,False
2022-10-09,24.71,South,False
2022-10-10,0.0,South,False
2022-10-11,0.0,South,False
2022-10-12,0.0,South,False
2022-10-13,305.24,South,False
2022-10-14,342.76,South,False
2022-10-15,0.0,South,False
2022-10-16,0.0,South,False
2022-10-17,0.0,South,False
2022-10-18,0.0,South,False
2022-10-19,61.1,South,False
2022-10-20,185.99,South,False
2022-10-21,39.92,South,False
2022-10-22,0.0,South,False
2022-10-23,239.98,South,False
2022-10-24,783.96,South,False
2022-10-25,0.0,South,False
2022-10-26,290.98,South,False
2022-10-27,370.21,South,False
2022-10-28,0.0,South,False
2022-10-29,0.0,South,False
2022-10-30,32.06,South,False
2022-10-31,273.59,South,False
2022-11-01,0.0,South,False
2022-11-02,903.77,South,False
2022-11-03,1168.17,South,False
2022-11-04,1120.73,South,False
2022-11-05,368.43,South,False
2022-11-06,0.0,South,False
2022-11-07,993.9,South,False
2022-11-08,0.0,South,False
2022-11-09,41.86,South,False
2022-11-10,681.43,South,False
2022-11-11,0.0,South,False
2022-11-12,52.14,South,False
2022-11-13,513.52,South,False
2022-11-14,630.02,South,False
2022-11-15,0.0,South,False
2022-11-16,0.0,South,False
2022-11-17,1319.96,South,False
2022-11-18,18.48,South,False
2022-11-19,574.06,South,False
2022-11-20,0.0,South,False
2022-11-21,0.0,South,False
2022-11-22,0.0,South,False
2022-11-23,392.83,South,False
2022-11-24,138.42,South,False
2022-11-25,3240.15,South,False
2022-11-26,447.78,South,False
2022-11-27,2681.12,South,False
2022-11-28,0.0,South,False
2022-11-29,36.19,South,False
2022-11-30,3013.88,South,False
2022-12-01,0.0,South,False
2022-12-02,0.0,South,False
2022-12-03,0.0,South,False
2022-12-04,1476.62,South,False
2022-12-05,0.0,South,False
2022-12-06,0.0,South,False
2022-12-07,334.25,South,False
2022-12-08,1180.46,South,False
2022-12-09,0.0,South,False
2022-12-10,91.89,South,False
2022-12-11,299.07,South,False
2022-12-12,0.0,South,False
2022-12-13,133.38,South,False
2022-12-14,19.44,South,False
2022-12-15,34.94,South,False
2022-12-16,0.0,South,False
2022-12-17,1410.07,South,False
2022-12-18,0.0,South,False
2022-12-19,100.64,South,False
2022-12-20,0.0,South,False
2022-12-21,0.0,South,False
2022-12-22,859.14,South,False
2022-12-23,823.61,South,False
2022-12-24,870.04,South,False
2022-12-25,0.0,South,False
2022-12-26,2.61,South,False
2022-12-27,0.0,South,False
2022-12-28,103.65,South,False
2022-12-29,72.22,South,False
2022-12-30,71.1,South,False
2022-12-31,0.0,South,False
2023-01-01,740.21,South,False
2023-01-02,0.0,South,False
2023-01-03,0.0,South,False
2023-01-04,0.0,South,False
2023-01-05,33.74,South,False
2023-01-06,2.81,South,False
2023-01-07,0.0,South,False
2023-01-08,0.0,South,False
2023-01-09,0.0,South,False
2023-01-10,0.0,South,False
2023-01-11,0.0,South,False
2023-01-12,0.0,South,False
2023-01-13,204.75,South,False
2023-01-14,0.0,South,False
2023-01-15,0.0,South,False
2023-01-16,0.0,South,False
2023-01-17,0.0,South,False
2023-01-18,0.0,South,False
2023-01-19,0.0,South,False
2023-01-20,383.99,South,False
2023-01-21,0.0,South,False
2023-01-22,0.0,South,False
2023-01-23,5.67,South,False
2023-01-24,0.0,South,False
2023-01-25,3025.28,South,False
2023-01-26,0.0,South,False
2023-01-27,0.0,South,False
2023-01-28,0.0,South,False
2023-01-29,419.14,South,False
2023-01-30,0.0,South,False
2023-01-31,0.0,South,False
2023-02-01,0.0,South,False
2023-02-02,119.18,South,False
2023-02-03,0.0,South,False
2023-02-04,0.0,South,False
2023-02-05,359.97,South,False
2023-02-06,0.0,South,False
2023-02-07,0.0,South,False
2023-02-08,0.0,South,False
2023-02-09,0.0,South,False
2023-02-10,0.0,South,False
2023-02-11,0.0,South,False
2023-02-12,0.0,South,False
2023-02-13,0.0,South,False
2023-02-14,0.0,South,False
2023-02-15,0.0,South,False
2023-02-16,29.16,South,False
2023-02-17,0.0,South,False
2023-02-18,1245.86,South,False
2023-02-19,0.0,South,False
2023-02-20,0.0,South,False
2023-02-21,0.0,South,False
2023-02-22,0.0,South,False
2023-02-23,0.0,South,False
2023-02-24,428.7,South,False
2023-02-25,0.0,South,False
2023-02-26,0.0,South,False
2023-02-27,0.0,South,False
2023-02-28,0.0,South,False
2023-03-01,0.0,South,False
2023-03-02,72.8,South,False
2023-03-03,0.0,South,False
2023-03-04,839.25,South,False
2023-03-05,0.0,South,False
2023-03-06,0.0,South,False
2023-03-07,668.54,South,False
2023-03-08,0.0,South,False
2023-03-09,61.87,South,False
2023-03-10,0.0,South,False
2023-03-11,40.41,South,False
2023-03-12,0.0,South,False
2023-03-13,0.0,South,False
2023-03-14,0.0,South,False
2023-03-15,0.0,South,False
2023-03-16,4.61,South,False
2023-03-17,0.0,South,False
2023-03-18,0.0,South,False
2023-03-19,0.0,South,False
2023-03-20,64.38,South,False
2023-03-21,0.0,South,False
2023-03-22,0.0,South,False
2023-03-23,0.0,South,False
2023-03-24,0.0,South,False
2023-03-25,57.01,South,False
2023-03-26,874.8,South,False
2023-03-27,68.74,South,False
2023-03-28,0.0,South,False
2023-03-29,59.76,South,False
2023-03-30,3831.54,South,False
2023-03-31,397.35,South,False
2023-04-01,786.74,South,False
2023-04-02,0.0,South,False
2023-04-03,0.0,South,False
2023-04-04,0.0,South,False
2023-04-05,8.1,South,False
2023-04-06,1971.29,South,False
2023-04-07,2747.25,South,False
2023-04-08,284.19,South,False
2023-04-09,16.74,South,False
2023-04-10,22.74,South,False
2023-04-11,0.0,South,False
2023-04-12,0.0,South,False
2023-04-13,198.27,South,False
2023-04-14,36.01,South,False
2023-04-15,503.22,South,False
2023-04-16,0.0,South,False
2023-04-17,0.0,South,False
2023-04-18,0.0,South,False
2023-04-19,0.0,South,False
2023-04-20,0.0,South,False
2023-04-21,675.06,South,False
2023-04-22,513.5,South,False
2023-04-23,113.57,South,False
2023-04-24,109.97,South,False
2023-04-25,0.0,South,False
2023-04-26,0.0,South,False
2023-04-27,780.06,South,False
2023-04-28,0.0,South,False
2023-04-29,283.69,South,False
2023-04-30,4108.37,South,False
2023-05-01,0.0,South,False
2023-05-02,0.0,South,False
2023-05-03,629.86,South,False
2023-05-04,34.5,South,False
2023-05-05,872.49,South,False
2023-05-06,0.0,South,False
2023-05-07,0.0,South,False
2023-05-08,272.23,South,False
2023-05-09,0.0,South,False
2023-05-10,0.0,South,False
2023-05-11,0.0,South,False
2023-05-12,20.77,South,False
2023-05-13,48.69,South,False
2023-05-14,0.0,South,False
2023-05-15,0.0,South,False
2023-05-16,0.0,South,False
2023-05-17,524.85,South,False
2023-05-18,2925.56,South,False
2023-05-19,0.0,South,False
2023-05-20,0.0,South,False
2023-05-21,0.0,South,False
2023-05-22,0.0,South,False
2023-05-23,0.0,South,False
2023-05-24,29.84,South,False
2023-05-25,257.28,South,False
2023-05-26,663.48,South,False
2023-05-27,301.96,South,False
2023-05-28,0.0,South,False
2023-05-29,253.86,South,False
2023-05-30,0.0,South,False
2023-05-31,0.0,South,False
2023-06-01,25.34,South,False
2023-06-02,1146.86,South,False
2023-06-03,234.06,South,False
2023-06-04,20.74,South,False
2023-06-05,0.0,South,False
2023-06-06,0.0,South,False
2023-06-07,0.0,South,False
2023-06-08,49.12,South,False
2023-06-09,1347.52,South,False
2023-06-10,8.33,South,False
2023-06-11,561.23,South,False
2023-06-12,181.86,South,False
2023-06-13,0.0,South,False
2023-06-14,3718.88,South,False
2023-06-15,754.61,South,False
2023-06-16,0.0,South,False
2023-06-17,0.0,South,False
2023-06-18,0.0,South,False
2023-06-19,540.82,South,False
2023-06-20,0.0,South,False
2023-06-21,37.61,South,False
2023-06-22,0.0,South,False
2023-06-23,0.0,South,False
2023-06-24,0.0,South,False
2023-06-25,287.42,South,False
2023-06-26,0.0,South,False
2023-06-27,0.0,South,False
2023-06-28,0.0,South,False
2023-06-29,19.52,South,False
2023-06-30,0.0,South,False
2023-07-01,0.0,South,False
2023-07-02,345.51,South,False
2023-07-03,0.0,South,False
2023-07-04,0.0,South,False
2023-07-05,239.24,South,False
2023-07-06,0.0,South,False
2023-07-07,0.0,South,False
2023-07-08,0.0,South,False
2023-07-09,60.75,South,False
2023-07-10,0.0,South,False
2023-07-11,0.0,South,False
2023-07-12,0.0,South,False
2023-07-13,0.0,South,False
2023-07-14,1065.84,South,False
2023-07-15,242.35,South,False
2023-07-16,7.9,South,False
2023-07-17,0.0,South,False
2023-07-18,0.0,South,False
2023-07-19,0.0,South,False
2023-07-20,951.98,South,False
2023-07-21,0.0,South,False
2023-07-22,0.0,South,False
2023-07-23,0.0,South,False
2023-07-24,0.0,South,False
2023-07-25,0.0,South,False
2023-07-26,285.88,South,False
2023-07-27,0.0,South,False
2023-07-28,61.22,South,False
2023-07-29,0.0,South,False
2023-07-30,41.42,South,False
2023-07-31,271.96,South,False
2023-08-01,0.0,South,False
2023-08-02,0.0,South,False
2023-08-03,0.0,South,False
2023-08-04,13.76,South,False
2023-08-05,161.14,South,False
2023-08-06,79.99,South,False
2023-08-07,0.0,South,False
2023-08-08,0.0,South,False
2023-08-09,0.0,South,False
2023-08-10,477.51,South,False
2023-08-11,20.74,South,False
2023-08-12,2382.92,South,False
2023-08-13,0.0,South,False
2023-08-14,0.0,South,False
2023-08-15,80.57,South,False
2023-08-16,201.09,South,False
2023-08-17,0.0,South,False
2023-08-18,0.0,South,False
2023-08-19,35.96,South,False
2023-08-20,866.4,South,False
2023-08-21,0.0,South,False
2023-08-22,4590.35,South,False
2023-08-23,0.0,South,False
2023-08-24,205.31,South,False
2023-08-25,71.98,South,False
2023-08-26,22.42,South,False
2023-08-27,0.0,South,False
2023-08-28,0.0,South,False
2023-08-29,0.0,South,False
2023-08-30,889.44,South,False
2023-08-31,0.0,South,False
2023-09-01,1577.94,South,False
2023-09-02,24.45,South,False
2023-09-03,107.55,South,False
2023-09-04,324.26,South,False
2023-09-05,0.0,South,False
2023-09-06,81.57,South,False
2023-09-07,220.06,South,False
2023-09-08,1144.25,South,False
2023-09-09,2.78,South,False
2023-09-10,496.94,South,False
2023-09-11,0.0,South,False
2023-09-12,15.92,South,False
2023-09-13,1017.13,South,False
2023-09-14,163.96,South,False
2023-09-15,18.0,South,False
2023-09-16,830.24,South,False
2023-09-17,997.83,South,False
2023-09-18,131.02,South,False
2023-09-19,0.0,South,False
2023-09-20,92.77,South,False
2023-09-21,757.81,South,False
2023-09-22,464.55,South,False
2023-09-23,880.51,South,False
2023-09-24,177.55,South,False
2023-09-25,419.14,South,False
2023-09-26,0.0,South,False
2023-09-27,10.37,South,False
2023-09-28,243.92,South,False
2023-09-29,0.0,South,False
2023-09-30,0.0,South,False
2023-10-01,2447.85,South,False
2023-10-02,33.47,South,False
2023-10-03,0.0,South,False
2023-10-04,0.0,South,False
2023-10-05,0.0,South,False
2023-10-06,1027.2,South,False
2023-10-07,0.0,South,False
2023-10-08,10.82,South,False
2023-10-09,0.0,South,False
2023-10-10,0.0,South,False
2023-10-11,7.97,South,False
2023-10-12,1890.07,South,False
2023-10-13,0.0,South,False
2023-10-14,0.0,South,False
2023-10-15,2018.54,South,False
2023-10-16,0.0,South,False
2023-10-17,0.0,South,False
2023-10-18,1633.19,South,False
2023-10-19,289.33,South,False
2023-10-20,747.51,South,False
2023-10-21,0.0,South,False
2023-10-22,863.88,South,False
2023-10-23,11.68,South,False
2023-10-24,0.0,South,False
2023-10-25,608.43,South,False
2023-10-26,68.97,South,False
2023-10-27,273.08,South,False
2023-10-28,0.0,South,False
2023-10-29,204.98,South,False
2023-10-30,0.0,South,False
2023-10-31,0.0,South,False
2023-11-01,3296.63,South,False
2023-11-02,1463.17,South,False
2023-11-03,10313.5,South,False
2023-11-04,0.0,South,False
2023-11-05,837.14,South,False
2023-11-06,0.0,South,False
2023-11-07,0.0,South,False
2023-11-08,691.15,South,False
2023-11-09,11.52,South,False
2023-11-10,1247.04,South,False
2023-11-11,26.72,South,False
2023-11-12,970.94,South,False
2023-11-13,0.0,South,False
2023-11-14,559.2,South,False
2023-11-15,0.0,South,False
2023-11-16,1020.53,South,False
2023-11-17,600.18,South,False
2023-11-18,891.86,South,False
2023-11-19,289.85,South,False
2023-11-20,0.0,South,False
2023-11-21,0.0,South,False
2023-11-22,105.4,South,False
2023-11-23,1949.31,South,False
2023-11-24,1474.75,South,False
2023-11-25,12.84,South,False
2023-11-26,52.34,South,False
2023-11-27,0.0,South,False
2023-11-28,491.89,South,False
2023-11-29,2411.44,South,False
2023-11-30,0.0,South,False
2023-12-01,863.01,South,False
2023-12-02,146.44,South,False
2023-12-03,649.0,South,False
2023-12-04,0.0,South,False
2023-12-05,0.0,South,False
2023-12-06,455.02,South,False
2023-12-07,0.0,South,False
2023-12-08,1827.51,South,False
2023-12-09,718.64,South,False
2023-12-10,873.81,South,False
2023-12-11,0.0,South,False
2023-12-12,0.0,South,False
2023-12-13,204.55,South,False
2023-12-14,0.0,South,False
2023-12-15,0.0,South,False
2023-12-16,1049.28,South,False
2023-12-17,12.67,South,False
2023-12-18,1665.62,South,False
2023-12-19,0.0,South,False
2023-12-20,94.88,South,False
2023-12-21,1240.13,South,False
2023-12-22,1456.18,South,False
2023-12-23,712.85,South,False
2023-12-24,1360.67,South,False
2023-12-25,0.0,South,False
2023-12-26,0.0,South,False
2023-12-27,64.78,South,False
2023-12-28,1814.68,South,False
2023-12-29,758.6168879979984,South,True
2023-12-30,336.655679268079,South,True
2023-12-31,521.0558566290081,South,True
2024-01-01,185.9680285524426,South,True
2024-01-02,170.14267881021328,South,True
2024-01-03,457.9416716100716,South,True
2024-01-04,495.6356637246603,South,True
2024-01-05,758.6168879979984,South,True
2024-01-06,336.655679268079,South,True
2024-01-07,521.0558566290081,South,True
2024-01-08,185.9680285524426,South,True
2024-01-09,170.14267881021328,South,True
2024-01-10,457.9416716100716,South,True
2024-01-11,495.6356637246603,South,True
2020-01-05,19.44,West,False
2020-01-06,0.0,West,False
2020-01-07,0.0,West,False
2020-01-08,0.0,West,False
2020-01-09,0.0,West,False
2020-01-10,0.0,West,False
2020-01-11,0.0,West,False
2020-01-12,1679.75,West,False
2020-01-13,0.0,West,False
2020-01-14,0.0,West,False
2020-01-15,0.0,West,False
2020-01-16,0.0,West,False
2020-01-17,64.86,West,False
2020-01-18,378.59,West,False
2020-01-19,38.66,West,False
2020-01-20,0.0,West,False
2020-01-21,0.0,West,False
2020-01-22,40.08,West,False
2020-01-23,0.0,West,False
2020-01-24,0.0,West,False
2020-01-25,0.0,West,False
2020-01-26,426.67,West,False
2020-01-27,0.0,West,False
2020-01-28,0.0,West,False
2020-01-29,0.0,West,False
2020-01-30,290.67,West,False
2020-01-31,0.0,West,False
2020-02-01,12.35,West,False
2020-02-02,97.11,West,False
2020-02-03,134.39,West,False
2020-02-04,0.0,West,False
2020-02-05,0.0,West,False
2020-02-06,0.0,West,False
2020-02-07,14.56,West,False
2020-02-08,0.0,West,False
2020-02-09,0.0,West,False
2020-02-10,0.0,West,False
2020-02-11,129.57,West,False
2020-02-12,0.0,West,False
2020-02-13,560.55,West,False
2020-02-14,21.36,West,False
2020-02-15,0.0,West,False
2020-02-16,0.0,West,False
2020-02-17,0.0,West,False
2020-02-18,0.0,West,False
2020-02-19,12.96,West,False
2020-02-20,0.0,West,False
2020-02-21,19.44,West,False
2020-02-22,0.0,West,False
2020-02-23,55.68,West,False
2020-02-24,0.0,West,False
2020-02-25,0.0,West,False
2020-02-26,0.0,West,False
2020-02-27,0.0,West,False
2020-02-28,457.57,West,False
2020-02-29,0.0,West,False
2020-03-01,626.35,West,False
2020-03-02,0.0,West,False
2020-03-03,0.0,West,False
2020-03-04,0.0,West,False
2020-03-05,1561.06,West,False
2020-03-06,0.0,West,False
2020-03-07,0.0,West,False
2020-03-08,719.58,West,False
2020-03-09,7.98,West,False
2020-03-10,0.0,West,False
2020-03-11,0.0,West,False
2020-03-12,294.22,West,False
2020-03-13,0.0,West,False
2020-03-14,0.0,West,False
2020-03-15,0.0,West,False
2020-03-16,4445.49,West,False
2020-03-17,0.0,West,False
2020-03-18,0.0,West,False
2020-03-19,0.0,West,False
2020-03-20,388.7,West,False
2020-03-21,935.15,West,False
2020-03-22,40.48,West,False
2020-03-23,92.36,West,False
2020-03-24,145.13,West,False
2020-03-25,0.0,West,False
2020-03-26,302.38,West,False
2020-03-27,0.0,West,False
2020-03-28,265.91,West,False
2020-03-29,726.55,West,False
2020-03-30,46.69,West,False
2020-03-31,0.0,West,False
2020-04-01,233.45,West,False
2020-04-02,26.08,West,False
2020-04-03,0.0,West,False
2020-04-04,1323.93,West,False
2020-04-05,0.0,West,False
2020-04-06,570.72,West,False
2020-04-07,0.0,West,False
2020-04-08,0.0,West,False
2020-04-09,419.68,West,False
2020-04-10,1879.73,West,False
2020-04-11,0.0,West,False
2020-04-12,0.0,West,False
2020-04-13,294.72,West,False
2020-04-14,0.0,West,False
2020-04-15,0.0,West,False
2020-04-16,323.46,West,False
2020-04-17,76.14,West,False
2020-04-18,59.92,West,False
2020-04-19,16.52,West,False
2020-04-20,0.0,West,False
2020-04-21,48.91,West,False
2020-04-22,0.0,West,False
2020-04-23,2061.01,West,False
2020-04-24,282.57,West,False
2020-04-25,0.0,West,False
2020-04-26,1679.96,West,False
2020-04-27,0.0,West,False
2020-04-28,0.0,West,False
2020-04-29,0.0,West,False
2020-04-30,0.0,West,False
2020-05-01,0.0,West,False
2020-05-02,69.86,West,False
2020-05-03,0.0,West,False
2020-05-04,254.46,West,False
2020-05-05,0.0,West,False
2020-05-06,0.0,West,False
2020-05-07,235.77,West,False
2020-05-08,1971.51,West,False
2020-05-09,0.0,West,False
2020-05-10,0.0,West,False
2020-05-11,492.93,West,False
2020-05-12,0.0,West,False
2020-05-13,0.0,West,False
2020-05-14,289.28,West,False
2020-05-15,0.0,West,False
2020-05-16,0.0,West,False
2020-05-17,0.0,West,False
2020-05-18,0.0,West,False
2020-05-19,31.84,West,False
2020-05-20,0.0,West,False
2020-05-21,12.96,West,False
2020-05-22,0.0,West,False
2020-05-23,0.0,West,False
2020-05-24,849.93,West,False
2020-05-25,2139.93,West,False
2020-05-26,221.97,West,False
2020-05-27,0.0,West,False
2020-05-28,0.0,West,False
2020-05-29,0.0,West,False
2020-05-30,0.0,West,False
2020-05-31,133.13,West,False
2020-06-01,515.88,West,False
2020-06-02,0.0,West,False
2020-06-03,0.0,West,False
2020-06-04,0.0,West,False
2020-06-05,0.0,West,False
2020-06-06,585.55,West,False
2020-06-07,3879.35,West,False
2020-06-08,0.0,West,False
2020-06-09,0.0,West,False
2020-06-10,0.0,West,False
2020-06-11,14.52,West,False
2020-06-12,0.0,West,False
2020-06-13,0.0,West,False
2020-06-14,0.0,West,False
2020-06-15,3290.52,West,False
2020-06-16,139.8,West,False
2020-06-17,0.0,West,False
2020-06-18,0.0,West,False
2020-06-19,36.25,West,False
2020-06-20,204.98,West,False
2020-06-21,0.0,West,False
2020-06-22,4.27,West,False
2020-06-23,792.76,West,False
2020-06-24,0.0,West,False
2020-06-25,0.0,West,False
2020-06-26,0.0,West,False
2020-06-27,0.0,West,False
2020-06-28,32.4,West,False
2020-06-29,19.92,West,False
2020-06-30,0.0,West,False
2020-07-01,0.0,West,False
2020-07-02,209.97,West,False
2020-07-03,180.96,West,False
2020-07-04,478.48,West,False
2020-07-05,0.0,West,False
2020-07-06,699.19,West,False
2020-07-07,240.79,West,False
2020-07-08,0.0,West,False
2020-07-09,0.0,West,False
2020-07-10,1346.15,West,False
2020-07-11,351.22,West,False
2020-07-12,55.92,West,False
2020-07-13,0.0,West,False
2020-07-14,0.0,West,False
2020-07-15,0.0,West,False
2020-07-16,259.14,West,False
2020-07-17,6.1,West,False
2020-07-18,891.46,West,False
2020-07-19,1173.62,West,False
2020-07-20,1155.77,West,False
2020-07-21,2513.21,West,False
2020-07-22,0.0,West,False
2020-07-23,8341.29,West,False
2020-07-24,2003.24,West,False
2020-07-25,514.28,West,False
2020-07-26,0.0,West,False
2020-07-27,0.0,West,False
2020-07-28,1367.84,West,False
2020-07-29,0.0,West,False
2020-07-30,19.75,West,False
2020-07-31,0.0,West,False
2020-08-01,314.37,West,False
2020-08-02,2126.03,West,False
2020-08-03,550.16,West,False
2020-08-04,0.0,West,False
2020-08-05,0.0,West,False
2020-08-06,2690.46,West,False
2020-08-07,3411.75,West,False
2020-08-08,0.0,West,False
2020-08-09,76.28,West,False
2020-08-10,891.78,West,False
2020-08-11,0.0,West,False
2020-08-12,0.0,West,False
2020-08-13,505.29,West,False
2020-08-14,0.0,West,False
2020-08-15,0.0,West,False
2020-08-16,0.0,West,False
2020-08-17,358.7,West,False
2020-08-18,0.0,West,False
2020-08-19,0.0,West,False
2020-08-20,0.0,West,False
2020-08-21,473.94,West,False
2020-08-22,8.29,West,False
2020-08-23,1184.08,West,False
2020-08-24,176.8,West,False
2020-08-25,244.76,West,False
2020-08-26,0.0,West,False
2020-08-27,123.28,West,False
2020-08-28,0.0,West,False
2020-08-29,92.52,West,False
2020-08-30,53.94,West,False
2020-08-31,0.0,West,False
2020-09-01,0.0,West,False
2020-09-02,0.0,West,False
2020-09-03,0.0,West,False
2020-09-04,100.36,West,False
2020-09-05,131.84,West,False
2020-09-06,1905.75,West,False
2020-09-07,0.0,West,False
2020-09-08,1508.77,West,False
2020-09-09,127.95,West,False
2020-09-10,0.0,West,False
2020-09-11,641.13,West,False
2020-09-12,0.0,West,False
2020-09-13,0.0,West,False
2020-09-14,0.0,West,False
2020-09-15,762.03,West,False
2020-09-16,0.0,West,False
2020-09-17,179.27,West,False
2020-09-18,104.39,West,False
2020-09-19,2497.63,West,False
2020-09-20,210.13,West,False
2020-09-21,519.98,West,False
2020-09-22,211.96,West,False
2020-09-23,14.58,West,False
2020-09-24,1060.68,West,False
2020-09-25,685.9,West,False
2020-09-26,0.0,West,False
2020-09-27,4141.08,West,False
2020-09-28,43.18,West,False
2020-09-29,4.71,West,False
2020-09-30,598.15,West,False
2020-10-01,265.78,West,False
2020-10-02,139.34,West,False
2020-10-03,99.98,West,False
2020-10-04,9.09,West,False
2020-10-05,0.0,West,False
2020-10-06,0.0,West,False
2020-10-07,160.59,West,False
2020-10-08,440.35,West,False
2020-10-09,881.6,West,False
2020-10-10,36.29,West,False
2020-10-11,1549.77,West,False
2020-10-12,0.0,West,False
2020-10-13,0.0,West,False
2020-10-14,194.32,West,False
2020-10-15,0.0,West,False
2020-10-16,63.3,West,False
2020-10-17,641.1,West,False
2020-10-18,0.0,West,False
2020-10-19,36.36,West,False
2020-10-20,0.0,West,False
2020-10-21,0.0,West,False
2020-10-22,34.27,West,False
2020-10-23,49.41,West,False
2020-10-24,447.88,West,False
2020-10-25,0.0,West,False
2020-10-26,1252.6,West,False
2020-10-27,0.0,West,False
2020-10-28,0.0,West,False
2020-10-29,1823.86,West,False
2020-10-30,2692.85,West,False
2020-10-31,504.03,West,False
2020-11-01,6.72,West,False
2020-11-02,1767.7,West,False
2020-11-03,20.04,West,False
2020-11-04,0.0,West,False
2020-11-05,269.83,West,False
2020-11-06,333.58,West,False
2020-11-07,1517.58,West,False
2020-11-08,807.69,West,False
2020-11-09,4176.74,West,False
2020-11-10,641.02,West,False
2020-11-11,0.0,West,False
2020-11-12,0.0,West,False
2020-11-13,813.99,West,False
2020-11-14,736.07,West,False
2020-11-15,1075.37,West,False
2020-11-16,1071.51,West,False
2020-11-17,166.44,West,False
2020-11-18,0.0,West,False
2020-11-19,114.53,West,False
2020-11-20,53.82,West,False
2020-11-21,1060.66,West,False
2020-11-22,993.91,West,False
2020-11-23,1695.24,West,False
2020-11-24,1272.06,West,False
2020-11-25,0.0,West,False
2020-11-26,643.7,West,False
2020-11-27,606.32,West,False
2020-11-28,150.23,West,False
2020-11-29,58.2,West,False
2020-11-30,0.0,West,False
2020-12-01,0.0,West,False
2020-12-02,0.0,West,False
2020-12-03,1621.83,West,False
2020-12-04,1590.24,West,False
2020-12-05,442.88,West,False
2020-12-06,1034.71,West,False
2020-12-07,135.38,West,False
2020-12-08,455.63,West,False
2020-12-09,0.0,West,False
2020-12-10,4704.54,West,False
2020-12-11,183.41,West,False
2020-12-12,0.0,West,False
2020-12-13,6.16,West,False
2020-12-14,2712.12,West,False
2020-12-15,0.0,West,False
2020-12-16,0.0,West,False
2020-12-17,832.14,West,False
2020-12-18,1770.19,West,False
2020-12-19,1897.92,West,False
2020-12-20,11.76,West,False
2020-12-21,0.0,West,False
2020-12-22,1910.28,West,False
2020-12-23,0.0,West,False
2020-12-24,870.66,West,False
2020-12-25,1308.79,West,False
2020-12-26,1049.97,West,False
2020-12-27,1831.67,West,False
2020-12-28,551.99,West,False
2020-12-29,475.94,West,False
2020-12-30,0.0,West,False
2020-12-31,0.0,West,False
2021-01-01,0.0,West,False
2021-01-02,0.0,West,False
2021-01-03,205.1,West,False
2021-01-04,31.54,West,False
2021-01-05,0.0,West,False
2021-01-06,0.0,West,False
2021-01-07,0.0,West,False
2021-01-08,0.0,West,False
2021-01-09,0.0,West,False
2021-01-10,0.0,West,False
2021-01-11,612.46,West,False
2021-01-12,0.0,West,False
2021-01-13,0.0,West,False
2021-01-14,0.0,West,False
2021-01-15,0.0,West,False
2021-01-16,0.0,West,False
2021-01-17,0.0,West,False
2021-01-18,0.0,West,False
2021-01-19,0.0,West,False
2021-01-20,0.0,West,False
2021-01-21,43.66,West,False
2021-01-22,0.0,West,False
2021-01-23,0.0,West,False
2021-01-24,182.72,West,False
2021-01-25,2803.92,West,False
2021-01-26,0.0,West,False
2021-01-27,0.0,West,False
2021-01-28,2147.34,West,False
2021-01-29,0.0,West,False
2021-01-30,0.0,West,False
2021-01-31,0.0,West,False
2021-02-01,149.06,West,False
2021-02-02,0.0,West,False
2021-02-03,0.0,West,False
2021-02-04,5.28,West,False
2021-02-05,0.0,West,False
2021-02-06,0.0,West,False
2021-02-07,203.92,West,False
2021-02-08,0.0,West,False
2021-02-09,0.0,West,False
2021-02-10,0.0,West,False
2021-02-11,0.0,West,False
2021-02-12,0.0,West,False
2021-02-13,627.48,West,False
2021-02-14,124.55,West,False
2021-02-15,0.0,West,False
2021-02-16,105.84,West,False
2021-02-17,0.0,West,False
2021-02-18,0.0,West,False
2021-02-19,49.12,West,False
2021-02-20,0.0,West,False
2021-02-21,0.0,West,False
2021-02-22,0.0,West,False
2021-02-23,0.0,West,False
2021-02-24,0.0,West,False
2021-02-25,538.92,West,False
2021-02-26,0.0,West,False
2021-02-27,200.73,West,False
2021-02-28,787.53,West,False
2021-03-01,0.0,West,False
2021-03-02,0.0,West,False
2021-03-03,0.0,West,False
2021-03-04,1555.24,West,False
2021-03-05,0.0,West,False
2021-03-06,3.41,West,False
2021-03-07,0.0,West,False
2021-03-08,0.0,West,False
2021-03-09,0.0,West,False
2021-03-10,0.0,West,False
2021-03-11,1384.86,West,False
2021-03-12,19.44,West,False
2021-03-13,16.78,West,False
2021-03-14,215.09,West,False
2021-03-15,0.0,West,False
2021-03-16,0.0,West,False
2021-03-17,5189.4,West,False
2021-03-18,29.3,West,False
2021-03-19,0.0,West,False
2021-03-20,1701.44,West,False
2021-03-21,466.05,West,False
2021-03-22,46.9,West,False
2021-03-23,0.0,West,False
2021-03-24,3393.68,West,False
2021-03-25,83.7,West,False
2021-03-26,199.64,West,False
2021-03-27,368.96,West,False
2021-03-28,0.0,West,False
2021-03-29,0.0,West,False
2021-03-30,0.0,West,False
2021-03-31,159.78,West,False
2021-04-01,0.0,West,False
2021-04-02,0.0,West,False
2021-04-03,1156.0,West,False
2021-04-04,0.0,West,False
2021-04-05,0.0,West,False
2021-04-06,0.0,West,False
2021-04-07,369.91,West,False
2021-04-08,12.83,West,False
2021-04-09,692.73,West,False
2021-04-10,40.74,West,False
2021-04-11,2113.92,West,False
2021-04-12,35.21,West,False
2021-04-13,0.0,West,False
2021-04-14,0.0,West,False
2021-04-15,2572.5,West,False
2021-04-16,1124.57,West,False
2021-04-17,0.0,West,False
2021-04-18,0.0,West,False
2021-04-19,0.0,West,False
2021-04-20,152.92,West,False
2021-04-21,0.0,West,False
2021-04-22,0.0,West,False
2021-04-23,35.28,West,False
2021-04-24,485.79,West,False
2021-04-25,49.4,West,False
2021-04-26,0.0,West,False
2021-04-27,0.0,West,False
2021-04-28,54.45,West,False
2021-04-29,173.31,West,False
2021-04-30,0.0,West,False
2021-05-01,1140.58,West,False
2021-05-02,0.0,West,False
2021-05-03,0.0,West,False
2021-05-04,0.0,West,False
2021-05-05,0.0,West,False
2021-05-06,5.25,West,False
2021-05-07,0.0,West,False
2021-05-08,46.69,West,False
2021-05-09,191.97,West,False
2021-05-10,254.69,West,False
2021-05-11,0.0,West,False
2021-05-12,2570.71,West,False
2021-05-13,0.0,West,False
2021-05-14,0.0,West,False
2021-05-15,0.0,West,False
2021-05-16,10.86,West,False
2021-05-17,0.0,West,False
2021-05-18,0.0,West,False
2021-05-19,26.98,West,False
2021-05-20,3862.1,West,False
2021-05-21,140.98,West,False
2021-05-22,0.0,West,False
2021-05-23,860.46,West,False
2021-05-24,20.24,West,False
2021-05-25,0.0,West,False
2021-05-26,6.63,West,False
2021-05-27,740.73,West,False
2021-05-28,0.0,West,False
2021-05-29,1990.49,West,False
2021-05-30,11.76,West,False
2021-05-31,0.0,West,False
2021-06-01,0.0,West,False
2021-06-02,1126.59,West,False
2021-06-03,0.0,West,False
2021-06-04,0.0,West,False
2021-06-05,7.52,West,False
2021-06-06,0.0,West,False
2021-06-07,495.74,West,False
2021-06-08,0.0,West,False
2021-06-09,0.0,West,False
2021-06-10,0.0,West,False
2021-06-11,36.62,West,False
2021-06-12,0.0,West,False
2021-06-13,722.48,West,False
2021-06-14,0.0,West,False
2021-06-15,0.0,West,False
2021-06-16,152.99,West,False
2021-06-17,205.73,West,False
2021-06-18,509.56,West,False
2021-06-19,0.0,West,False
2021-06-20,4.96,West,False
2021-06-21,568.56,West,False
2021-06-22,0.0,West,False
2021-06-23,618.79,West,False
2021-06-24,0.0,West,False
2021-06-25,0.0,West,False
2021-06-26,627.66,West,False
2021-06-27,0.0,West,False
2021-06-28,0.0,West,False
2021-06-29,0.0,West,False
2021-06-30,0.0,West,False
2021-07-01,0.0,West,False
2021-07-02,22.85,West,False
2021-07-03,0.0,West,False
2021-07-04,170.35,West,False
2021-07-05,0.0,West,False
2021-07-06,0.0,West,False
2021-07-07,0.0,West,False
2021-07-08,43.29,West,False
2021-07-09,128.32,West,False
2021-07-10,0.0,West,False
2021-07-11,0.0,West,False
2021-07-12,860.92,West,False
2021-07-13,0.0,West,False
2021-07-14,2048.85,West,False
2021-07-15,195.47,West,False
2021-07-16,519.96,West,False
2021-07-17,2.03,West,False
2021-07-18,0.0,West,False
2021-07-19,0.0,West,False
2021-07-20,0.0,West,False
2021-07-21,0.0,West,False
2021-07-22,0.0,West,False
2021-07-23,1912.81,West,False
2021-07-24,958.86,West,False
2021-07-25,0.0,West,False
2021-07-26,0.0,West,False
2021-07-27,0.0,West,False
2021-07-28,226.13,West,False
2021-07-29,0.0,West,False
2021-07-30,1011.7,West,False
2021-07-31,842.27,West,False
2021-08-01,0.0,West,False
2021-08-02,0.0,West,False
2021-08-03,0.0,West,False
2021-08-04,0.0,West,False
2021-08-05,22.45,West,False
2021-08-06,158.67,West,False
2021-08-07,0.0,West,False
2021-08-08,711.78,West,False
2021-08-09,0.0,West,False
2021-08-10,0.0,West,False
2021-08-11,82.36,West,False
2021-08-12,0.0,West,False
2021-08-13,497.59,West,False
2021-08-14,2200.32,West,False
2021-08-15,329.44,West,False
2021-08-16,0.0,West,False
2021-08-17,0.0,West,False
2021-08-18,0.0,West,False
2021-08-19,1299.53,West,False
2021-08-20,0.0,West,False
2021-08-21,0.0,West,False
2021-08-22,7.15,West,False
2021-08-23,146.74,West,False
2021-08-24,0.0,West,False
2021-08-25,639.97,West,False
2021-08-26,2017.54,West,False
2021-08-27,0.0,West,False
2021-08-28,0.0,West,False
2021-08-29,2580.84,West,False
2021-08-30,979.1,West,False
2021-08-31,0.0,West,False
2021-09-01,552.88,West,False
2021-09-02,9.76,West,False
2021-09-03,733.28,West,False
2021-09-04,244.24,West,False
2021-09-05,671.93,West,False
2021-09-06,68.28,West,False
2021-09-07,0.0,West,False
2021-09-08,512.08,West,False
2021-09-09,480.49,West,False
2021-09-10,21.98,West,False
2021-09-11,1336.35,West,False
2021-09-12,1082.89,West,False
2021-09-13,0.0,West,False
2021-09-14,0.0,West,False
2021-09-15,57.43,West,False
2021-09-16,703.38,West,False
2021-09-17,92.2,West,False
2021-09-18,45.58,West,False
2021-09-19,809.18,West,False
2021-09-20,266.04,West,False
2021-09-21,0.0,West,False
2021-09-22,1313.3,West,False
2021-09-23,1541.83,West,False
2021-09-24,1645.36,West,False
2021-09-25,274.49,West,False
2021-09-26,456.86,West,False
2021-09-27,0.0,West,False
2021-09-28,0.0,West,False
2021-09-29,712.22,West,False
2021-09-30,972.19,West,False
2021-10-01,120.67,West,False
2021-10-02,26.96,West,False
2021-10-03,357.46,West,False
2021-10-04,0.0,West,False
2021-10-05,0.0,West,False
2021-10-06,145.9,West,False
2021-10-07,0.0,West,False
2021-10-08,438.55,West,False
2021-10-09,0.0,West,False
2021-10-10,99.86,West,False
2021-10-11,0.0,West,False
2021-10-12,0.0,West,False
2021-10-13,0.0,West,False
2021-10-14,0.0,West,False
2021-10-15,77.88,West,False
2021-10-16,277.63,West,False
2021-10-17,1910.7,West,False
2021-10-18,695.53,West,False
2021-10-19,0.0,West,False
2021-10-20,0.0,West,False
2021-10-21,1450.37,West,False
2021-10-22,454.27,West,False
2021-10-23,975.33,West,False
2021-10-24,1395.32,West,False
2021-10-25,0.0,West,False
2021-10-26,0.0,West,False
2021-10-27,244.24,West,False
2021-10-28,603.43,West,False
2021-10-29,3058.15,West,False
2021-10-30,7.88,West,False
2021-10-31,2225.67,West,False
2021-11-01,1345.42,West,False
2021-11-02,0.0,West,False
2021-11-03,161.15,West,False
2021-11-04,11.48,West,False
2021-11-05,190.72,West,False
2021-11-06,753.22,West,False
2021-11-07,2.48,West,False
2021-11-08,79.9,West,False
2021-11-09,0.0,West,False
2021-11-10,15.7,West,False
2021-11-11,1505.24,West,False
2021-11-12,1374.06,West,False
2021-11-13,0.0,West,False
2021-11-14,1020.1,West,False
2021-11-15,1873.61,West,False
2021-11-16,0.0,West,False
2021-11-17,173.04,West,False
2021-11-18,1175.84,West,False
2021-11-19,573.5,West,False
2021-11-20,114.37,West,False
2021-11-21,0.0,West,False
2021-11-22,1218.76,West,False
2021-11-23,0.0,West,False
2021-11-24,0.0,West,False
2021-11-25,505.71,West,False
2021-11-26,53.56,West,False
2021-11-27,60.6,West,False
2021-11-28,106.88,West,False
2021-11-29,6956.64,West,False
2021-11-30,0.0,West,False
2021-12-01,359.5,West,False
2021-12-02,460.17,West,False
2021-12-03,96.06,West,False
2021-12-04,2493.79,West,False
2021-12-05,99.45,West,False
2021-12-06,473.66,West,False
2021-12-07,0.0,West,False
2021-12-08,62.06,West,False
2021-12-09,840.58,West,False
2021-12-10,1418.27,West,False
2021-12-11,966.07,West,False
2021-12-12,792.09,West,False
2021-12-13,1055.14,West,False
2021-12-14,4.98,West,False
2021-12-15,450.19,West,False
2021-12-16,6.85,West,False
2021-12-17,1941.81,West,False
2021-12-18,39.41,West,False
2021-12-19,1778.95,West,False
2021-12-20,0.0,West,False
2021-12-21,0.0,West,False
2021-12-22,1779.72,West,False
2021-12-23,1240.46,West,False
2021-12-24,0.0,West,False
2021-12-25,1127.7,West,False
2021-12-26,0.0,West,False
2021-12-27,0.0,West,False
2021-12-28,3251.34,West,False
2021-12-29,487.98,West,False
2021-12-30,0.0,West,False
2021-12-31,0.0,West,False
2022-01-01,114.46,West,False
2022-01-02,0.0,West,False
2022-01-03,0.0,West,False
2022-01-04,0.0,West,False
2022-01-05,34.58,West,False
2022-01-06,0.0,West,False
2022-01-07,727.88,West,False
2022-01-08,174.75,West,False
2022-01-09,0.0,West,False
2022-01-10,0.0,West,False
2022-01-11,0.0,West,False
2022-01-12,0.0,West,False
2022-01-13,0.0,West,False
2022-01-14,102.22,West,False
2022-01-15,0.0,West,False
2022-01-16,0.0,West,False
2022-01-17,0.0,West,False
2022-01-18,0.0,West,False
2022-01-19,1167.06,West,False
2022-01-20,187.91,West,False
2022-01-21,59.99,West,False
2022-01-22,0.0,West,False
2022-01-23,0.0,West,False
2022-01-24,0.0,West,False
2022-01-25,0.0,West,False
2022-01-26,39.68,West,False
2022-01-27,0.0,West,False
2022-01-28,883.01,West,False
2022-01-29,166.29,West,False
2022-01-30,105.52,West,False
2022-01-31,0.0,West,False
2022-02-01,0.0,West,False
2022-02-02,107.39,West,False
2022-02-03,918.97,West,False
2022-02-04,0.0,West,False
2022-02-05,623.96,West,False
2022-02-06,0.0,West,False
2022-02-07,121.83,West,False
2022-02-08,0.0,West,False
2022-02-09,0.0,West,False
2022-02-10,0.0,West,False
2022-02-11,146.82,West,False
2022-02-12,0.0,West,False
2022-02-13,0.0,West,False
2022-02-14,0.0,West,False
2022-02-15,0.0,West,False
2022-02-16,0.0,West,False
2022-02-17,70.88,West,False
2022-02-18,0.0,West,False
2022-02-19,511.95,West,False
2022-02-20,492.85,West,False
2022-02-21,0.0,West,False
2022-02-22,0.0,West,False
2022-02-23,0.0,West,False
2022-02-24,0.0,West,False
2022-02-25,0.0,West,False
2022-02-26,0.0,West,False
2022-02-27,0.0,West,False
2022-02-28,159.98,West,False
2022-03-01,0.0,West,False
2022-03-02,60.63,West,False
2022-03-03,16.99,West,False
2022-03-04,0.0,West,False
2022-03-05,0.0,West,False
2022-03-06,0.0,West,False
2022-03-07,9.7,West,False
2022-03-08,0.0,West,False
2022-03-09,7662.96,West,False
2022-03-10,0.0,West,False
2022-03-11,1652.34,West,False
2022-03-12,5353.15,West,False
2022-03-13,238.68,West,False
2022-03-14,1356.57,West,False
2022-03-15,0.0,West,False
2022-03-16,84.78,West,False
2022-03-17,0.0,West,False
2022-03-18,72.29,West,False
2022-03-19,132.71,West,False
2022-03-20,0.0,West,False
2022-03-21,226.47,West,False
2022-03-22,0.0,West,False
2022-03-23,403.17,West,False
2022-03-24,0.0,West,False
2022-03-25,34.68,West,False
2022-03-26,0.0,West,False
2022-03-27,93.9,West,False
2022-03-28,0.0,West,False
2022-03-29,0.0,West,False
2022-03-30,0.0,West,False
2022-03-31,61.7,West,False
2022-04-01,0.0,West,False
2022-04-02,0.0,West,False
2022-04-03,0.0,West,False
2022-04-04,0.0,West,False
2022-04-05,0.0,West,False
2022-04-06,1199.98,West,False
2022-04-07,122.66,West,False
2022-04-08,592.02,West,False
2022-04-09,928.12,West,False
2022-04-10,0.0,West,False
2022-04-11,901.91,West,False
2022-04-12,6.12,West,False
2022-04-13,1360.32,West,False
2022-04-14,1265.27,West,False
2022-04-15,28.8,West,False
2022-04-16,257.5,West,False
2022-04-17,0.0,West,False
2022-04-18,156.52,West,False
2022-04-19,0.0,West,False
2022-04-20,8.32,West,False
2022-04-21,1619.89,West,False
2022-04-22,441.57,West,False
2022-04-23,1348.4,West,False
2022-04-24,0.0,West,False
2022-04-25,0.0,West,False
2022-04-26,0.0,West,False
2022-04-27,71.04,West,False
2022-04-28,0.0,West,False
2022-04-29,111.89,West,False
2022-04-30,0.0,West,False
2022-05-01,0.0,West,False
2022-05-02,0.0,West,False
2022-05-03,0.0,West,False
2022-05-04,2320.35,West,False
2022-05-05,41.6,West,False
2022-05-06,0.0,West,False
2022-05-07,17.94,West,False
2022-05-08,126.02,West,False
2022-05-09,11.96,West,False
2022-05-10,5.98,West,False
2022-05-11,183.57,West,False
2022-05-12,0.0,West,False
2022-05-13,185.53,West,False
2022-05-14,0.0,West,False
2022-05-15,327.9,West,False
2022-05-16,0.0,West,False
2022-05-17,122.22,West,False
2022-05-18,97.42,West,False
2022-05-19,1105.26,West,False
2022-05-20,2517.84,West,False
2022-05-21,222.38,West,False
2022-05-22,37.05,West,False
2022-05-23,0.0,West,False
2022-05-24,0.0,West,False
2022-05-25,1119.15,West,False
2022-05-26,13.38,West,False
2022-05-27,1157.68,West,False
2022-05-28,0.0,West,False
2022-05-29,1081.03,West,False
2022-05-30,0.0,West,False
2022-05-31,0.0,West,False
2022-06-01,93.06,West,False
2022-06-02,71.09,West,False
2022-06-03,0.0,West,False
2022-06-04,141.17,West,False
2022-06-05,3650.44,West,False
2022-06-06,9.51,West,False
2022-06-07,0.0,West,False
2022-06-08,299.83,West,False
2022-06-09,1388.78,West,False
2022-06-10,1361.28,West,False
2022-06-11,213.46,West,False
2022-06-12,0.0,West,False
2022-06-13,3061.53,West,False
2022-06-14,0.0,West,False
2022-06-15,46.35,West,False
2022-06-16,1343.46,West,False
2022-06-17,0.0,West,False
2022-06-18,17.12,West,False
2022-06-19,453.8,West,False
2022-06-20,0.0,West,False
2022-06-21,0.0,West,False
2022-06-22,997.93,West,False
2022-06-23,4861.33,West,False
2022-06-24,60.81,West,False
2022-06-25,284.24,West,False
2022-06-26,201.58,West,False
2022-06-27,41.32,West,False
2022-06-28,0.0,West,False
2022-06-29,0.0,West,False
2022-06-30,1502.45,West,False
2022-07-01,195.18,West,False
2022-07-02,16.92,West,False
2022-07-03,1651.31,West,False
2022-07-04,0.0,West,False
2022-07-05,0.0,West,False
2022-07-06,3411.46,West,False
2022-07-07,852.36,West,False
2022-07-08,0.0,West,False
2022-07-09,61.63,West,False
2022-07-10,0.0,West,False
2022-07-11,95.76,West,False
2022-07-12,0.0,West,False
2022-07-13,673.66,West,False
2022-07-14,380.2,West,False
2022-07-15,0.0,West,False
2022-07-16,734.28,West,False
2022-07-17,2421.63,West,False
2022-07-18,425.95,West,False
2022-07-19,0.0,West,False
2022-07-20,423.05,West,False
2022-07-21,92.5,West,False
2022-07-22,0.0,West,False
2022-07-23,0.0,West,False
2022-07-24,744.9,West,False
2022-07-25,0.0,West,False
2022-07-26,0.0,West,False
2022-07-27,18.9,West,False
2022-07-28,0.0,West,False
2022-07-29,715.64,West,False
2022-07-30,863.13,West,False
2022-07-31,1085.69,West,False
2022-08-01,482.58,West,False
2022-08-02,0.0,West,False
2022-08-03,335.11,West,False
2022-08-04,0.0,West,False
2022-08-05,211.17,West,False
2022-08-06,179.97,West,False
2022-08-07,1016.18,West,False
2022-08-08,0.0,West,False
2022-08-09,0.0,West,False
2022-08-10,0.0,West,False
2022-08-11,0.0,West,False
2022-08-12,0.0,West,False
2022-08-13,121.09,West,False
2022-08-14,749.43,West,False
2022-08-15,204.54,West,False
2022-08-16,15.71,West,False
2022-08-17,0.0,West,False
2022-08-18,0.0,West,False
2022-08-19,0.0,West,False
2022-08-20,3372.56,West,False
2022-08-21,149.88,West,False
2022-08-22,1599.86,West,False
2022-08-23,0.0,West,False
2022-08-24,0.0,West,False
2022-08-25,1783.01,West,False
2022-08-26,0.0,West,False
2022-08-27,124.06,West,False
2022-08-28,0.0,West,False
2022-08-29,387.0,West,False
2022-08-30,0.0,West,False
2022-08-31,34.66,West,False
2022-09-01,3132.68,West,False
2022-09-02,0.0,West,False
2022-09-03,2824.23,West,False
2022-09-04,228.12,West,False
2022-09-05,0.0,West,False
2022-09-06,0.0,West,False
2022-09-07,631.06,West,False
2022-09-08,55.36,West,False
2022-09-09,420.02,West,False
2022-09-10,3761.01,West,False
2022-09-11,775.73,West,False
2022-09-12,0.0,West,False
2022-09-13,0.0,West,False
2022-09-14,1254.27,West,False
2022-09-15,304.11,West,False
2022-09-16,331.95,West,False
2022-09-17,2295.99,West,False
2022-09-18,187.0,West,False
2022-09-19,639.57,West,False
2022-09-20,0.0,West,False
2022-09-21,68.43,West,False
2022-09-22,234.63,West,False
2022-09-23,1547.5,West,False
2022-09-24,2011.57,West,False
2022-09-25,929.28,West,False
2022-09-26,1001.58,West,False
2022-09-27,0.0,West,False
2022-09-28,952.15,West,False
2022-09-29,0.0,West,False
2022-09-30,194.85,West,False
2022-10-01,54.79,West,False
2022-10-02,1027.68,West,False
2022-10-03,0.0,West,False
2022-10-04,0.0,West,False
2022-10-05,801.55,West,False
2022-10-06,968.78,West,False
2022-10-07,61.96,West,False
2022-10-08,170.98,West,False
2022-10-09,227.65,West,False
2022-10-10,0.0,West,False
2022-10-11,0.0,West,False
2022-10-12,1008.61,West,False
2022-10-13,177.0,West,False
2022-10-14,219.12,West,False
2022-10-15,0.0,West,False
2022-10-16,138.83,West,False
2022-10-17,307.92,West,False
2022-10-18,0.0,West,False
2022-10-19,406.44,West,False
2022-10-20,5477.85,West,False
2022-10-21,116.96,West,False
2022-10-22,17.05,West,False
2022-10-23,1109.97,West,False
2022-10-24,0.0,West,False
2022-10-25,0.0,West,False
2022-10-26,136.09,West,False
2022-10-27,495.94,West,False
2022-10-28,11.74,West,False
2022-10-29,3.62,West,False
2022-10-30,2489.34,West,False
2022-10-31,0.0,West,False
2022-11-01,0.0,West,False
2022-11-02,2244.42,West,False
2022-11-03,2643.16,West,False
2022-11-04,906.11,West,False
2022-11-05,404.82,West,False
2022-11-06,2286.49,West,False
2022-11-07,0.0,West,False
2022-11-08,479.97,West,False
2022-11-09,1778.3,West,False
2022-11-10,531.57,West,False
2022-11-11,920.95,West,False
2022-11-12,67.74,West,False
2022-11-13,17.22,West,False
2022-11-14,1515.7,West,False
2022-11-15,36.72,West,False
2022-11-16,60.28,West,False
2022-11-17,785.15,West,False
2022-11-18,31.96,West,False
2022-11-19,66.88,West,False
2022-11-20,227.54,West,False
2022-11-21,0.0,West,False
2022-11-22,0.0,West,False
2022-11-23,4300.38,West,False
2022-11-24,194.35,West,False
2022-11-25,4111.48,West,False
2022-11-26,311.8,West,False
2022-11-27,0.0,West,False
2022-11-28,0.0,West,False
2022-11-29,0.0,West,False
2022-11-30,1255.5,West,False
2022-12-01,468.95,West,False
2022-12-02,3079.54,West,False
2022-12-03,104.85,West,False
2022-12-04,407.98,West,False
2022-12-05,2207.2,West,False
2022-12-06,0.0,West,False
2022-12-07,1862.01,West,False
2022-12-08,273.92,West,False
2022-12-09,824.51,West,False
2022-12-10,3638.98,West,False
2022-12-11,440.16,West,False
2022-12-12,1130.21,West,False
2022-12-13,216.22,West,False
2022-12-14,666.13,West,False
2022-12-15,585.13,West,False
2022-12-16,2074.96,West,False
2022-12-17,2364.46,West,False
2022-12-18,471.62,West,False
2022-12-19,0.0,West,False
2022-12-20,0.0,West,False
2022-12-21,1017.54,West,False
2022-12-22,1506.02,West,False
2022-12-23,117.12,West,False
2022-12-24,5820.45,West,False
2022-12-25,1495.02,West,False
2022-12-26,20.16,West,False
2022-12-27,0.0,West,False
2022-12-28,81.01,West,False
2022-12-29,487.7,West,False
2022-12-30,504.17,West,False
2022-12-31,474.43,West,False
2023-01-01,16.59,West,False
2023-01-02,2070.27,West,False
2023-01-03,0.0,West,False
2023-01-04,0.0,West,False
2023-01-05,0.0,West,False
2023-01-06,332.8,West,False
2023-01-07,892.98,West,False
2023-01-08,0.0,West,False
2023-01-09,0.0,West,False
2023-01-10,0.0,West,False
2023-01-11,9.78,West,False
2023-01-12,0.0,West,False
2023-01-13,492.58,West,False
2023-01-14,21.4,West,False
2023-01-15,427.59,West,False
2023-01-16,0.0,West,False
2023-01-17,0.0,West,False
2023-01-18,0.0,West,False
2023-01-19,544.96,West,False
2023-01-20,654.25,West,False
2023-01-21,4189.38,West,False
2023-01-22,239.35,West,False
2023-01-23,412.99,West,False
2023-01-24,0.0,West,False
2023-01-25,11.84,West,False
2023-01-26,0.0,West,False
2023-01-27,277.71,West,False
2023-01-28,136.53,West,False
2023-01-29,876.41,West,False
2023-01-30,0.0,West,False
2023-01-31,0.0,West,False
2023-02-01,753.62,West,False
2023-02-02,0.0,West,False
2023-02-03,0.0,West,False
2023-02-04,2011.9,West,False
2023-02-05,29.9,West,False
2023-02-06,0.0,West,False
2023-02-07,0.0,West,False
2023-02-08,376.02,West,False
2023-02-09,203.98,West,False
2023-02-10,1073.26,West,False
2023-02-11,0.0,West,False
2023-02-12,914.12,West,False
2023-02-13,0.0,West,False
2023-02-14,0.0,West,False
2023-02-15,0.0,West,False
2023-02-16,0.0,West,False
2023-02-17,287.33,West,False
2023-02-18,68.73,West,False
2023-02-19,1130.62,West,False
2023-02-20,0.0,West,False
2023-02-21,0.0,West,False
2023-02-22,117.8,West,False
2023-02-23,0.0,West,False
2023-02-24,0.0,West,False
2023-02-25,2847.65,West,False
2023-02-26,0.0,West,False
2023-02-27,0.0,West,False
2023-02-28,0.0,West,False
2023-03-01,784.37,West,False
2023-03-02,1619.46,West,False
2023-03-03,24.57,West,False
2023-03-04,0.0,West,False
2023-03-05,611.47,West,False
2023-03-06,0.0,West,False
2023-03-07,174.56,West,False
2023-03-08,710.8,West,False
2023-03-09,111.96,West,False
2023-03-10,0.0,West,False
2023-03-11,242.94,West,False
2023-03-12,2427.14,West,False
2023-03-13,0.0,West,False
2023-03-14,0.0,West,False
2023-03-15,1253.9,West,False
2023-03-16,17.46,West,False
2023-03-17,170.36,West,False
2023-03-18,2128.39,West,False
2023-03-19,265.93,West,False
2023-03-20,1170.34,West,False
2023-03-21,0.0,West,False
2023-03-22,14299.08,West,False
2023-03-23,0.0,West,False
2023-03-24,1092.23,West,False
2023-03-25,19.83,West,False
2023-03-26,168.58,West,False
2023-03-27,1435.96,West,False
2023-03-28,0.0,West,False
2023-03-29,265.07,West,False
2023-03-30,29.7,West,False
2023-03-31,5410.1,West,False
2023-04-01,25.11,West,False
2023-04-02,0.0,West,False
2023-04-03,0.0,West,False
2023-04-04,0.0,West,False
2023-04-05,0.0,West,False
2023-04-06,0.0,West,False
2023-04-07,440.31,West,False
2023-04-08,0.0,West,False
2023-04-09,0.0,West,False
2023-04-10,241.81,West,False
2023-04-11,0.0,West,False
2023-04-12,1337.9,West,False
2023-04-13,0.0,West,False
2023-04-14,275.59,West,False
2023-04-15,349.49,West,False
2023-04-16,3176.01,West,False
2023-04-17,0.0,West,False
2023-04-18,0.0,West,False
2023-04-19,0.0,West,False
2023-04-20,174.14,West,False
2023-04-21,18.28,West,False
2023-04-22,213.73,West,False
2023-04-23,553.81,West,False
2023-04-24,568.14,West,False
2023-04-25,59.62,West,False
2023-04-26,323.19,West,False
2023-04-27,0.0,West,False
2023-04-28,0.0,West,False
2023-04-29,292.5,West,False
2023-04-30,0.0,West,False
2023-05-01,269.18,West,False
2023-05-02,881.84,West,False
2023-05-03,745.63,West,False
2023-05-04,143.94,West,False
2023-05-05,237.36,West,False
2023-05-06,499.93,West,False
2023-05-07,3441.03,West,False
2023-05-08,805.99,West,False
2023-05-09,0.0,West,False
2023-05-10,311.04,West,False
2023-05-11,551.04,West,False
2023-05-12,58.48,West,False
2023-05-13,1922.8,West,False
2023-05-14,353.43,West,False
2023-05-15,0.0,West,False
2023-05-16,0.0,West,False
2023-05-17,344.7,West,False
2023-05-18,957.11,West,False
2023-05-19,2064.77,West,False
2023-05-20,0.0,West,False
2023-05-21,130.64,West,False
2023-05-22,171.29,West,False
2023-05-23,0.0,West,False
2023-05-24,0.0,West,False
2023-05-25,12.96,West,False
2023-05-26,944.13,West,False
2023-05-27,483.48,West,False
2023-05-28,0.0,West,False
2023-05-29,278.36,West,False
2023-05-30,0.0,West,False
2023-05-31,0.0,West,False
2023-06-01,69.26,West,False
2023-06-02,1296.38,West,False
2023-06-03,0.0,West,False
2023-06-04,0.0,West,False
2023-06-05,31.35,West,False
2023-06-06,0.0,West,False
2023-06-07,1712.49,West,False
2023-06-08,0.0,West,False
2023-06-09,970.75,West,False
2023-06-10,1572.56,West,False
2023-06-11,91.42,West,False
2023-06-12,291.14,West,False
2023-06-13,0.0,West,False
2023-06-14,172.2,West,False
2023-06-15,1459.78,West,False
2023-06-16,366.94,West,False
2023-06-17,956.8,West,False
2023-06-18,74.88,West,False
2023-06-19,0.0,West,False
2023-06-20,0.0,West,False
2023-06-21,0.0,West,False
2023-06-22,0.0,West,False
2023-06-23,520.22,West,False
2023-06-24,959.08,West,False
2023-06-25,515.69,West,False
2023-06-26,1433.19,West,False
2023-06-27,0.0,West,False
2023-06-28,2708.95,West,False
2023-06-29,716.74,West,False
2023-06-30,0.0,West,False
2023-07-01,0.0,West,False
2023-07-02,4914.13,West,False
2023-07-03,0.0,West,False
2023-07-04,0.0,West,False
2023-07-05,122.14,West,False
2023-07-06,5.94,West,False
2023-07-07,1465.53,West,False
2023-07-08,1.08,West,False
2023-07-09,0.0,West,False
2023-07-10,1565.97,West,False
2023-07-11,0.0,West,False
2023-07-12,0.0,West,False
2023-07-13,988.21,West,False
2023-07-14,0.0,West,False
2023-07-15,0.0,West,False
2023-07-16,1775.01,West,False
2023-07-17,1298.91,West,False
2023-07-18,0.0,West,False
2023-07-19,0.0,West,False
2023-07-20,2019.62,West,False
2023-07-21,0.0,West,False
2023-07-22,73.51,West,False
2023-07-23,2399.96,West,False
2023-07-24,0.0,West,False
2023-07-25,2012.3,West,False
2023-07-26,297.99,West,False
2023-07-27,1170.56,West,False
2023-07-28,206.53,West,False
2023-07-29,356.65,West,False
2023-07-30,93.52,West,False
2023-07-31,241.44,West,False
2023-08-01,0.0,West,False
2023-08-02,291.64,West,False
2023-08-03,16.75,West,False
2023-08-04,0.0,West,False
2023-08-05,0.0,West,False
2023-08-06,2981.58,West,False
2023-08-07,0.0,West,False
2023-08-08,0.0,West,False
2023-08-09,0.0,West,False
2023-08-10,0.0,West,False
2023-08-11,1655.02,West,False
2023-08-12,242.69,West,False
2023-08-13,440.74,West,False
2023-08-14,0.0,West,False
2023-08-15,0.0,West,False
2023-08-16,3397.74,West,False
2023-08-17,6522.65,West,False
2023-08-18,102.72,West,False
2023-08-19,616.7,West,False
2023-08-20,2865.01,West,False
2023-08-21,210.01,West,False
2023-08-22,0.0,West,False
2023-08-23,0.0,West,False
2023-08-24,0.0,West,False
2023-08-25,0.0,West,False
2023-08-26,3092.37,West,False
2023-08-27,1278.16,West,False
2023-08-28,148.02,West,False
2023-08-29,0.0,West,False
2023-08-30,1634.66,West,False
2023-08-31,648.65,West,False
2023-09-01,1477.0,West,False
2023-09-02,613.16,West,False
2023-09-03,4156.79,West,False
2023-09-04,2.78,West,False
2023-09-05,0.0,West,False
2023-09-06,1269.12,West,False
2023-09-07,0.0,West,False
2023-09-08,606.48,West,False
2023-09-09,369.53,West,False
2023-09-10,4511.97,West,False
2023-09-11,174.8,West,False
2023-09-12,0.0,West,False
2023-09-13,56.7,West,False
2023-09-14,4479.36,West,False
2023-09-15,32.7,West,False
2023-09-16,1885.03,West,False
2023-09-17,274.8,West,False
2023-09-18,1479.93,West,False
2023-09-19,0.0,West,False
2023-09-20,223.33,West,False
2023-09-21,49.14,West,False
2023-09-22,1496.13,West,False
2023-09-23,1603.66,West,False
2023-09-24,39.9,West,False
2023-09-25,1067.44,West,False
2023-09-26,0.0,West,False
2023-09-27,544.5,West,False
2023-09-28,500.54,West,False
2023-09-29,343.57,West,False
2023-09-30,1162.06,West,False
2023-10-01,2542.21,West,False
2023-10-02,171.29,West,False
2023-10-03,0.0,West,False
2023-10-04,938.75,West,False
2023-10-05,317.08,West,False
2023-10-06,1632.24,West,False
2023-10-07,419.83,West,False
2023-10-08,35.2,West,False
2023-10-09,0.0,West,False
2023-10-10,0.0,West,False
2023-10-11,1219.42,West,False
2023-10-12,5325.88,West,False
2023-10-13,55.82,West,False
2023-10-14,1004.89,West,False
2023-10-15,907.77,West,False
2023-10-16,63.43,West,False
2023-10-17,0.0,West,False
2023-10-18,135.01,West,False
2023-10-19,24.68,West,False
2023-10-20,520.62,West,False
2023-10-21,759.54,West,False
2023-10-22,0.0,West,False
2023-10-23,0.0,West,False
2023-10-24,0.0,West,False
2023-10-25,0.0,West,False
2023-10-26,958.83,West,False
2023-10-27,0.0,West,False
2023-10-28,0.0,West,False
2023-10-29,3017.88,West,False
2023-10-30,0.0,West,False
2023-10-31,2690.74,West,False
2023-11-01,1370.27,West,False
2023-11-02,2945.42,West,False
2023-11-03,0.0,West,False
2023-11-04,419.33,West,False
2023-11-05,2820.81,West,False
2023-11-06,1283.1,West,False
2023-11-07,0.0,West,False
2023-11-08,950.04,West,False
2023-11-09,2292.0,West,False
2023-11-10,186.85,West,False
2023-11-11,1212.03,West,False
2023-11-12,3426.22,West,False
2023-11-13,355.81,West,False
2023-11-14,0.0,West,False
2023-11-15,3307.92,West,False
2023-11-16,37.67,West,False
2023-11-17,409.55,West,False
2023-11-18,355.68,West,False
2023-11-19,410.58,West,False
2023-11-20,2105.85,West,False
2023-11-21,0.0,West,False
2023-11-22,0.0,West,False
2023-11-23,1130.88,West,False
2023-11-24,449.18,West,False
2023-11-25,0.0,West,False
2023-11-26,604.61,West,False
2023-11-27,151.42,West,False
2023-11-28,0.0,West,False
2023-11-29,25.83,West,False
2023-11-30,2517.05,West,False
2023-12-01,4219.42,West,False
2023-12-02,994.76,West,False
2023-12-03,11.76,West,False
2023-12-04,629.79,West,False
2023-12-05,10.68,West,False
2023-12-06,424.42,West,False
2023-12-07,4487.38,West,False
2023-12-08,2121.93,West,False
2023-12-09,2256.13,West,False
2023-12-10,0.0,West,False
2023-12-11,0.0,West,False
2023-12-12,292.96,West,False
2023-12-13,134.91,West,False
2023-12-14,296.7,West,False
2023-12-15,814.52,West,False
2023-12-16,535.58,West,False
2023-12-17,344.23,West,False
2023-12-18,230.31,West,False
2023-12-19,0.0,West,False
2023-12-20,1136.89,West,False
2023-12-21,784.48,West,False
2023-12-22,13.48,West,False
2023-12-23,4846.28,West,False
2023-12-24,428.03,West,False
2023-12-25,0.0,West,False
2023-12-26,0.0,West,False
2023-12-27,1197.66,West,False
2023-12-28,885.13,West,False
2023-12-29,37.64,West,False
2023-12-30,982.7237207126526,West,True
2023-12-31,1104.4253497900386,West,True
2024-01-01,544.6059365238198,West,True
2024-01-02,258.47587705939156,West,True
2024-01-03,928.5106179804175,West,True
2024-01-04,1080.5814986127723,West,True
2024-01-05,805.0028848351292,West,True
2024-01-06,982.7238996443685,West,True
2024-01-07,1104.4255273235938,West,True
2024-01-08,544.6061126701397,West,True
2024-01-09,258.4760518293159,West,True
2024-01-10,928.5107913847014,West,True
2024-01-11,1080.5816706620865,West,True
2024-01-12,805.0030555400615,West,True
