order_date,region,regional_manager,total_sales,total_profit,total_cogs,total_units,orders,profit_margin
2020-01-02,Central,Neelam Nilam,16.45,5.55,10.9,2,1,0.3374
2020-01-03,Central,Neelam Nilam,288.06,-65.99,354.05,8,3,-0.2291
2020-01-04,East,Rylee Sasa,19.54,4.88,14.65,3,1,0.2497
2020-01-05,South,Sam Abioye,4387.66,1348.72,3038.94,27,8,0.3074
2020-01-05,West,Sasha Ellington,19.44,9.33,10.11,3,1,0.4799
2020-01-06,Central,Neelam Nilam,87.16,-71.96,159.12,10,2,-0.8256
2020-01-08,Central,Neelam Nilam,40.54,10.92,29.63,5,2,0.2694
2020-01-09,South,Sam Abioye,54.83,22.66,32.17,2,2,0.4133
2020-01-10,East,Rylee Sasa,9.94,3.08,6.86,2,1,0.3099
2020-01-12,East,Rylee Sasa,40.85,10.57,30.28,9,2,0.2588
2020-01-12,South,Sam Abioye,1833.2,413.92,1419.28,26,6,0.2258
2020-01-12,West,Sasha Ellington,1679.75,249.15,1430.6,13,3,0.1483
2020-01-13,East,Rylee Sasa,61.96,-53.29,115.25,4,1,-0.8601
2020-01-14,South,Sam Abioye,149.95,65.98,83.97,5,1,0.44
2020-01-15,East,Rylee Sasa,299.96,-5.93,305.9,14,4,-0.0198
2020-01-17,West,Sasha Ellington,64.86,6.49,58.38,4,1,0.1001
2020-01-18,West,Sasha Ellington,378.59,-288.01,666.6,24,4,-0.7607
2020-01-19,Central,Neelam Nilam,708.62,183.55,525.07,26,8,0.259
2020-01-19,South,Sam Abioye,1926.59,385.73,1540.86,28,7,0.2002
2020-01-19,West,Sasha Ellington,38.66,15.08,23.58,4,2,0.3901
2020-01-20,South,Sam Abioye,25.25,4.1,21.15,3,1,0.1624
2020-01-22,Central,Neelam Nilam,5.94,0.0,5.94,3,1,0.0
2020-01-22,West,Sasha Ellington,40.08,19.24,20.84,6,1,0.48
2020-01-25,Central,Neelam Nilam,152.64,44.77,107.87,4,2,0.2933
2020-01-25,South,Sam Abioye,944.61,105.55,839.06,34,7,0.1117
2020-01-26,West,Sasha Ellington,426.67,9.69,416.98,8,3,0.0227
2020-01-27,East,Rylee Sasa,3.93,1.33,2.6,1,1,0.3384
2020-01-29,Central,Neelam Nilam,240.5,11.65,228.85,4,2,0.0484
2020-01-30,West,Sasha Ellington,290.67,3.42,287.25,2,1,0.0118
2020-01-31,Central,Neelam Nilam,468.9,206.32,262.58,6,1,0.44
2020-02-01,South,Sam Abioye,199.3,1.35,197.95,7,2,0.0068
2020-02-01,West,Sasha Ellington,12.35,5.8,6.55,5,1,0.4696
2020-02-02,West,Sasha Ellington,97.11,31.56,65.55,5,2,0.325
2020-02-03,West,Sasha Ellington,134.39,51.14,83.24,9,3,0.3805
2020-02-05,Central,Neelam Nilam,8.95,-14.77,23.72,2,1,-1.6503
2020-02-05,South,Sam Abioye,321.56,91.26,230.3,10,3,0.2838
2020-02-06,East,Rylee Sasa,180.32,59.34,120.98,11,2,0.3291
2020-02-07,West,Sasha Ellington,14.56,5.53,9.03,2,1,0.3798
2020-02-10,Central,Neelam Nilam,535.27,106.78,428.49,14,6,0.1995
2020-02-10,South,Sam Abioye,1508.13,186.74,1321.39,11,3,0.1238
2020-02-11,West,Sasha Ellington,129.57,-24.29,153.86,2,1,-0.1875
2020-02-13,Central,Neelam Nilam,16.18,6.07,10.11,3,1,0.3752
2020-02-13,West,Sasha Ellington,560.55,114.11,446.44,7,3,0.2036
2020-02-14,West,Sasha Ellington,21.36,7.21,14.15,5,1,0.3375
2020-02-15,Central,Neelam Nilam,9.04,-15.66,24.7,5,2,-1.7323
2020-02-16,Central,Neelam Nilam,54.21,8.81,45.4,14,1,0.1625
2020-02-17,Central,Neelam Nilam,37.78,-13.84,51.63,7,2,-0.3663
2020-02-19,Central,Neelam Nilam,82.63,29.34,53.29,7,2,0.3551
2020-02-19,West,Sasha Ellington,12.96,6.22,6.74,2,1,0.4799
2020-02-20,Central,Neelam Nilam,8.85,-13.72,22.57,5,1,-1.5503
2020-02-21,West,Sasha Ellington,19.44,9.33,10.11,3,1,0.4799
2020-02-22,Central,Neelam Nilam,11.37,-4.52,15.89,6,2,-0.3975
2020-02-23,West,Sasha Ellington,55.68,18.79,36.88,7,2,0.3375
2020-02-26,East,Rylee Sasa,19.46,3.4,16.05,4,1,0.1747
2020-02-28,Central,Neelam Nilam,1739.64,-262.04,2001.68,35,8,-0.1506
2020-02-28,East,Rylee Sasa,5.94,1.6,4.34,3,1,0.2694
2020-02-28,West,Sasha Ellington,457.57,51.48,406.09,2,1,0.1125
2020-02-29,East,Rylee Sasa,202.38,56.01,146.37,11,4,0.2768
2020-03-01,Central,Neelam Nilam,176.77,-459.61,636.38,3,1,-2.6
2020-03-01,East,Rylee Sasa,523.31,-150.11,673.42,25,6,-0.2868
2020-03-01,South,Sam Abioye,19.46,3.4,16.05,4,1,0.1747
2020-03-01,West,Sasha Ellington,626.35,-23.49,649.84,3,1,-0.0375
2020-03-02,South,Sam Abioye,370.45,20.07,350.38,8,2,0.0542
2020-03-03,East,Rylee Sasa,705.56,261.2,444.36,16,5,0.3702
2020-03-05,West,Sasha Ellington,1561.06,134.16,1426.91,27,8,0.0859
2020-03-08,Central,Neelam Nilam,22.38,10.74,11.64,2,1,0.4799
2020-03-08,West,Sasha Ellington,719.58,-6.55,726.13,7,2,-0.0091
2020-03-09,East,Rylee Sasa,127.7,53.0,74.7,25,3,0.415
2020-03-09,South,Sam Abioye,782.63,223.98,558.65,11,4,0.2862
2020-03-09,West,Sasha Ellington,7.98,2.07,5.91,3,1,0.2594
2020-03-12,Central,Neelam Nilam,583.36,158.69,424.67,4,2,0.272
2020-03-12,South,Sam Abioye,1230.98,316.85,914.13,10,2,0.2574
2020-03-12,West,Sasha Ellington,294.22,52.97,241.25,24,7,0.18
2020-03-13,South,Sam Abioye,370.79,33.61,337.19,14,5,0.0906
2020-03-14,South,Sam Abioye,471.92,29.5,442.43,2,1,0.0625
2020-03-15,Central,Neelam Nilam,275.1,115.84,159.25,37,8,0.4211
2020-03-15,East,Rylee Sasa,3581.76,-990.52,4572.27,31,6,-0.2765
2020-03-15,South,Sam Abioye,103.5,42.81,60.69,14,5,0.4136
2020-03-16,South,Sam Abioye,23661.24,-1789.74,25450.96,25,7,-0.0756
2020-03-16,West,Sasha Ellington,4445.49,835.02,3610.47,23,4,0.1878
2020-03-17,South,Sam Abioye,590.77,68.63,522.13,23,7,0.1162
2020-03-19,East,Rylee Sasa,13.46,2.79,10.66,5,2,0.2073
2020-03-19,South,Sam Abioye,4096.36,1052.58,3043.78,34,9,0.257
2020-03-20,Central,Neelam Nilam,16.28,6.51,9.77,2,1,0.3999
2020-03-20,South,Sam Abioye,59.11,-45.32,104.42,9,2,-0.7667
2020-03-20,West,Sasha Ellington,388.7,-12.12,400.84,6,2,-0.0312
2020-03-21,South,Sam Abioye,9.91,3.22,6.69,3,1,0.3249
2020-03-21,West,Sasha Ellington,935.15,123.7,811.46,8,2,0.1323
2020-03-22,East,Rylee Sasa,24.9,11.7,13.2,5,1,0.4699
2020-03-22,West,Sasha Ellington,40.48,14.57,25.91,2,1,0.3599
2020-03-23,East,Rylee Sasa,366.79,65.21,301.58,7,1,0.1778
2020-03-23,West,Sasha Ellington,92.36,31.46,60.9,14,4,0.3406
2020-03-24,West,Sasha Ellington,145.13,30.77,114.37,16,5,0.212
2020-03-26,Central,Neelam Nilam,1190.84,109.5,1081.34,7,2,0.092
2020-03-26,East,Rylee Sasa,330.59,-143.25,473.84,1,1,-0.4333
2020-03-26,West,Sasha Ellington,302.38,22.68,279.7,3,1,0.075
2020-03-27,Central,Neelam Nilam,890.84,-152.72,1043.56,3,1,-0.1714
2020-03-28,Central,Neelam Nilam,844.26,198.86,645.41,21,4,0.2355
2020-03-28,East,Rylee Sasa,60.15,23.79,36.36,10,2,0.3955
2020-03-28,West,Sasha Ellington,265.91,10.1,255.8,8,3,0.038
2020-03-29,Central,Neelam Nilam,88.11,0.17,87.95,9,2,0.0019
2020-03-29,East,Rylee Sasa,0.85,-0.6,1.45,1,1,-0.7059
2020-03-29,South,Sam Abioye,1144.04,88.11,1055.92,15,4,0.077
2020-03-29,West,Sasha Ellington,726.55,267.42,459.13,4,2,0.3681
2020-03-30,East,Rylee Sasa,73.2,5.74,67.46,6,2,0.0784
2020-03-30,West,Sasha Ellington,46.69,20.35,26.33,6,2,0.4359
2020-03-31,Central,Neelam Nilam,60.21,19.82,40.39,12,2,0.3292
2020-03-31,South,Sam Abioye,1398.35,387.58,1010.77,17,4,0.2772
2020-04-01,West,Sasha Ellington,233.45,85.6,147.85,7,3,0.3667
2020-04-02,Central,Neelam Nilam,84.83,26.16,58.67,5,2,0.3084
2020-04-02,South,Sam Abioye,364.93,67.97,296.96,12,4,0.1863
2020-04-02,West,Sasha Ellington,26.08,11.32,14.77,8,2,0.434
2020-04-03,Central,Neelam Nilam,872.34,58.47,813.87,24,6,0.067
2020-04-03,East,Rylee Sasa,55.48,26.63,28.85,1,1,0.48
2020-04-03,South,Sam Abioye,4367.28,168.81,4198.47,29,6,0.0387
2020-04-04,East,Rylee Sasa,326.75,-52.33,379.1,12,4,-0.1602
2020-04-04,West,Sasha Ellington,1323.93,351.84,972.09,26,9,0.2658
2020-04-05,South,Sam Abioye,1021.17,305.06,716.11,22,5,0.2987
2020-04-06,East,Rylee Sasa,172.11,-94.66,266.77,1,1,-0.55
2020-04-06,South,Sam Abioye,1215.92,316.14,899.78,8,1,0.26
2020-04-06,West,Sasha Ellington,570.72,138.37,432.35,18,5,0.2424
2020-04-09,Central,Neelam Nilam,758.35,265.42,492.93,6,1,0.35
2020-04-09,South,Sam Abioye,737.2,129.54,607.65,15,4,0.1757
2020-04-09,West,Sasha Ellington,419.68,128.29,291.4,16,4,0.3057
2020-04-10,Central,Neelam Nilam,32.4,15.55,16.85,5,1,0.4799
2020-04-10,West,Sasha Ellington,1879.73,137.11,1742.62,30,5,0.0729
2020-04-11,East,Rylee Sasa,638.58,-384.8,1023.38,42,5,-0.6026
2020-04-13,West,Sasha Ellington,294.72,108.0,186.72,6,2,0.3664
2020-04-14,South,Sam Abioye,39.07,9.77,29.3,6,1,0.2501
2020-04-16,Central,Neelam Nilam,697.08,61.8,635.29,11,4,0.0887
2020-04-16,West,Sasha Ellington,323.46,108.14,215.32,15,4,0.3343
2020-04-17,South,Sam Abioye,129.33,60.91,68.42,14,2,0.471
2020-04-17,West,Sasha Ellington,76.14,26.65,49.49,3,1,0.35
2020-04-18,Central,Neelam Nilam,1190.53,-222.01,1412.55,12,3,-0.1865
2020-04-18,West,Sasha Ellington,59.92,27.56,32.36,4,1,0.4599
2020-04-19,South,Sam Abioye,828.84,0.0,828.84,6,1,0.0
2020-04-19,West,Sasha Ellington,16.52,5.58,10.94,5,1,0.3378
2020-04-20,East,Rylee Sasa,257.75,124.79,132.97,11,2,0.4842
2020-04-21,East,Rylee Sasa,595.07,-23.29,618.36,19,5,-0.0391
2020-04-21,West,Sasha Ellington,48.91,22.99,25.92,1,1,0.47
2020-04-23,Central,Neelam Nilam,16.61,4.18,12.43,5,2,0.2517
2020-04-23,South,Sam Abioye,302.38,37.8,264.58,3,1,0.125
2020-04-23,West,Sasha Ellington,2061.01,290.89,1770.12,13,3,0.1411
2020-04-24,West,Sasha Ellington,282.57,40.76,241.81,16,4,0.1442
2020-04-26,East,Rylee Sasa,898.52,166.18,732.34,24,8,0.1849
2020-04-26,West,Sasha Ellington,1679.96,126.0,1553.96,5,1,0.075
2020-04-27,East,Rylee Sasa,37.44,11.13,26.31,4,2,0.2973
2020-04-27,South,Sam Abioye,731.4,90.55,640.86,12,4,0.1238
2020-04-28,South,Sam Abioye,1048.74,276.5,772.24,13,3,0.2636
2020-04-30,East,Rylee Sasa,26.14,1.96,24.18,3,1,0.075
2020-04-30,South,Sam Abioye,479.98,90.0,389.99,2,1,0.1875
2020-05-01,Central,Neelam Nilam,21.56,10.35,11.21,7,1,0.4801
2020-05-01,East,Rylee Sasa,51.08,18.51,32.56,6,2,0.3624
2020-05-02,Central,Neelam Nilam,90.11,25.75,64.37,12,3,0.2858
2020-05-02,East,Rylee Sasa,27.46,9.89,17.57,2,1,0.3602
2020-05-02,West,Sasha Ellington,69.86,22.93,46.93,11,2,0.3282
2020-05-03,Central,Neelam Nilam,173.12,-5.17,178.29,5,2,-0.0299
2020-05-03,South,Sam Abioye,87.86,39.69,48.17,10,5,0.4517
2020-05-04,West,Sasha Ellington,254.46,85.72,168.74,16,3,0.3369
2020-05-05,East,Rylee Sasa,1091.35,215.82,875.53,12,4,0.1978
2020-05-06,East,Rylee Sasa,1799.97,240.0,1559.97,5,1,0.1333
2020-05-07,South,Sam Abioye,158.71,50.8,107.92,18,4,0.3201
2020-05-07,West,Sasha Ellington,235.77,44.38,191.39,7,2,0.1882
2020-05-08,East,Rylee Sasa,372.29,-211.68,583.96,12,2,-0.5686
2020-05-08,West,Sasha Ellington,1971.51,269.5,1702.02,22,6,0.1367
2020-05-09,Central,Neelam Nilam,1606.88,-299.3,1906.19,29,7,-0.1863
2020-05-09,East,Rylee Sasa,35.91,9.7,26.21,3,1,0.2701
2020-05-10,Central,Neelam Nilam,34.79,10.78,24.01,7,1,0.3099
2020-05-10,East,Rylee Sasa,700.06,-130.01,830.07,3,1,-0.1857
2020-05-11,South,Sam Abioye,405.45,-329.56,735.02,10,2,-0.8128
2020-05-11,West,Sasha Ellington,492.93,87.28,405.65,13,4,0.1771
2020-05-12,South,Sam Abioye,310.88,23.32,287.56,2,1,0.075
2020-05-14,West,Sasha Ellington,289.28,20.85,268.43,8,2,0.0721
2020-05-15,Central,Neelam Nilam,91.68,45.84,45.84,3,1,0.5
2020-05-16,Central,Neelam Nilam,3.98,1.44,2.54,1,1,0.3618
2020-05-16,East,Rylee Sasa,944.97,-159.45,1104.41,9,3,-0.1687
2020-05-17,Central,Neelam Nilam,57.42,26.41,31.01,9,1,0.4599
2020-05-17,South,Sam Abioye,34.2,9.23,24.97,5,1,0.2699
2020-05-18,Central,Neelam Nilam,108.44,-19.34,127.78,12,4,-0.1783
2020-05-18,East,Rylee Sasa,211.66,81.4,130.26,20,3,0.3846
2020-05-19,Central,Neelam Nilam,186.9,-37.61,224.51,12,4,-0.2012
2020-05-19,East,Rylee Sasa,711.68,297.09,414.59,16,3,0.4174
2020-05-19,South,Sam Abioye,3333.9,1449.52,1884.38,10,2,0.4348
2020-05-19,West,Sasha Ellington,31.84,10.51,21.33,8,1,0.3301
2020-05-20,South,Sam Abioye,180.93,46.59,134.35,3,2,0.2575
2020-05-21,East,Rylee Sasa,310.8,51.82,258.98,21,6,0.1667
2020-05-21,West,Sasha Ellington,12.96,6.22,6.74,2,1,0.4799
2020-05-22,East,Rylee Sasa,116.28,56.98,59.3,3,1,0.49
2020-05-23,Central,Neelam Nilam,104.92,-190.51,295.43,4,2,-1.8158
2020-05-23,East,Rylee Sasa,14.62,6.73,7.89,2,1,0.4603
2020-05-24,Central,Neelam Nilam,475.78,5.74,470.05,8,3,0.0121
2020-05-24,West,Sasha Ellington,849.93,124.77,725.17,13,5,0.1468
2020-05-25,Central,Neelam Nilam,17.46,-30.56,48.02,6,1,-1.7503
2020-05-25,West,Sasha Ellington,2139.93,142.1,1997.83,27,4,0.0664
2020-05-26,West,Sasha Ellington,221.97,59.31,162.66,14,3,0.2672
2020-05-28,Central,Neelam Nilam,1075.44,-49.84,1125.27,6,2,-0.0463
2020-05-28,East,Rylee Sasa,835.86,265.74,570.12,18,5,0.3179
2020-05-28,South,Sam Abioye,13.62,6.13,7.49,3,1,0.4501
2020-05-29,South,Sam Abioye,773.7,230.97,542.73,6,2,0.2985
2020-05-30,Central,Neelam Nilam,3949.71,1233.56,2716.15,33,7,0.3123
2020-05-30,East,Rylee Sasa,334.68,104.79,229.89,9,2,0.3131
2020-05-30,South,Sam Abioye,904.13,238.4,665.73,13,2,0.2637
2020-05-31,South,Sam Abioye,605.47,176.92,428.55,7,3,0.2922
2020-05-31,West,Sasha Ellington,133.13,41.44,91.69,9,2,0.3113
2020-06-01,Central,Neelam Nilam,225.46,-17.38,242.84,16,4,-0.0771
2020-06-01,West,Sasha Ellington,515.88,113.49,402.39,6,1,0.22
2020-06-02,East,Rylee Sasa,456.27,-6.49,462.75,12,5,-0.0142
2020-06-04,Central,Neelam Nilam,138.81,0.44,138.37,15,3,0.0032
2020-06-04,East,Rylee Sasa,1171.8,-287.25,1459.05,16,4,-0.2451
2020-06-04,South,Sam Abioye,63.39,21.57,41.82,3,2,0.3403
2020-06-05,Central,Neelam Nilam,281.4,-230.33,511.72,6,2,-0.8185
2020-06-06,East,Rylee Sasa,1745.36,109.52,1635.84,8,2,0.0627
2020-06-06,South,Sam Abioye,170.35,10.65,159.71,3,1,0.0625
2020-06-06,West,Sasha Ellington,585.55,73.19,512.36,3,1,0.125
2020-06-07,Central,Neelam Nilam,142.34,17.16,125.19,5,3,0.1206
2020-06-07,South,Sam Abioye,1441.3,245.02,1196.28,7,1,0.17
2020-06-07,West,Sasha Ellington,3879.35,366.87,3512.5,54,12,0.0946
2020-06-08,Central,Neelam Nilam,491.55,240.86,250.69,5,1,0.49
2020-06-11,West,Sasha Ellington,14.52,4.79,9.73,3,1,0.3299
2020-06-12,Central,Neelam Nilam,212.94,57.49,155.45,3,1,0.27
2020-06-13,Central,Neelam Nilam,942.97,-78.25,1021.21,11,4,-0.083
2020-06-14,Central,Neelam Nilam,647.84,32.39,615.45,8,1,0.05
2020-06-14,East,Rylee Sasa,115.95,44.3,71.65,12,3,0.3821
2020-06-15,Central,Neelam Nilam,62.02,22.48,39.54,2,1,0.3625
2020-06-15,East,Rylee Sasa,65.97,31.01,34.96,3,1,0.4701
2020-06-15,West,Sasha Ellington,3290.52,1073.14,2217.37,11,3,0.3261
2020-06-16,West,Sasha Ellington,139.8,12.23,127.57,5,1,0.0875
2020-06-18,Central,Neelam Nilam,1828.95,-62.95,1891.91,32,9,-0.0344
2020-06-19,East,Rylee Sasa,3645.53,775.42,2870.12,42,13,0.2127
2020-06-19,South,Sam Abioye,425.67,98.93,326.74,5,3,0.2324
2020-06-19,West,Sasha Ellington,36.25,-24.91,61.16,9,2,-0.6872
2020-06-20,Central,Neelam Nilam,663.75,9.72,654.03,6,2,0.0146
2020-06-20,East,Rylee Sasa,1106.77,-20.04,1126.81,11,3,-0.0181
2020-06-20,West,Sasha Ellington,204.98,50.54,154.45,9,2,0.2466
2020-06-21,East,Rylee Sasa,86.38,1.08,85.3,3,1,0.0125
2020-06-21,South,Sam Abioye,23.12,2.1,21.01,10,2,0.0908
2020-06-22,West,Sasha Ellington,4.27,0.96,3.31,2,1,0.2248
2020-06-23,West,Sasha Ellington,792.76,49.73,743.03,22,4,0.0627
2020-06-25,South,Sam Abioye,616.14,76.1,540.04,10,3,0.1235
2020-06-26,Central,Neelam Nilam,6.08,3.04,3.04,1,1,0.5
2020-06-26,East,Rylee Sasa,1639.72,106.72,1533.0,23,5,0.0651
2020-06-27,East,Rylee Sasa,46.68,8.56,38.12,10,2,0.1834
2020-06-28,Central,Neelam Nilam,52.48,17.9,34.58,15,3,0.3411
2020-06-28,East,Rylee Sasa,344.06,112.54,231.52,11,3,0.3271
2020-06-28,South,Sam Abioye,310.69,108.74,201.95,7,1,0.35
2020-06-28,West,Sasha Ellington,32.4,10.37,22.03,5,1,0.3201
2020-06-29,South,Sam Abioye,581.1,68.36,512.74,8,2,0.1176
2020-06-29,West,Sasha Ellington,19.92,6.97,12.95,5,1,0.3499
2020-06-30,East,Rylee Sasa,79.56,22.15,57.41,3,2,0.2784
2020-07-02,South,Sam Abioye,37.44,18.56,18.88,8,2,0.4957
2020-07-02,West,Sasha Ellington,209.97,65.38,144.59,6,2,0.3114
2020-07-03,Central,Neelam Nilam,502.2,-79.34,581.53,14,2,-0.158
2020-07-03,South,Sam Abioye,760.95,194.26,566.68,21,7,0.2553
2020-07-03,West,Sasha Ellington,180.96,67.86,113.1,6,1,0.375
2020-07-04,East,Rylee Sasa,559.99,175.0,384.99,1,1,0.3125
2020-07-04,West,Sasha Ellington,478.48,47.85,430.63,2,1,0.1
2020-07-05,East,Rylee Sasa,241.2,-34.66,275.85,4,2,-0.1437
2020-07-06,East,Rylee Sasa,63.88,10.65,53.24,1,1,0.1667
2020-07-06,West,Sasha Ellington,699.19,-19.09,718.28,9,2,-0.0273
2020-07-07,Central,Neelam Nilam,24.72,8.12,16.61,5,2,0.3285
2020-07-07,West,Sasha Ellington,240.79,49.09,191.71,25,7,0.2039
2020-07-09,Central,Neelam Nilam,586.34,46.83,539.51,6,2,0.0799
2020-07-09,East,Rylee Sasa,1600.87,490.92,1109.96,37,7,0.3067
2020-07-10,Central,Neelam Nilam,613.87,11.72,602.15,28,6,0.0191
2020-07-10,West,Sasha Ellington,1346.15,76.74,1269.41,30,6,0.057
2020-07-11,West,Sasha Ellington,351.22,4.39,346.83,3,1,0.0125
2020-07-12,Central,Neelam Nilam,68.2,-42.56,110.77,11,2,-0.624
2020-07-12,East,Rylee Sasa,168.46,5.18,163.3,11,6,0.0307
2020-07-12,West,Sasha Ellington,55.92,6.29,49.63,5,1,0.1125
2020-07-13,Central,Neelam Nilam,9.51,3.99,5.52,6,2,0.4196
2020-07-16,East,Rylee Sasa,13.9,4.52,9.39,2,1,0.3252
2020-07-16,West,Sasha Ellington,259.14,-25.91,285.05,4,1,-0.1
2020-07-17,East,Rylee Sasa,455.23,100.99,354.24,6,4,0.2218
2020-07-17,West,Sasha Ellington,6.1,2.21,3.89,2,1,0.3623
2020-07-18,Central,Neelam Nilam,1340.97,-115.86,1456.83,10,3,-0.0864
2020-07-18,East,Rylee Sasa,53.34,-27.09,80.43,4,2,-0.5079
2020-07-18,West,Sasha Ellington,891.46,305.13,586.34,30,10,0.3423
2020-07-19,Central,Neelam Nilam,787.86,-69.06,856.92,16,5,-0.0877
2020-07-19,West,Sasha Ellington,1173.62,103.17,1070.44,8,3,0.0879
2020-07-20,Central,Neelam Nilam,26.63,1.33,25.3,1,1,0.0499
2020-07-20,East,Rylee Sasa,165.94,59.26,106.68,4,2,0.3571
2020-07-20,West,Sasha Ellington,1155.77,169.24,986.54,26,5,0.1464
2020-07-21,East,Rylee Sasa,99.98,8.0,91.98,2,1,0.08
2020-07-21,West,Sasha Ellington,2513.21,259.49,2253.73,41,8,0.1033
2020-07-23,West,Sasha Ellington,8341.29,384.51,7956.78,22,5,0.0461
2020-07-24,Central,Neelam Nilam,2780.27,-3820.5,6600.79,34,7,-1.3741
2020-07-24,South,Sam Abioye,256.48,104.15,152.33,18,3,0.4061
2020-07-24,West,Sasha Ellington,2003.24,145.4,1857.85,24,5,0.0726
2020-07-25,East,Rylee Sasa,65.78,32.23,33.55,11,1,0.49
2020-07-25,West,Sasha Ellington,514.28,38.08,476.2,4,2,0.074
2020-07-26,South,Sam Abioye,193.15,34.7,158.46,18,3,0.1797
2020-07-28,West,Sasha Ellington,1367.84,259.89,1107.95,8,1,0.19
2020-07-30,East,Rylee Sasa,5.68,1.92,3.76,2,1,0.338
2020-07-30,South,Sam Abioye,202.89,57.64,145.25,10,4,0.2841
2020-07-30,West,Sasha Ellington,19.75,6.91,12.84,3,1,0.3499
2020-07-31,Central,Neelam Nilam,886.28,248.03,638.25,9,3,0.2799
2020-08-01,East,Rylee Sasa,163.62,51.15,112.47,14,3,0.3126
2020-08-01,West,Sasha Ellington,314.37,-127.87,442.24,6,3,-0.4068
2020-08-02,East,Rylee Sasa,617.12,256.93,360.19,24,3,0.4163
2020-08-02,West,Sasha Ellington,2126.03,576.56,1549.48,27,6,0.2712
2020-08-03,Central,Neelam Nilam,489.23,41.93,447.3,2,1,0.0857
2020-08-03,East,Rylee Sasa,1369.33,362.67,1006.66,18,5,0.2649
2020-08-03,West,Sasha Ellington,550.16,99.5,450.67,17,6,0.1809
2020-08-04,East,Rylee Sasa,199.98,83.99,115.99,2,1,0.42
2020-08-04,South,Sam Abioye,62.91,22.65,40.26,3,1,0.36
2020-08-06,Central,Neelam Nilam,1109.73,436.1,673.64,15,5,0.393
2020-08-06,South,Sam Abioye,155.46,-7.77,163.23,4,1,-0.05
2020-08-06,West,Sasha Ellington,2690.46,700.8,1989.65,36,7,0.2605
2020-08-07,South,Sam Abioye,193.93,27.74,166.2,5,2,0.143
2020-08-07,West,Sasha Ellington,3411.75,673.15,2738.6,30,7,0.1973
2020-08-09,East,Rylee Sasa,375.34,18.77,356.57,1,1,0.05
2020-08-09,West,Sasha Ellington,76.28,26.87,49.41,4,3,0.3523
2020-08-10,East,Rylee Sasa,196.21,98.11,98.11,7,1,0.5
2020-08-10,South,Sam Abioye,744.39,177.49,566.91,43,8,0.2384
2020-08-10,West,Sasha Ellington,891.78,82.01,809.77,11,2,0.092
2020-08-13,Central,Neelam Nilam,30.96,-52.63,83.59,8,1,-1.6999
2020-08-13,East,Rylee Sasa,62.94,30.21,32.73,3,1,0.48
2020-08-13,South,Sam Abioye,243.6,46.82,196.78,10,2,0.1922
2020-08-13,West,Sasha Ellington,505.29,93.77,411.51,17,5,0.1856
2020-08-14,East,Rylee Sasa,853.09,-227.49,1080.58,6,1,-0.2667
2020-08-15,Central,Neelam Nilam,15.55,5.44,10.11,3,1,0.3498
2020-08-15,South,Sam Abioye,484.79,187.74,297.05,20,4,0.3873
2020-08-17,East,Rylee Sasa,96.68,-55.97,152.66,8,3,-0.5789
2020-08-17,South,Sam Abioye,983.73,182.83,800.9,12,2,0.1859
2020-08-17,West,Sasha Ellington,358.7,48.6,310.09,9,2,0.1355
2020-08-18,Central,Neelam Nilam,421.37,-6.02,427.39,2,1,-0.0143
2020-08-18,South,Sam Abioye,1417.35,575.92,841.43,16,3,0.4063
2020-08-20,Central,Neelam Nilam,11.56,5.66,5.9,2,1,0.4896
2020-08-20,East,Rylee Sasa,3.91,1.03,2.89,1,1,0.2634
2020-08-20,South,Sam Abioye,7.63,-1.81,9.44,3,1,-0.2372
2020-08-21,Central,Neelam Nilam,19.44,9.53,9.91,3,1,0.4902
2020-08-21,East,Rylee Sasa,71.84,34.94,36.9,8,2,0.4864
2020-08-21,West,Sasha Ellington,473.94,115.94,358.02,33,7,0.2446
2020-08-22,East,Rylee Sasa,25.95,10.81,15.15,5,2,0.4166
2020-08-22,South,Sam Abioye,25.5,6.63,18.87,3,1,0.26
2020-08-22,West,Sasha Ellington,8.29,2.69,5.59,2,1,0.3245
2020-08-23,Central,Neelam Nilam,38.06,-59.61,97.68,6,2,-1.5662
2020-08-23,East,Rylee Sasa,229.51,44.16,185.33,40,7,0.1924
2020-08-23,West,Sasha Ellington,1184.08,134.3,1049.79,21,5,0.1134
2020-08-24,East,Rylee Sasa,190.01,69.11,120.9,14,5,0.3637
2020-08-24,West,Sasha Ellington,176.8,22.98,153.82,8,1,0.13
2020-08-25,South,Sam Abioye,1825.37,487.86,1337.52,14,4,0.2673
2020-08-25,West,Sasha Ellington,244.76,25.87,218.89,9,3,0.1057
2020-08-27,South,Sam Abioye,709.05,-436.73,1145.78,9,3,-0.6159
2020-08-27,West,Sasha Ellington,123.28,60.27,63.01,4,2,0.4889
2020-08-28,East,Rylee Sasa,121.24,21.48,99.76,8,2,0.1772
2020-08-29,West,Sasha Ellington,92.52,18.5,74.02,9,1,0.2
2020-08-30,Central,Neelam Nilam,34.75,4.87,29.89,9,2,0.1401
2020-08-30,East,Rylee Sasa,380.74,65.43,315.31,5,2,0.1718
2020-08-30,West,Sasha Ellington,53.94,15.64,38.3,3,1,0.29
2020-08-31,Central,Neelam Nilam,1275.63,27.91,1247.72,13,3,0.0219
2020-08-31,East,Rylee Sasa,184.54,45.17,139.38,13,5,0.2448
2020-08-31,South,Sam Abioye,1793.98,843.17,950.81,2,1,0.47
2020-09-01,Central,Neelam Nilam,7.68,-11.52,19.2,5,1,-1.5
2020-09-01,East,Rylee Sasa,14.4,7.06,7.34,5,1,0.4903
2020-09-03,East,Rylee Sasa,264.32,19.82,244.5,2,1,0.075
2020-09-03,South,Sam Abioye,31.98,2.0,29.99,2,1,0.0625
2020-09-04,West,Sasha Ellington,100.36,39.64,60.72,14,2,0.395
2020-09-05,Central,Neelam Nilam,2475.0,-78.25,2553.24,54,17,-0.0316
2020-09-05,East,Rylee Sasa,917.04,-451.54,1368.57,13,5,-0.4924
2020-09-05,West,Sasha Ellington,131.84,48.52,83.32,11,3,0.368
2020-09-06,Central,Neelam Nilam,11757.79,-1904.21,13662.0,54,11,-0.162
2020-09-06,East,Rylee Sasa,193.06,19.33,173.75,6,3,0.1001
2020-09-06,South,Sam Abioye,371.82,154.95,216.87,19,4,0.4167
2020-09-06,West,Sasha Ellington,1905.75,277.26,1628.49,33,9,0.1455
2020-09-07,Central,Neelam Nilam,114.5,55.21,59.29,10,2,0.4822
2020-09-07,East,Rylee Sasa,2629.1,533.15,2095.96,44,10,0.2028
2020-09-07,South,Sam Abioye,1299.99,-572.0,1871.99,2,1,-0.44
2020-09-08,East,Rylee Sasa,336.82,98.59,238.23,9,2,0.2927
2020-09-08,South,Sam Abioye,9.64,4.72,4.92,2,1,0.4896
2020-09-08,West,Sasha Ellington,1508.77,156.3,1352.46,12,2,0.1036
2020-09-09,West,Sasha Ellington,127.95,21.75,106.2,3,1,0.17
2020-09-10,Central,Neelam Nilam,793.03,172.4,620.63,17,5,0.2174
2020-09-10,East,Rylee Sasa,3919.2,403.81,3515.39,14,3,0.103
2020-09-10,South,Sam Abioye,192.43,24.68,167.74,8,3,0.1283
2020-09-11,Central,Neelam Nilam,340.12,-9.72,349.83,6,1,-0.0286
2020-09-11,East,Rylee Sasa,275.51,58.46,217.05,14,4,0.2122
2020-09-11,South,Sam Abioye,18.65,-12.43,31.08,7,1,-0.6665
2020-09-11,West,Sasha Ellington,641.13,207.5,433.64,26,9,0.3236
2020-09-12,Central,Neelam Nilam,104.02,-144.19,248.22,19,6,-1.3862
2020-09-12,East,Rylee Sasa,4744.01,1613.76,3130.26,43,9,0.3402
2020-09-12,South,Sam Abioye,175.69,61.2,114.48,15,4,0.3483
2020-09-13,East,Rylee Sasa,133.44,30.17,103.27,9,3,0.2261
2020-09-14,East,Rylee Sasa,33.55,12.58,20.97,1,1,0.375
2020-09-15,East,Rylee Sasa,5.89,-4.12,10.02,4,1,-0.6995
2020-09-15,South,Sam Abioye,52.6,14.88,37.74,3,2,0.2829
2020-09-15,West,Sasha Ellington,762.03,222.78,539.23,46,11,0.2924
2020-09-17,Central,Neelam Nilam,5579.94,-762.0,6341.93,10,2,-0.1366
2020-09-17,East,Rylee Sasa,887.1,177.42,709.68,7,1,0.2
2020-09-17,South,Sam Abioye,2692.33,-937.41,3629.75,9,2,-0.3482
2020-09-17,West,Sasha Ellington,179.27,-17.16,196.42,12,4,-0.0957
2020-09-18,Central,Neelam Nilam,1122.25,-474.69,1596.95,13,3,-0.423
2020-09-18,East,Rylee Sasa,4106.51,1106.3,3000.22,33,9,0.2694
2020-09-18,South,Sam Abioye,2.82,0.99,1.83,2,1,0.3511
2020-09-18,West,Sasha Ellington,104.39,37.51,66.89,15,5,0.3593
2020-09-19,Central,Neelam Nilam,77.25,14.04,63.21,8,4,0.1817
2020-09-19,East,Rylee Sasa,104.76,23.27,81.5,18,4,0.2221
2020-09-19,West,Sasha Ellington,2497.63,840.13,1657.52,29,8,0.3364
2020-09-20,Central,Neelam Nilam,331.54,-82.88,414.42,3,1,-0.25
2020-09-20,East,Rylee Sasa,693.99,125.92,568.07,12,4,0.1814
2020-09-20,South,Sam Abioye,4.61,1.67,2.94,2,1,0.3623
2020-09-20,West,Sasha Ellington,210.13,42.77,167.36,7,2,0.2035
2020-09-21,Central,Neelam Nilam,9900.19,4668.7,5231.49,17,4,0.4716
2020-09-21,East,Rylee Sasa,242.16,87.89,154.28,26,6,0.3629
2020-09-21,West,Sasha Ellington,519.98,52.01,467.97,5,2,0.1
2020-09-22,West,Sasha Ellington,211.96,8.48,203.48,4,1,0.04
2020-09-23,Central,Neelam Nilam,340.3,-89.93,430.23,14,4,-0.2643
2020-09-23,West,Sasha Ellington,14.58,2.37,12.21,2,1,0.1626
2020-09-24,Central,Neelam Nilam,154.7,37.06,117.65,12,2,0.2396
2020-09-24,East,Rylee Sasa,265.23,30.51,234.72,27,7,0.115
2020-09-24,West,Sasha Ellington,1060.68,163.15,897.53,10,4,0.1538
2020-09-25,East,Rylee Sasa,87.54,37.64,49.9,3,1,0.43
2020-09-25,West,Sasha Ellington,685.9,85.46,600.44,7,2,0.1246
2020-09-26,East,Rylee Sasa,46.26,12.49,33.77,3,1,0.27
2020-09-26,South,Sam Abioye,444.04,51.87,392.15,14,3,0.1168
2020-09-27,East,Rylee Sasa,3967.99,32.38,3935.63,45,10,0.0082
2020-09-27,West,Sasha Ellington,4141.08,857.9,3283.18,28,9,0.2072
2020-09-28,East,Rylee Sasa,859.59,89.31,770.28,10,3,0.1039
2020-09-28,South,Sam Abioye,84.77,16.69,68.08,9,2,0.1969
2020-09-28,West,Sasha Ellington,43.18,13.49,29.68,7,1,0.3124
2020-09-29,West,Sasha Ellington,4.71,0.0,4.71,1,1,0.0
2020-09-30,West,Sasha Ellington,598.15,133.77,464.38,18,7,0.2236
2020-10-01,Central,Neelam Nilam,316.19,-93.39,409.57,18,6,-0.2954
2020-10-01,East,Rylee Sasa,212.95,5.53,207.43,10,3,0.026
2020-10-01,South,Sam Abioye,67.76,5.08,62.68,5,2,0.075
2020-10-01,West,Sasha Ellington,265.78,17.35,248.44,4,2,0.0653
2020-10-02,East,Rylee Sasa,589.41,-6.55,595.96,5,1,-0.0111
2020-10-02,West,Sasha Ellington,139.34,51.62,87.72,11,3,0.3705
2020-10-03,East,Rylee Sasa,91.92,11.49,80.43,5,1,0.125
2020-10-03,West,Sasha Ellington,99.98,34.99,64.99,2,1,0.35
2020-10-04,Central,Neelam Nilam,401.7,61.77,339.93,4,2,0.1538
2020-10-04,East,Rylee Sasa,83.92,-13.64,97.56,5,1,-0.1625
2020-10-04,West,Sasha Ellington,9.09,1.91,7.18,3,1,0.2101
2020-10-05,Central,Neelam Nilam,107.44,10.74,96.7,10,1,0.1
2020-10-05,East,Rylee Sasa,129.92,21.11,108.81,5,1,0.1625
2020-10-06,East,Rylee Sasa,123.92,55.76,68.16,4,1,0.45
2020-10-06,South,Sam Abioye,23.47,4.99,18.48,3,1,0.2126
2020-10-07,South,Sam Abioye,88.77,31.07,57.7,2,1,0.35
2020-10-07,West,Sasha Ellington,160.59,38.93,121.66,4,2,0.2424
2020-10-08,Central,Neelam Nilam,1488.77,117.41,1371.38,19,4,0.0789
2020-10-08,East,Rylee Sasa,120.25,-84.79,205.05,4,2,-0.7051
2020-10-08,West,Sasha Ellington,440.35,137.34,303.02,19,4,0.3119
2020-10-09,East,Rylee Sasa,483.33,78.55,404.78,5,2,0.1625
2020-10-09,South,Sam Abioye,16.23,7.36,8.87,5,2,0.4535
2020-10-09,West,Sasha Ellington,881.6,24.69,856.9,23,5,0.028
2020-10-10,Central,Neelam Nilam,22.24,2.5,19.74,2,1,0.1124
2020-10-10,West,Sasha Ellington,36.29,10.37,25.92,6,2,0.2858
2020-10-11,East,Rylee Sasa,272.67,39.34,233.33,6,3,0.1443
2020-10-11,South,Sam Abioye,389.74,35.26,354.48,14,4,0.0905
2020-10-11,West,Sasha Ellington,1549.77,379.5,1170.27,15,4,0.2449
2020-10-12,Central,Neelam Nilam,2347.4,719.23,1628.18,29,5,0.3064
2020-10-12,East,Rylee Sasa,2178.09,340.14,1837.95,28,5,0.1562
2020-10-13,East,Rylee Sasa,191.34,-4.97,196.31,4,2,-0.026
2020-10-13,South,Sam Abioye,15.38,4.04,11.35,1,1,0.2627
2020-10-14,West,Sasha Ellington,194.32,91.41,102.91,6,2,0.4704
2020-10-15,Central,Neelam Nilam,136.07,-36.84,172.91,10,3,-0.2707
2020-10-16,East,Rylee Sasa,249.47,-12.22,261.69,16,3,-0.049
2020-10-16,South,Sam Abioye,2822.14,589.97,2232.17,20,4,0.2091
2020-10-16,West,Sasha Ellington,63.3,28.35,34.95,3,2,0.4479
2020-10-17,West,Sasha Ellington,641.1,124.55,516.56,27,7,0.1943
2020-10-18,Central,Neelam Nilam,1074.16,106.47,967.7,14,6,0.0991
2020-10-18,South,Sam Abioye,426.94,-172.46,599.4,6,2,-0.4039
2020-10-19,East,Rylee Sasa,531.38,-109.18,640.56,7,2,-0.2055
2020-10-19,South,Sam Abioye,788.86,122.97,665.9,10,3,0.1559
2020-10-19,West,Sasha Ellington,36.36,12.27,24.09,3,1,0.3375
2020-10-20,East,Rylee Sasa,93.89,12.91,80.98,4,1,0.1375
2020-10-20,South,Sam Abioye,129.92,10.39,119.53,4,1,0.08
2020-10-22,South,Sam Abioye,22.22,7.42,14.8,5,2,0.3339
2020-10-22,West,Sasha Ellington,34.27,11.14,23.13,3,1,0.3251
2020-10-23,East,Rylee Sasa,54.48,-9.08,63.56,6,2,-0.1667
2020-10-23,West,Sasha Ellington,49.41,18.53,30.88,4,1,0.375
2020-10-24,West,Sasha Ellington,447.88,41.6,406.28,9,2,0.0929
2020-10-25,South,Sam Abioye,22.32,7.66,14.66,5,2,0.3432
2020-10-26,Central,Neelam Nilam,257.98,74.81,183.17,2,1,0.29
2020-10-26,West,Sasha Ellington,1252.6,18.62,1233.99,17,5,0.0149
2020-10-27,Central,Neelam Nilam,2813.81,378.54,2435.27,10,3,0.1345
2020-10-29,East,Rylee Sasa,3538.17,-262.44,3800.61,28,8,-0.0742
2020-10-29,West,Sasha Ellington,1823.86,214.34,1609.52,55,11,0.1175
2020-10-30,Central,Neelam Nilam,15.7,5.1,10.59,3,1,0.3248
2020-10-30,East,Rylee Sasa,903.94,264.79,639.16,21,7,0.2929
2020-10-30,South,Sam Abioye,1119.6,149.08,970.52,34,6,0.1332
2020-10-30,West,Sasha Ellington,2692.85,244.41,2448.43,23,6,0.0908
2020-10-31,Central,Neelam Nilam,88.78,7.77,81.01,3,1,0.0875
2020-10-31,East,Rylee Sasa,733.63,-91.35,824.99,29,5,-0.1245
2020-10-31,South,Sam Abioye,799.92,239.98,559.94,10,1,0.3
2020-10-31,West,Sasha Ellington,504.03,130.19,373.85,7,4,0.2583
2020-11-01,Central,Neelam Nilam,89.97,18.89,71.08,3,1,0.21
2020-11-01,East,Rylee Sasa,1144.46,182.47,961.99,16,6,0.1594
2020-11-01,South,Sam Abioye,1543.02,-312.93,1855.96,29,6,-0.2028
2020-11-01,West,Sasha Ellington,6.72,3.36,3.36,4,1,0.5
2020-11-02,East,Rylee Sasa,4859.43,2261.71,2597.73,18,6,0.4654
2020-11-02,South,Sam Abioye,66.62,7.82,58.79,8,2,0.1174
2020-11-02,West,Sasha Ellington,1767.7,173.86,1593.84,24,7,0.0984
2020-11-03,East,Rylee Sasa,1476.84,-127.17,1603.98,17,5,-0.0861
2020-11-03,South,Sam Abioye,197.69,56.72,140.97,8,2,0.2869
2020-11-03,West,Sasha Ellington,20.04,8.82,11.22,6,1,0.4401
2020-11-04,South,Sam Abioye,43.68,20.97,22.71,6,1,0.4801
2020-11-05,Central,Neelam Nilam,1143.21,74.45,1068.75,34,9,0.0651
2020-11-05,East,Rylee Sasa,36.1,16.72,19.38,7,2,0.4632
2020-11-05,West,Sasha Ellington,269.83,64.31,205.53,16,3,0.2383
2020-11-06,West,Sasha Ellington,333.58,25.02,308.56,3,1,0.075
2020-11-07,East,Rylee Sasa,56.52,21.48,35.04,9,1,0.38
2020-11-07,West,Sasha Ellington,1517.58,201.22,1316.36,27,6,0.1326
2020-11-08,Central,Neelam Nilam,1194.87,299.8,895.07,17,6,0.2509
2020-11-08,West,Sasha Ellington,807.69,136.85,670.83,32,6,0.1694
2020-11-09,Central,Neelam Nilam,3114.3,-1392.14,4506.45,39,10,-0.447
2020-11-09,East,Rylee Sasa,823.5,-109.06,932.56,17,5,-0.1324
2020-11-09,West,Sasha Ellington,4176.74,1051.65,3125.1,37,11,0.2518
2020-11-10,Central,Neelam Nilam,405.86,41.43,364.44,27,8,0.1021
2020-11-10,South,Sam Abioye,7.87,0.89,6.99,3,1,0.1131
2020-11-10,West,Sasha Ellington,641.02,37.31,603.71,5,2,0.0582
2020-11-12,Central,Neelam Nilam,44.98,19.26,25.72,11,3,0.4282
2020-11-12,East,Rylee Sasa,957.35,274.09,683.26,21,4,0.2863
2020-11-12,South,Sam Abioye,32.4,15.55,16.85,5,1,0.4799
2020-11-13,Central,Neelam Nilam,604.66,204.07,400.58,9,1,0.3375
2020-11-13,South,Sam Abioye,362.18,37.4,324.78,9,3,0.1033
2020-11-13,West,Sasha Ellington,813.99,158.62,655.38,11,4,0.1949
2020-11-14,Central,Neelam Nilam,619.86,117.6,502.25,24,6,0.1897
2020-11-14,West,Sasha Ellington,736.07,19.96,716.12,12,4,0.0271
2020-11-15,Central,Neelam Nilam,486.98,84.06,402.92,8,2,0.1726
2020-11-15,East,Rylee Sasa,9981.93,1437.35,8544.58,38,8,0.144
2020-11-15,West,Sasha Ellington,1075.37,432.73,642.64,12,3,0.4024
2020-11-16,Central,Neelam Nilam,1583.94,-248.63,1832.57,33,8,-0.157
2020-11-16,East,Rylee Sasa,751.4,-172.0,923.4,24,7,-0.2289
2020-11-16,West,Sasha Ellington,1071.51,73.1,998.41,19,5,0.0682
2020-11-17,Central,Neelam Nilam,503.13,136.45,366.68,7,2,0.2712
2020-11-17,East,Rylee Sasa,5873.61,1582.58,4291.02,30,7,0.2694
2020-11-17,South,Sam Abioye,682.91,180.27,502.64,11,3,0.264
2020-11-17,West,Sasha Ellington,166.44,79.89,86.55,3,1,0.48
2020-11-18,East,Rylee Sasa,907.56,251.17,656.39,16,4,0.2768
2020-11-19,Central,Neelam Nilam,269.59,17.3,252.29,6,2,0.0642
2020-11-19,South,Sam Abioye,865.5,323.13,542.37,13,4,0.3733
2020-11-19,West,Sasha Ellington,114.53,37.75,76.78,5,3,0.3296
2020-11-20,Central,Neelam Nilam,16.91,-27.55,44.46,6,2,-1.6292
2020-11-20,South,Sam Abioye,1032.57,465.22,567.35,15,5,0.4505
2020-11-20,West,Sasha Ellington,53.82,24.22,29.6,9,1,0.45
2020-11-21,Central,Neelam Nilam,239.81,-107.92,347.73,19,6,-0.45
2020-11-21,East,Rylee Sasa,62.81,21.2,41.61,3,1,0.3375
2020-11-21,West,Sasha Ellington,1060.66,-18.52,1079.18,14,5,-0.0175
2020-11-22,Central,Neelam Nilam,1266.61,254.6,1012.01,23,6,0.201
2020-11-22,East,Rylee Sasa,3206.94,-489.8,3696.75,23,6,-0.1527
2020-11-22,South,Sam Abioye,111.15,48.91,62.24,5,1,0.44
2020-11-22,West,Sasha Ellington,993.91,88.94,904.96,24,6,0.0895
2020-11-23,Central,Neelam Nilam,1273.63,-117.86,1391.48,17,6,-0.0925
2020-11-23,East,Rylee Sasa,1446.83,38.08,1408.76,9,3,0.0263
2020-11-23,West,Sasha Ellington,1695.24,228.41,1466.83,32,7,0.1347
2020-11-24,Central,Neelam Nilam,19.3,-14.48,33.78,5,1,-0.7503
2020-11-24,East,Rylee Sasa,414.63,139.19,275.44,24,5,0.3357
2020-11-24,West,Sasha Ellington,1272.06,-186.89,1458.94,23,8,-0.1469
2020-11-25,East,Rylee Sasa,203.66,41.3,162.36,7,2,0.2028
2020-11-26,Central,Neelam Nilam,1062.87,-170.32,1233.19,11,2,-0.1602
2020-11-26,East,Rylee Sasa,17.25,6.04,11.21,2,1,0.3501
2020-11-26,South,Sam Abioye,557.01,114.8,442.21,22,5,0.2061
2020-11-26,West,Sasha Ellington,643.7,61.95,581.75,20,5,0.0962
2020-11-27,Central,Neelam Nilam,12.62,3.95,8.68,2,1,0.313
2020-11-27,East,Rylee Sasa,30.1,13.54,16.56,4,2,0.4498
2020-11-27,West,Sasha Ellington,606.32,87.19,519.13,7,2,0.1438
2020-11-28,East,Rylee Sasa,62.28,29.27,33.01,4,1,0.47
2020-11-28,South,Sam Abioye,6.64,-4.43,11.07,9,1,-0.6672
2020-11-28,West,Sasha Ellington,150.23,-13.01,163.24,11,2,-0.0866
2020-11-29,Central,Neelam Nilam,3528.54,667.21,2861.33,15,3,0.1891
2020-11-29,East,Rylee Sasa,1941.69,169.82,1771.87,24,7,0.0875
2020-11-29,South,Sam Abioye,95.97,9.6,86.37,4,1,0.1
2020-11-29,West,Sasha Ellington,58.2,28.52,29.68,3,1,0.49
2020-11-30,Central,Neelam Nilam,117.17,-53.68,170.86,18,4,-0.4581
2020-11-30,East,Rylee Sasa,1633.44,157.06,1476.38,42,8,0.0962
2020-11-30,South,Sam Abioye,21.19,7.99,13.2,4,2,0.3771
2020-12-01,Central,Neelam Nilam,505.88,146.83,359.05,8,2,0.2902
2020-12-02,East,Rylee Sasa,129.98,62.39,67.59,2,1,0.48
2020-12-03,Central,Neelam Nilam,433.56,78.5,355.05,9,2,0.1811
2020-12-03,East,Rylee Sasa,883.7,50.6,833.07,24,7,0.0573
2020-12-03,South,Sam Abioye,24.56,6.88,17.68,2,1,0.2801
2020-12-03,West,Sasha Ellington,1621.83,289.07,1332.76,34,6,0.1782
2020-12-04,Central,Neelam Nilam,338.54,-194.56,533.08,23,7,-0.5747
2020-12-04,South,Sam Abioye,42.21,13.72,28.49,2,1,0.325
2020-12-04,West,Sasha Ellington,1590.24,161.82,1428.42,11,3,0.1018
2020-12-05,South,Sam Abioye,105.52,48.54,56.98,4,1,0.46
2020-12-05,West,Sasha Ellington,442.88,153.24,289.64,13,3,0.346
2020-12-06,Central,Neelam Nilam,60.42,6.04,54.37,2,1,0.1
2020-12-06,West,Sasha Ellington,1034.71,119.88,914.83,51,12,0.1159
2020-12-07,Central,Neelam Nilam,276.63,-25.56,302.19,9,4,-0.0924
2020-12-07,East,Rylee Sasa,1110.65,135.59,975.07,7,2,0.1221
2020-12-07,West,Sasha Ellington,135.38,15.73,119.65,12,2,0.1162
2020-12-08,East,Rylee Sasa,117.7,42.45,75.25,9,2,0.3607
2020-12-08,West,Sasha Ellington,455.63,58.7,396.93,11,3,0.1288
2020-12-10,Central,Neelam Nilam,210.39,-336.63,547.02,2,1,-1.6
2020-12-10,South,Sam Abioye,23.47,7.63,15.84,3,1,0.3251
2020-12-10,West,Sasha Ellington,4704.54,256.91,4447.64,31,7,0.0546
2020-12-11,Central,Neelam Nilam,97.35,-42.12,139.48,4,2,-0.4327
2020-12-11,South,Sam Abioye,12.39,5.82,6.57,3,1,0.4697
2020-12-11,West,Sasha Ellington,183.41,45.04,138.38,11,3,0.2456
2020-12-12,Central,Neelam Nilam,52.28,-24.3,76.57,12,4,-0.4648
2020-12-12,East,Rylee Sasa,7403.07,2230.84,5172.24,7,4,0.3013
2020-12-12,South,Sam Abioye,186.3,13.97,172.33,4,1,0.075
2020-12-13,Central,Neelam Nilam,812.5,-38.44,850.94,10,3,-0.0473
2020-12-13,East,Rylee Sasa,445.8,-108.27,554.07,7,1,-0.2429
2020-12-13,West,Sasha Ellington,6.16,1.97,4.19,2,1,0.3198
2020-12-14,Central,Neelam Nilam,535.65,83.68,451.97,25,5,0.1562
2020-12-14,South,Sam Abioye,1146.42,118.91,1027.5,20,5,0.1037
2020-12-14,West,Sasha Ellington,2712.12,213.05,2499.07,18,5,0.0786
2020-12-15,East,Rylee Sasa,5.48,-4.02,9.51,4,1,-0.7336
2020-12-15,South,Sam Abioye,40.05,11.21,28.84,3,1,0.2799
2020-12-17,Central,Neelam Nilam,372.12,34.15,337.97,9,3,0.0918
2020-12-17,South,Sam Abioye,2232.5,218.32,2014.18,28,5,0.0978
2020-12-17,West,Sasha Ellington,832.14,104.48,727.67,16,4,0.1256
2020-12-18,Central,Neelam Nilam,1192.53,440.79,751.74,11,4,0.3696
2020-12-18,East,Rylee Sasa,383.04,14.83,368.2,6,2,0.0387
2020-12-18,South,Sam Abioye,3616.68,710.65,2906.03,29,7,0.1965
2020-12-18,West,Sasha Ellington,1770.19,390.74,1379.45,35,11,0.2207
2020-12-19,East,Rylee Sasa,17.28,7.95,9.33,6,1,0.4601
2020-12-19,South,Sam Abioye,18.24,-14.59,32.83,2,1,-0.7999
2020-12-19,West,Sasha Ellington,1897.92,184.91,1713.01,9,2,0.0974
2020-12-20,Central,Neelam Nilam,274.09,23.54,250.56,11,3,0.0859
2020-12-20,East,Rylee Sasa,513.11,156.4,356.71,17,2,0.3048
2020-12-20,West,Sasha Ellington,11.76,3.18,8.58,4,1,0.2704
2020-12-21,Central,Neelam Nilam,212.42,59.84,152.58,12,2,0.2817
2020-12-21,East,Rylee Sasa,109.84,-3.72,113.56,5,2,-0.0339
2020-12-21,South,Sam Abioye,619.84,11.25,608.59,12,5,0.0181
2020-12-22,East,Rylee Sasa,30.36,8.73,21.63,5,1,0.2875
2020-12-22,South,Sam Abioye,9.57,3.47,6.1,2,1,0.3626
2020-12-22,West,Sasha Ellington,1910.28,252.12,1658.17,25,9,0.132
2020-12-24,Central,Neelam Nilam,609.25,-23.35,632.6,8,2,-0.0383
2020-12-24,East,Rylee Sasa,561.51,-2.35,563.84,20,6,-0.0042
2020-12-24,West,Sasha Ellington,870.66,22.11,848.57,27,7,0.0254
2020-12-25,Central,Neelam Nilam,67.95,-25.24,93.19,11,3,-0.3714
2020-12-25,East,Rylee Sasa,1067.72,118.62,949.11,19,3,0.1111
2020-12-25,South,Sam Abioye,521.92,195.98,325.94,9,2,0.3755
2020-12-25,West,Sasha Ellington,1308.79,-625.68,1934.48,26,8,-0.4781
2020-12-26,East,Rylee Sasa,2682.33,663.59,2018.73,19,4,0.2474
2020-12-26,West,Sasha Ellington,1049.97,43.26,1006.71,14,2,0.0412
2020-12-27,Central,Neelam Nilam,192.08,-0.67,192.74,12,4,-0.0035
2020-12-27,East,Rylee Sasa,48.36,6.05,42.32,5,1,0.1251
2020-12-27,West,Sasha Ellington,1831.67,562.64,1269.03,50,11,0.3072
2020-12-28,Central,Neelam Nilam,619.45,66.11,553.36,16,6,0.1067
2020-12-28,East,Rylee Sasa,962.08,-191.86,1153.96,21,5,-0.1994
2020-12-28,South,Sam Abioye,39.13,-8.8,47.93,1,1,-0.2249
2020-12-28,West,Sasha Ellington,551.99,-459.99,1011.97,5,1,-0.8333
2020-12-29,Central,Neelam Nilam,126.78,45.71,81.07,16,3,0.3605
2020-12-29,East,Rylee Sasa,4650.55,1339.3,3311.25,40,10,0.288
2020-12-29,West,Sasha Ellington,475.94,59.49,416.45,7,1,0.125
2020-12-31,East,Rylee Sasa,1932.09,-1161.54,3093.63,29,8,-0.6012
2021-01-01,Central,Neelam Nilam,1768.23,-348.46,2116.68,19,4,-0.1971
2021-01-02,Central,Neelam Nilam,72.24,35.47,36.77,8,2,0.491
2021-01-02,South,Sam Abioye,192.22,69.2,123.02,14,1,0.36
2021-01-03,East,Rylee Sasa,90.17,28.31,61.86,7,3,0.314
2021-01-03,West,Sasha Ellington,205.1,34.21,170.89,13,3,0.1668
2021-01-04,West,Sasha Ellington,31.54,7.89,23.64,7,2,0.2502
2021-01-07,South,Sam Abioye,364.07,131.08,232.99,13,4,0.36
2021-01-08,East,Rylee Sasa,1018.1,-373.3,1391.41,4,1,-0.3667
2021-01-10,East,Rylee Sasa,854.62,62.82,791.81,16,6,0.0735
2021-01-11,South,Sam Abioye,9.82,4.81,5.01,2,1,0.4898
2021-01-11,West,Sasha Ellington,612.46,155.49,456.97,16,3,0.2539
2021-01-15,Central,Neelam Nilam,254.74,-312.06,566.81,7,1,-1.225
2021-01-15,East,Rylee Sasa,6.68,2.0,4.68,2,1,0.2994
2021-01-15,South,Sam Abioye,88.96,10.01,78.95,8,1,0.1125
2021-01-17,Central,Neelam Nilam,301.74,-21.71,323.46,5,2,-0.0719
2021-01-21,West,Sasha Ellington,43.66,20.81,22.85,5,2,0.4766
2021-01-22,South,Sam Abioye,13.12,2.13,10.99,5,1,0.1623
2021-01-24,West,Sasha Ellington,182.72,84.05,98.67,8,1,0.46
2021-01-25,East,Rylee Sasa,769.34,-191.64,960.97,7,3,-0.2491
2021-01-25,West,Sasha Ellington,2803.92,0.0,2803.92,5,1,0.0
2021-01-26,South,Sam Abioye,4297.64,-1862.31,6159.96,13,1,-0.4333
2021-01-28,Central,Neelam Nilam,14.3,5.01,9.3,6,1,0.3503
2021-01-28,West,Sasha Ellington,2147.34,297.85,1849.49,10,2,0.1387
2021-01-29,Central,Neelam Nilam,99.26,38.91,60.35,7,3,0.392
2021-02-01,Central,Neelam Nilam,178.37,62.07,116.3,5,2,0.348
2021-02-01,East,Rylee Sasa,90.88,15.15,75.74,1,1,0.1667
2021-02-01,South,Sam Abioye,74.52,35.02,39.5,9,1,0.4699
2021-02-01,West,Sasha Ellington,149.06,45.18,103.89,7,2,0.3031
2021-02-04,Central,Neelam Nilam,692.21,-126.36,818.57,8,3,-0.1825
2021-02-04,East,Rylee Sasa,1558.42,350.55,1207.87,15,3,0.2249
2021-02-04,South,Sam Abioye,176.63,16.39,160.25,8,2,0.0928
2021-02-04,West,Sasha Ellington,5.28,1.53,3.75,3,1,0.2898
2021-02-05,South,Sam Abioye,324.11,152.59,171.52,7,2,0.4708
2021-02-06,Central,Neelam Nilam,21.11,7.82,13.29,5,3,0.3704
2021-02-06,East,Rylee Sasa,107.98,-27.0,134.98,3,1,-0.25
2021-02-07,Central,Neelam Nilam,581.63,79.43,502.19,14,4,0.1366
2021-02-07,West,Sasha Ellington,203.92,22.94,180.98,5,1,0.1125
2021-02-08,East,Rylee Sasa,77.24,7.72,69.52,5,1,0.0999
2021-02-12,East,Rylee Sasa,1079.96,104.54,975.43,23,7,0.0968
2021-02-13,Central,Neelam Nilam,974.9,287.37,687.53,10,3,0.2948
2021-02-13,West,Sasha Ellington,627.48,189.98,437.5,21,5,0.3028
2021-02-14,East,Rylee Sasa,35.88,16.15,19.73,6,1,0.4501
2021-02-14,West,Sasha Ellington,124.55,58.53,66.02,10,2,0.4699
2021-02-16,West,Sasha Ellington,105.84,31.64,74.2,6,3,0.2989
2021-02-18,East,Rylee Sasa,286.79,74.57,212.22,7,1,0.26
2021-02-18,South,Sam Abioye,29.99,3.0,26.99,1,1,0.1
2021-02-19,East,Rylee Sasa,2541.98,1270.99,1270.99,2,1,0.5
2021-02-19,West,Sasha Ellington,49.12,23.09,26.03,4,1,0.4701
2021-02-20,Central,Neelam Nilam,79.36,20.63,58.73,4,1,0.26
2021-02-21,East,Rylee Sasa,37.78,10.53,27.24,8,2,0.2787
2021-02-23,East,Rylee Sasa,25.87,11.73,14.14,5,2,0.4534
2021-02-25,East,Rylee Sasa,620.35,-28.35,648.7,18,4,-0.0457
2021-02-25,West,Sasha Ellington,538.92,80.84,458.08,9,1,0.15
2021-02-26,South,Sam Abioye,551.27,15.57,535.7,10,2,0.0282
2021-02-27,Central,Neelam Nilam,1379.17,4.84,1374.32,12,3,0.0035
2021-02-27,East,Rylee Sasa,3.55,0.44,3.11,2,1,0.1239
2021-02-27,South,Sam Abioye,58.72,27.01,31.71,4,1,0.46
2021-02-27,West,Sasha Ellington,200.73,-19.58,220.33,5,2,-0.0975
2021-02-28,Central,Neelam Nilam,112.04,53.58,58.46,7,2,0.4782
2021-02-28,West,Sasha Ellington,787.53,165.38,622.15,3,1,0.21
2021-03-03,Central,Neelam Nilam,380.95,-455.24,836.2,28,8,-1.195
2021-03-03,East,Rylee Sasa,1588.32,37.35,1550.96,29,8,0.0235
2021-03-04,West,Sasha Ellington,1555.24,473.75,1081.49,9,2,0.3046
2021-03-05,East,Rylee Sasa,807.54,271.41,536.13,10,4,0.3361
2021-03-06,Central,Neelam Nilam,2540.45,582.15,1958.29,25,6,0.2292
2021-03-06,East,Rylee Sasa,19.44,9.33,10.11,3,1,0.4799
2021-03-06,West,Sasha Ellington,3.41,0.89,2.51,1,1,0.261
2021-03-07,Central,Neelam Nilam,473.4,52.29,421.11,8,2,0.1105
2021-03-07,South,Sam Abioye,4.61,1.67,2.94,2,1,0.3623
2021-03-08,Central,Neelam Nilam,1.11,-1.89,3.0,2,1,-1.7027
2021-03-08,East,Rylee Sasa,89.82,25.15,64.67,6,1,0.28
2021-03-10,South,Sam Abioye,51.02,9.99,41.03,12,4,0.1958
2021-03-11,West,Sasha Ellington,1384.86,234.47,1150.38,14,3,0.1693
2021-03-12,East,Rylee Sasa,688.46,323.41,365.05,7,2,0.4698
2021-03-12,West,Sasha Ellington,19.44,9.33,10.11,3,1,0.4799
2021-03-13,West,Sasha Ellington,16.78,1.68,15.1,3,1,0.1001
2021-03-14,East,Rylee Sasa,103.42,8.89,94.53,5,2,0.086
2021-03-14,South,Sam Abioye,6911.7,3436.33,3475.39,19,6,0.4972
2021-03-14,West,Sasha Ellington,215.09,62.82,152.27,3,2,0.2921
2021-03-15,East,Rylee Sasa,48.84,11.83,37.01,3,2,0.2422
2021-03-17,Central,Neelam Nilam,449.05,-43.9,492.95,6,2,-0.0978
2021-03-17,South,Sam Abioye,14.5,4.89,9.6,3,1,0.3372
2021-03-17,West,Sasha Ellington,5189.4,2021.2,3168.2,36,10,0.3895
2021-03-18,Central,Neelam Nilam,73.21,26.61,46.6,19,3,0.3635
2021-03-18,East,Rylee Sasa,1445.68,456.53,989.15,18,5,0.3158
2021-03-18,West,Sasha Ellington,29.3,2.56,26.74,3,1,0.0874
2021-03-19,South,Sam Abioye,1270.38,242.51,1027.86,21,3,0.1909
2021-03-20,Central,Neelam Nilam,162.07,-41.79,203.86,12,3,-0.2579
2021-03-20,South,Sam Abioye,617.91,61.23,556.69,20,3,0.0991
2021-03-20,West,Sasha Ellington,1701.44,251.37,1450.08,11,4,0.1477
2021-03-21,Central,Neelam Nilam,107.77,-29.25,137.02,2,1,-0.2714
2021-03-21,South,Sam Abioye,59.48,14.76,44.72,8,2,0.2482
2021-03-21,West,Sasha Ellington,466.05,195.58,270.47,18,3,0.4197
2021-03-22,Central,Neelam Nilam,359.06,-35.91,394.96,3,1,-0.1
2021-03-22,South,Sam Abioye,6.99,0.52,6.47,2,1,0.0744
2021-03-22,West,Sasha Ellington,46.9,13.13,33.77,5,1,0.28
2021-03-24,East,Rylee Sasa,1155.34,303.16,852.17,19,4,0.2624
2021-03-24,South,Sam Abioye,74.35,23.24,51.12,3,1,0.3126
2021-03-24,West,Sasha Ellington,3393.68,610.86,2782.82,8,1,0.18
2021-03-25,West,Sasha Ellington,83.7,3.35,80.35,5,1,0.04
2021-03-26,East,Rylee Sasa,43.7,18.37,25.33,7,3,0.4204
2021-03-26,West,Sasha Ellington,199.64,40.97,158.67,6,2,0.2052
2021-03-27,East,Rylee Sasa,17.64,8.11,9.53,4,1,0.4598
2021-03-27,South,Sam Abioye,1172.48,132.73,1039.75,7,2,0.1132
2021-03-27,West,Sasha Ellington,368.96,156.06,212.9,19,5,0.423
2021-03-28,Central,Neelam Nilam,571.22,-87.92,659.15,14,3,-0.1539
2021-03-29,Central,Neelam Nilam,120.76,27.83,92.92,6,2,0.2305
2021-03-29,South,Sam Abioye,79.96,27.99,51.97,5,1,0.3501
2021-03-31,Central,Neelam Nilam,139.45,-93.04,232.49,15,4,-0.6672
2021-03-31,West,Sasha Ellington,159.78,57.22,102.56,8,2,0.3581
2021-04-02,Central,Neelam Nilam,1273.61,326.28,947.33,9,5,0.2562
2021-04-02,East,Rylee Sasa,210.99,58.19,152.79,11,4,0.2758
2021-04-03,East,Rylee Sasa,1660.26,-250.15,1910.43,38,9,-0.1507
2021-04-03,South,Sam Abioye,157.79,-115.72,273.51,1,1,-0.7334
2021-04-03,West,Sasha Ellington,1156.0,122.05,1033.95,17,3,0.1056
2021-04-04,Central,Neelam Nilam,92.06,-16.35,108.41,22,5,-0.1776
2021-04-04,South,Sam Abioye,47.95,16.18,31.77,3,1,0.3374
2021-04-05,Central,Neelam Nilam,847.2,-1133.29,1980.49,14,2,-1.3377
2021-04-05,East,Rylee Sasa,60.24,19.34,40.9,9,3,0.321
2021-04-07,East,Rylee Sasa,388.08,147.4,240.68,6,2,0.3798
2021-04-07,West,Sasha Ellington,369.91,-13.87,383.78,3,1,-0.0375
2021-04-08,East,Rylee Sasa,156.71,44.36,112.35,7,2,0.2831
2021-04-08,West,Sasha Ellington,12.83,4.33,8.5,2,1,0.3375
2021-04-09,East,Rylee Sasa,513.73,159.32,354.41,9,3,0.3101
2021-04-09,South,Sam Abioye,121.89,24.41,97.47,5,2,0.2003
2021-04-09,West,Sasha Ellington,692.73,240.26,452.47,6,2,0.3468
2021-04-10,West,Sasha Ellington,40.74,0.41,40.33,3,1,0.0101
2021-04-11,Central,Neelam Nilam,1078.76,-132.55,1211.32,12,4,-0.1229
2021-04-11,West,Sasha Ellington,2113.92,93.85,2020.08,28,11,0.0444
2021-04-12,West,Sasha Ellington,35.21,2.64,32.57,1,1,0.075
2021-04-14,Central,Neelam Nilam,1483.53,481.09,1002.44,7,2,0.3243
2021-04-14,East,Rylee Sasa,379.55,-63.19,442.73,28,8,-0.1665
2021-04-14,South,Sam Abioye,2298.9,397.95,1900.95,19,4,0.1731
2021-04-15,East,Rylee Sasa,172.61,60.65,111.95,17,3,0.3514
2021-04-15,West,Sasha Ellington,2572.5,625.85,1946.65,17,5,0.2433
2021-04-16,Central,Neelam Nilam,753.96,95.63,658.33,36,13,0.1268
2021-04-16,East,Rylee Sasa,21.93,10.31,11.62,3,1,0.4701
2021-04-16,South,Sam Abioye,106.5,41.54,64.97,6,1,0.39
2021-04-16,West,Sasha Ellington,1124.57,67.36,1057.21,12,3,0.0599
2021-04-17,Central,Neelam Nilam,329.96,-564.98,894.94,6,2,-1.7123
2021-04-18,Central,Neelam Nilam,298.42,125.48,172.94,5,2,0.4205
2021-04-18,South,Sam Abioye,896.31,381.66,514.65,11,3,0.4258
2021-04-19,South,Sam Abioye,893.09,228.9,664.19,13,4,0.2563
2021-04-20,West,Sasha Ellington,152.92,24.45,128.47,6,2,0.1599
2021-04-22,East,Rylee Sasa,25.99,7.54,18.45,1,1,0.2901
2021-04-23,Central,Neelam Nilam,679.23,13.4,665.83,15,4,0.0197
2021-04-23,East,Rylee Sasa,206.43,90.83,115.6,3,1,0.44
2021-04-23,West,Sasha Ellington,35.28,14.35,20.93,5,2,0.4067
2021-04-24,Central,Neelam Nilam,408.42,-5.83,414.26,2,1,-0.0143
2021-04-24,South,Sam Abioye,1195.9,-207.56,1403.46,13,5,-0.1736
2021-04-24,West,Sasha Ellington,485.79,78.49,407.29,12,4,0.1616
2021-04-25,East,Rylee Sasa,2670.19,974.31,1695.88,14,3,0.3649
2021-04-25,West,Sasha Ellington,49.4,4.0,45.4,7,2,0.081
2021-04-26,Central,Neelam Nilam,4044.36,1911.47,2132.91,14,5,0.4726
2021-04-27,East,Rylee Sasa,7.97,2.89,5.08,2,1,0.3626
2021-04-28,Central,Neelam Nilam,213.12,-15.22,228.34,5,1,-0.0714
2021-04-28,East,Rylee Sasa,1304.13,-166.54,1470.67,27,6,-0.1277
2021-04-28,West,Sasha Ellington,54.45,11.43,43.02,8,2,0.2099
2021-04-29,South,Sam Abioye,277.63,29.74,247.88,12,3,0.1071
2021-04-29,West,Sasha Ellington,173.31,36.47,136.83,9,4,0.2104
2021-04-30,Central,Neelam Nilam,167.24,16.85,150.39,6,2,0.1008
2021-05-01,East,Rylee Sasa,1058.19,-20.42,1078.63,25,7,-0.0193
2021-05-01,West,Sasha Ellington,1140.58,275.9,864.67,20,6,0.2419
2021-05-02,Central,Neelam Nilam,1094.56,144.63,949.92,21,3,0.1321
2021-05-02,East,Rylee Sasa,26.8,12.86,13.94,2,1,0.4799
2021-05-05,Central,Neelam Nilam,259.95,-25.99,285.94,6,2,-0.1
2021-05-05,South,Sam Abioye,45.68,21.01,24.67,2,1,0.4599
2021-05-06,Central,Neelam Nilam,545.91,138.98,406.93,8,3,0.2546
2021-05-06,East,Rylee Sasa,3430.8,1102.41,2328.39,26,7,0.3213
2021-05-06,West,Sasha Ellington,5.25,0.59,4.66,2,1,0.1124
2021-05-07,South,Sam Abioye,48.81,23.92,24.89,3,1,0.4901
2021-05-08,Central,Neelam Nilam,107.75,-187.94,295.7,7,2,-1.7442
2021-05-08,West,Sasha Ellington,46.69,-2.92,49.61,4,1,-0.0625
2021-05-09,West,Sasha Ellington,191.97,16.8,175.17,7,1,0.0875
2021-05-10,Central,Neelam Nilam,769.02,95.29,673.73,17,3,0.1239
2021-05-10,East,Rylee Sasa,36.63,9.89,26.74,3,1,0.27
2021-05-10,West,Sasha Ellington,254.69,42.42,212.28,14,4,0.1666
2021-05-11,Central,Neelam Nilam,238.38,22.28,216.11,6,2,0.0935
2021-05-12,East,Rylee Sasa,570.5,113.42,457.07,29,7,0.1988
2021-05-12,West,Sasha Ellington,2570.71,207.47,2363.24,17,5,0.0807
2021-05-13,East,Rylee Sasa,51.97,-10.39,62.36,2,1,-0.1999
2021-05-13,South,Sam Abioye,17.94,8.79,9.15,3,1,0.49
2021-05-14,South,Sam Abioye,255.97,32.0,223.97,4,1,0.125
2021-05-15,Central,Neelam Nilam,47.37,-44.99,92.36,8,2,-0.9498
2021-05-15,East,Rylee Sasa,87.1,31.24,55.86,14,2,0.3587
2021-05-16,West,Sasha Ellington,10.86,5.32,5.54,2,1,0.4899
2021-05-18,South,Sam Abioye,169.55,15.48,154.06,8,2,0.0913
2021-05-19,Central,Neelam Nilam,20.77,-52.96,73.73,8,1,-2.5498
2021-05-19,East,Rylee Sasa,24.59,-18.03,42.62,2,1,-0.7332
2021-05-19,West,Sasha Ellington,26.98,8.77,18.21,4,1,0.3251
2021-05-20,West,Sasha Ellington,3862.1,425.82,3436.28,22,4,0.1103
2021-05-21,Central,Neelam Nilam,925.83,265.29,660.54,14,2,0.2865
2021-05-21,East,Rylee Sasa,51.45,13.89,37.56,3,1,0.27
2021-05-21,South,Sam Abioye,186.69,87.74,98.95,3,1,0.47
2021-05-21,West,Sasha Ellington,140.98,0.9,140.08,11,2,0.0064
2021-05-22,Central,Neelam Nilam,610.31,-176.6,786.9,13,2,-0.2894
2021-05-23,Central,Neelam Nilam,411.92,118.02,293.9,16,5,0.2865
2021-05-23,South,Sam Abioye,467.04,58.38,408.66,4,1,0.125
2021-05-23,West,Sasha Ellington,860.46,89.43,771.03,16,2,0.1039
2021-05-24,Central,Neelam Nilam,610.16,-113.1,723.25,8,3,-0.1854
2021-05-24,South,Sam Abioye,352.16,114.55,237.6,14,4,0.3253
2021-05-24,West,Sasha Ellington,20.24,7.89,12.35,1,1,0.3898
2021-05-26,East,Rylee Sasa,787.52,242.29,545.23,27,8,0.3077
2021-05-26,West,Sasha Ellington,6.63,1.79,4.84,3,1,0.27
2021-05-27,Central,Neelam Nilam,12.39,5.7,6.69,3,1,0.46
2021-05-27,East,Rylee Sasa,451.73,-58.6,510.32,15,4,-0.1297
2021-05-27,West,Sasha Ellington,740.73,219.01,521.72,13,3,0.2957
2021-05-28,East,Rylee Sasa,529.14,51.16,477.98,8,3,0.0967
2021-05-28,South,Sam Abioye,151.96,36.47,115.49,4,1,0.24
2021-05-29,Central,Neelam Nilam,2802.35,758.45,2043.9,22,5,0.2706
2021-05-29,East,Rylee Sasa,375.02,163.82,211.2,20,5,0.4368
2021-05-29,South,Sam Abioye,10.27,1.16,9.12,3,1,0.113
2021-05-29,West,Sasha Ellington,1990.49,305.48,1685.01,31,6,0.1535
2021-05-30,Central,Neelam Nilam,822.44,294.72,527.72,35,6,0.3583
2021-05-30,West,Sasha Ellington,11.76,5.76,6.0,2,1,0.4898
2021-06-02,East,Rylee Sasa,65.72,26.31,39.41,7,2,0.4003
2021-06-02,West,Sasha Ellington,1126.59,438.51,688.08,9,4,0.3892
2021-06-03,Central,Neelam Nilam,10.56,4.75,5.81,2,1,0.4498
2021-06-03,East,Rylee Sasa,1522.64,169.18,1353.46,9,1,0.1111
2021-06-05,East,Rylee Sasa,52.25,-2.14,54.38,12,3,-0.041
2021-06-05,West,Sasha Ellington,7.52,2.63,4.89,5,1,0.3497
2021-06-06,Central,Neelam Nilam,145.51,-392.86,538.36,5,2,-2.6999
2021-06-06,South,Sam Abioye,937.61,96.52,841.09,35,7,0.1029
2021-06-07,Central,Neelam Nilam,12.96,6.22,6.74,2,1,0.4799
2021-06-07,South,Sam Abioye,288.42,-21.38,309.8,16,4,-0.0741
2021-06-07,West,Sasha Ellington,495.74,101.16,394.57,7,2,0.2041
2021-06-09,South,Sam Abioye,3373.56,-60.61,3434.18,47,13,-0.018
2021-06-10,Central,Neelam Nilam,24.56,6.88,17.68,2,1,0.2801
2021-06-10,East,Rylee Sasa,93.94,16.67,77.27,11,3,0.1775
2021-06-10,South,Sam Abioye,55.98,4.2,51.79,2,1,0.075
2021-06-11,East,Rylee Sasa,109.5,32.57,76.93,7,4,0.2974
2021-06-11,South,Sam Abioye,982.77,349.39,633.38,18,5,0.3555
2021-06-11,West,Sasha Ellington,36.62,13.73,22.89,3,1,0.3749
2021-06-12,East,Rylee Sasa,51.07,5.11,45.96,6,1,0.1001
2021-06-13,South,Sam Abioye,11.67,-0.73,12.4,1,1,-0.0626
2021-06-13,West,Sasha Ellington,722.48,-19.41,741.89,17,5,-0.0269
2021-06-14,Central,Neelam Nilam,253.34,-6.17,259.51,8,3,-0.0244
2021-06-14,East,Rylee Sasa,3190.57,1179.56,2011.02,7,3,0.3697
2021-06-16,South,Sam Abioye,1730.11,313.45,1416.65,27,9,0.1812
2021-06-16,West,Sasha Ellington,152.99,30.69,122.29,19,5,0.2006
2021-06-17,Central,Neelam Nilam,234.71,4.75,229.96,7,2,0.0202
2021-06-17,East,Rylee Sasa,5.9,1.99,3.91,2,1,0.3373
2021-06-17,West,Sasha Ellington,205.73,94.87,110.86,6,3,0.4611
2021-06-18,East,Rylee Sasa,319.98,92.0,227.99,2,1,0.2875
2021-06-18,West,Sasha Ellington,509.56,163.46,346.1,16,3,0.3208
2021-06-19,South,Sam Abioye,107.98,37.79,70.18,3,1,0.35
2021-06-20,Central,Neelam Nilam,796.43,-525.64,1322.07,7,1,-0.66
2021-06-20,East,Rylee Sasa,1217.57,456.59,760.98,2,1,0.375
2021-06-20,West,Sasha Ellington,4.96,2.33,2.63,4,1,0.4698
2021-06-21,South,Sam Abioye,268.4,102.01,166.39,7,3,0.3801
2021-06-21,West,Sasha Ellington,568.56,52.51,516.06,12,4,0.0924
2021-06-23,Central,Neelam Nilam,128.92,-4.36,133.28,16,4,-0.0338
2021-06-23,East,Rylee Sasa,109.36,-6.72,116.08,8,2,-0.0614
2021-06-23,West,Sasha Ellington,618.79,99.47,519.33,13,4,0.1607
2021-06-24,Central,Neelam Nilam,1013.78,118.14,895.64,5,2,0.1165
2021-06-24,East,Rylee Sasa,43.06,15.61,27.45,9,1,0.3625
2021-06-24,South,Sam Abioye,535.36,174.26,361.1,16,4,0.3255
2021-06-26,East,Rylee Sasa,498.49,-371.25,869.74,9,2,-0.7447
2021-06-26,South,Sam Abioye,260.31,97.23,163.09,7,2,0.3735
2021-06-26,West,Sasha Ellington,627.66,48.62,579.04,6,2,0.0775
2021-06-27,Central,Neelam Nilam,269.98,72.89,197.09,2,1,0.27
2021-06-27,East,Rylee Sasa,162.94,14.3,148.64,6,3,0.0878
2021-06-30,Central,Neelam Nilam,1338.59,-125.11,1463.71,22,6,-0.0935
2021-06-30,East,Rylee Sasa,19.44,9.33,10.11,3,1,0.4799
2021-06-30,South,Sam Abioye,273.86,64.95,208.92,21,6,0.2372
2021-07-01,East,Rylee Sasa,458.07,29.54,428.54,13,3,0.0645
2021-07-01,South,Sam Abioye,365.91,149.49,216.42,4,2,0.4085
2021-07-02,Central,Neelam Nilam,1099.96,285.99,813.97,4,1,0.26
2021-07-02,East,Rylee Sasa,15.48,4.49,10.99,3,1,0.2901
2021-07-02,West,Sasha Ellington,22.85,7.43,15.42,2,1,0.3252
2021-07-03,Central,Neelam Nilam,19.0,8.93,10.07,5,1,0.47
2021-07-03,East,Rylee Sasa,73.78,-0.26,74.04,6,2,-0.0035
2021-07-03,South,Sam Abioye,28.87,-0.03,28.9,12,4,-0.001
2021-07-04,East,Rylee Sasa,1209.46,292.8,916.66,21,6,0.2421
2021-07-04,West,Sasha Ellington,170.35,-17.04,187.39,3,1,-0.1
2021-07-06,Central,Neelam Nilam,21.12,6.6,14.52,5,1,0.3125
2021-07-07,Central,Neelam Nilam,48.63,-121.58,170.21,2,1,-2.5001
2021-07-07,East,Rylee Sasa,1533.32,537.58,995.75,49,12,0.3506
2021-07-07,South,Sam Abioye,5.16,0.84,4.32,3,1,0.1628
2021-07-08,West,Sasha Ellington,43.29,10.73,32.56,5,2,0.2479
2021-07-09,East,Rylee Sasa,1813.63,220.72,1592.91,46,9,0.1217
2021-07-09,West,Sasha Ellington,128.32,47.91,80.41,6,2,0.3734
2021-07-10,Central,Neelam Nilam,2052.57,140.7,1911.87,32,8,0.0685
2021-07-11,Central,Neelam Nilam,41.57,-66.51,108.08,6,1,-1.6
2021-07-11,East,Rylee Sasa,1952.81,330.8,1622.01,13,3,0.1694
2021-07-11,South,Sam Abioye,38.88,18.66,20.22,6,1,0.4799
2021-07-12,West,Sasha Ellington,860.92,-200.0,1060.91,15,4,-0.2323
2021-07-14,East,Rylee Sasa,980.53,343.93,636.61,27,5,0.3508
2021-07-14,West,Sasha Ellington,2048.85,-140.39,2189.25,9,2,-0.0685
2021-07-15,Central,Neelam Nilam,20.69,5.47,15.23,7,2,0.2644
2021-07-15,South,Sam Abioye,231.92,5.8,226.12,5,1,0.025
2021-07-15,West,Sasha Ellington,195.47,-13.8,209.26,2,1,-0.0706
2021-07-16,East,Rylee Sasa,152.46,41.68,110.78,6,4,0.2734
2021-07-16,West,Sasha Ellington,519.96,176.79,343.17,4,1,0.34
2021-07-17,West,Sasha Ellington,2.03,-1.35,3.38,1,1,-0.665
2021-07-18,Central,Neelam Nilam,2693.16,109.86,2583.33,41,10,0.0408
2021-07-21,East,Rylee Sasa,208.27,74.6,133.67,9,3,0.3582
2021-07-22,South,Sam Abioye,525.95,174.01,351.94,32,4,0.3308
2021-07-23,East,Rylee Sasa,25.18,-18.46,43.64,4,1,-0.7331
2021-07-23,South,Sam Abioye,457.04,88.67,368.37,11,2,0.194
2021-07-23,West,Sasha Ellington,1912.81,130.16,1782.65,16,5,0.068
2021-07-24,East,Rylee Sasa,10.37,3.63,6.74,2,1,0.35
2021-07-24,West,Sasha Ellington,958.86,-74.97,1033.83,22,6,-0.0782
2021-07-25,South,Sam Abioye,29.97,0.3,29.67,3,1,0.01
2021-07-28,Central,Neelam Nilam,217.67,45.15,172.52,10,2,0.2074
2021-07-28,West,Sasha Ellington,226.13,98.79,127.35,13,3,0.4369
2021-07-29,Central,Neelam Nilam,52.59,15.78,36.81,3,1,0.3001
2021-07-29,East,Rylee Sasa,3419.87,480.63,2939.24,17,3,0.1405
2021-07-29,South,Sam Abioye,239.7,105.47,134.23,6,1,0.44
2021-07-30,West,Sasha Ellington,1011.7,-172.51,1184.21,10,2,-0.1705
2021-07-31,East,Rylee Sasa,448.21,107.52,340.69,8,4,0.2399
2021-07-31,West,Sasha Ellington,842.27,-144.67,986.94,8,3,-0.1718
2021-08-03,Central,Neelam Nilam,72.65,-19.78,92.42,16,4,-0.2723
2021-08-04,Central,Neelam Nilam,494.87,-81.35,576.23,16,5,-0.1644
2021-08-05,Central,Neelam Nilam,241.34,47.13,194.21,7,2,0.1953
2021-08-05,East,Rylee Sasa,184.38,30.85,153.53,19,2,0.1673
2021-08-05,South,Sam Abioye,520.03,160.27,359.76,5,2,0.3082
2021-08-05,West,Sasha Ellington,22.45,7.58,14.88,4,2,0.3376
2021-08-06,East,Rylee Sasa,681.43,284.23,397.2,12,4,0.4171
2021-08-06,West,Sasha Ellington,158.67,15.82,142.86,5,3,0.0997
2021-08-07,Central,Neelam Nilam,1334.03,186.25,1147.78,12,4,0.1396
2021-08-07,East,Rylee Sasa,3539.76,873.69,2666.07,41,12,0.2468
2021-08-07,South,Sam Abioye,4.61,1.67,2.94,2,1,0.3623
2021-08-08,Central,Neelam Nilam,139.69,63.32,76.37,13,4,0.4533
2021-08-08,West,Sasha Ellington,711.78,21.89,689.9,15,3,0.0308
2021-08-09,East,Rylee Sasa,149.96,37.61,112.35,4,2,0.2508
2021-08-09,South,Sam Abioye,46.15,12.11,34.04,3,1,0.2624
2021-08-11,Central,Neelam Nilam,11.36,5.57,5.79,4,1,0.4903
2021-08-11,East,Rylee Sasa,422.86,15.86,407.0,3,1,0.0375
2021-08-11,South,Sam Abioye,70.32,10.8,59.53,10,2,0.1536
2021-08-11,West,Sasha Ellington,82.36,23.62,58.74,8,2,0.2868
2021-08-13,West,Sasha Ellington,497.59,108.5,389.09,12,3,0.2181
2021-08-14,East,Rylee Sasa,1178.6,-317.56,1496.15,30,9,-0.2694
2021-08-14,West,Sasha Ellington,2200.32,319.17,1881.16,16,4,0.1451
2021-08-15,East,Rylee Sasa,52.2,23.49,28.71,9,1,0.45
2021-08-15,West,Sasha Ellington,329.44,-23.0,352.45,16,4,-0.0698
2021-08-19,East,Rylee Sasa,1474.72,-285.8,1760.52,22,8,-0.1938
2021-08-19,South,Sam Abioye,53.28,18.24,35.04,15,2,0.3423
2021-08-19,West,Sasha Ellington,1299.53,120.35,1179.17,18,6,0.0926
2021-08-20,East,Rylee Sasa,66.63,23.89,42.75,10,2,0.3585
2021-08-21,Central,Neelam Nilam,59.85,-4.89,64.75,16,4,-0.0817
2021-08-21,South,Sam Abioye,1142.43,364.36,778.07,30,7,0.3189
2021-08-22,Central,Neelam Nilam,2645.02,-133.19,2778.21,29,4,-0.0504
2021-08-22,East,Rylee Sasa,794.66,-3.96,798.63,16,6,-0.005
2021-08-22,South,Sam Abioye,3747.93,1605.7,2142.23,14,3,0.4284
2021-08-22,West,Sasha Ellington,7.15,0.72,6.44,3,1,0.1007
2021-08-23,Central,Neelam Nilam,31.78,-26.61,58.38,8,3,-0.8373
2021-08-23,West,Sasha Ellington,146.74,34.26,112.49,5,2,0.2335
2021-08-25,West,Sasha Ellington,639.97,156.97,483.01,13,5,0.2453
2021-08-26,Central,Neelam Nilam,4003.4,941.23,3062.17,11,3,0.2351
2021-08-26,East,Rylee Sasa,470.36,122.29,348.07,11,1,0.26
2021-08-26,West,Sasha Ellington,2017.54,356.64,1660.9,26,6,0.1768
2021-08-27,Central,Neelam Nilam,246.5,47.08,199.42,9,2,0.191
2021-08-29,Central,Neelam Nilam,20.96,6.81,14.15,4,1,0.3249
2021-08-29,West,Sasha Ellington,2580.84,413.65,2167.18,30,6,0.1603
2021-08-30,East,Rylee Sasa,1388.46,409.86,978.61,14,4,0.2952
2021-08-30,West,Sasha Ellington,979.1,342.08,637.02,7,3,0.3494
2021-09-01,Central,Neelam Nilam,7.5,3.6,3.9,2,1,0.48
2021-09-01,East,Rylee Sasa,1113.54,-20.53,1134.05,14,6,-0.0184
2021-09-01,South,Sam Abioye,200.98,62.81,138.18,7,1,0.3125
2021-09-01,West,Sasha Ellington,552.88,136.99,415.89,17,6,0.2478
2021-09-02,Central,Neelam Nilam,134.38,6.72,127.66,3,1,0.05
2021-09-02,East,Rylee Sasa,7.66,-6.12,13.78,4,1,-0.799
2021-09-02,South,Sam Abioye,919.49,258.28,661.21,14,4,0.2809
2021-09-02,West,Sasha Ellington,9.76,-6.83,16.6,2,1,-0.6998
2021-09-03,Central,Neelam Nilam,132.86,-27.46,160.32,22,5,-0.2067
2021-09-03,South,Sam Abioye,67.96,12.23,55.73,4,1,0.18
2021-09-03,West,Sasha Ellington,733.28,-15.84,749.12,13,3,-0.0216
2021-09-04,East,Rylee Sasa,618.13,163.88,454.25,5,3,0.2651
2021-09-04,South,Sam Abioye,143.28,42.45,100.83,16,4,0.2963
2021-09-04,West,Sasha Ellington,244.24,95.0,149.23,9,3,0.389
2021-09-05,Central,Neelam Nilam,47.52,-2.04,49.55,2,1,-0.0429
2021-09-05,East,Rylee Sasa,2062.48,-69.48,2131.98,38,11,-0.0337
2021-09-05,South,Sam Abioye,140.74,12.31,128.42,4,1,0.0875
2021-09-05,West,Sasha Ellington,671.93,20.16,651.77,7,1,0.03
2021-09-06,South,Sam Abioye,21.36,8.12,13.24,8,1,0.3801
2021-09-06,West,Sasha Ellington,68.28,12.72,55.56,11,2,0.1863
2021-09-08,Central,Neelam Nilam,194.83,4.45,190.38,4,2,0.0228
2021-09-08,East,Rylee Sasa,708.82,226.9,481.92,15,4,0.3201
2021-09-08,West,Sasha Ellington,512.08,52.31,459.77,16,3,0.1022
2021-09-09,East,Rylee Sasa,1481.64,331.0,1150.64,29,9,0.2234
2021-09-09,West,Sasha Ellington,480.49,136.95,343.54,23,4,0.285
2021-09-10,East,Rylee Sasa,685.84,110.8,575.05,19,8,0.1616
2021-09-10,West,Sasha Ellington,21.98,8.57,13.41,2,1,0.3899
2021-09-11,Central,Neelam Nilam,1894.05,400.99,1493.06,16,4,0.2117
2021-09-11,East,Rylee Sasa,2.41,-2.01,4.42,1,1,-0.834
2021-09-11,South,Sam Abioye,212.95,34.42,178.53,14,3,0.1616
2021-09-11,West,Sasha Ellington,1336.35,272.58,1063.77,23,6,0.204
2021-09-12,Central,Neelam Nilam,25.9,12.69,13.21,5,1,0.49
2021-09-12,East,Rylee Sasa,1884.14,592.24,1291.9,17,3,0.3143
2021-09-12,South,Sam Abioye,269.49,5.39,264.1,3,1,0.02
2021-09-12,West,Sasha Ellington,1082.89,110.15,972.73,8,2,0.1017
2021-09-13,Central,Neelam Nilam,215.18,19.72,195.46,10,2,0.0916
2021-09-13,East,Rylee Sasa,289.97,5.03,284.94,12,5,0.0173
2021-09-13,South,Sam Abioye,2030.69,515.03,1515.66,22,7,0.2536
2021-09-14,South,Sam Abioye,31.12,14.63,16.49,4,1,0.4701
2021-09-15,Central,Neelam Nilam,28.53,-20.63,49.16,5,2,-0.7231
2021-09-15,East,Rylee Sasa,11351.87,-1207.92,12559.81,70,18,-0.1064
2021-09-15,South,Sam Abioye,87.17,10.9,76.27,3,1,0.125
2021-09-15,West,Sasha Ellington,57.43,23.37,34.06,8,2,0.4069
2021-09-16,East,Rylee Sasa,2503.82,497.44,2006.38,21,5,0.1987
2021-09-16,South,Sam Abioye,717.12,152.39,564.73,9,1,0.2125
2021-09-16,West,Sasha Ellington,703.38,129.1,574.28,32,8,0.1835
2021-09-17,East,Rylee Sasa,279.86,134.33,145.53,14,1,0.48
2021-09-17,South,Sam Abioye,128.32,27.57,100.75,6,2,0.2149
2021-09-17,West,Sasha Ellington,92.2,32.9,59.3,10,3,0.3568
2021-09-18,Central,Neelam Nilam,2.81,-4.49,7.3,3,1,-1.5979
2021-09-18,East,Rylee Sasa,123.53,54.68,68.85,13,3,0.4426
2021-09-18,South,Sam Abioye,1664.13,-972.05,2636.18,10,2,-0.5841
2021-09-18,West,Sasha Ellington,45.58,16.52,29.06,11,1,0.3624
2021-09-19,Central,Neelam Nilam,1322.78,187.57,1135.21,19,5,0.1418
2021-09-19,East,Rylee Sasa,1218.14,303.14,915.01,7,3,0.2489
2021-09-19,South,Sam Abioye,3631.96,756.01,2875.95,37,9,0.2082
2021-09-19,West,Sasha Ellington,809.18,50.47,758.71,12,3,0.0624
2021-09-20,East,Rylee Sasa,673.58,-1.46,675.05,8,2,-0.0022
2021-09-20,South,Sam Abioye,843.88,-39.23,883.12,20,7,-0.0465
2021-09-20,West,Sasha Ellington,266.04,69.79,196.25,5,2,0.2623
2021-09-22,Central,Neelam Nilam,2245.28,614.83,1630.45,20,3,0.2738
2021-09-22,East,Rylee Sasa,144.51,31.19,113.33,19,7,0.2158
2021-09-22,South,Sam Abioye,517.5,155.25,362.25,6,1,0.3
2021-09-22,West,Sasha Ellington,1313.3,375.16,938.14,25,8,0.2857
2021-09-23,Central,Neelam Nilam,128.74,12.87,115.87,7,1,0.1
2021-09-23,East,Rylee Sasa,1340.64,550.4,790.24,31,11,0.4106
2021-09-23,South,Sam Abioye,22.55,-4.94,27.49,8,4,-0.2191
2021-09-23,West,Sasha Ellington,1541.83,300.35,1241.47,13,5,0.1948
2021-09-24,Central,Neelam Nilam,1116.48,372.68,743.8,12,2,0.3338
2021-09-24,East,Rylee Sasa,960.42,242.82,717.6,28,6,0.2528
2021-09-24,West,Sasha Ellington,1645.36,57.26,1588.1,53,12,0.0348
2021-09-25,Central,Neelam Nilam,81.69,-18.17,99.86,14,4,-0.2224
2021-09-25,South,Sam Abioye,2026.78,631.27,1395.52,17,2,0.3115
2021-09-25,West,Sasha Ellington,274.49,109.76,164.73,11,4,0.3999
2021-09-26,East,Rylee Sasa,601.5,165.63,435.87,8,2,0.2754
2021-09-26,West,Sasha Ellington,456.86,121.66,335.22,25,9,0.2663
2021-09-29,Central,Neelam Nilam,111.76,-1.77,113.53,8,2,-0.0158
2021-09-29,East,Rylee Sasa,334.43,103.92,230.51,7,2,0.3107
2021-09-29,West,Sasha Ellington,712.22,67.55,644.68,6,2,0.0948
2021-09-30,East,Rylee Sasa,289.69,127.06,162.63,19,6,0.4386
2021-09-30,South,Sam Abioye,7.38,-5.41,12.79,5,1,-0.7331
2021-09-30,West,Sasha Ellington,972.19,169.13,803.08,38,8,0.174
2021-10-01,East,Rylee Sasa,154.55,-38.67,193.22,12,5,-0.2502
2021-10-01,West,Sasha Ellington,120.67,18.45,102.21,2,1,0.1529
2021-10-02,East,Rylee Sasa,85.68,13.75,71.93,7,2,0.1605
2021-10-02,South,Sam Abioye,392.94,43.22,349.72,3,1,0.11
2021-10-02,West,Sasha Ellington,26.96,7.01,19.95,2,1,0.26
2021-10-03,East,Rylee Sasa,418.59,74.67,343.92,12,3,0.1784
2021-10-03,South,Sam Abioye,75.04,22.46,52.58,6,2,0.2993
2021-10-03,West,Sasha Ellington,357.46,-118.42,475.88,5,2,-0.3313
2021-10-06,Central,Neelam Nilam,76.22,-70.4,146.62,5,2,-0.9236
2021-10-06,West,Sasha Ellington,145.9,62.74,83.16,5,1,0.43
2021-10-07,Central,Neelam Nilam,1396.35,241.6,1154.76,26,6,0.173
2021-10-07,East,Rylee Sasa,655.88,314.1,341.78,8,2,0.4789
2021-10-07,South,Sam Abioye,81.3,5.9,75.4,14,4,0.0726
2021-10-08,Central,Neelam Nilam,8.02,1.0,7.01,3,1,0.1247
2021-10-08,South,Sam Abioye,1801.63,-337.81,2139.44,6,1,-0.1875
2021-10-08,West,Sasha Ellington,438.55,-17.65,456.2,13,3,-0.0402
2021-10-09,East,Rylee Sasa,31.95,2.24,29.71,1,1,0.0701
2021-10-09,South,Sam Abioye,979.95,-380.51,1360.46,7,2,-0.3883
2021-10-10,Central,Neelam Nilam,412.24,112.21,300.03,9,3,0.2722
2021-10-10,East,Rylee Sasa,1878.66,196.93,1681.73,27,6,0.1048
2021-10-10,West,Sasha Ellington,99.86,3.4,96.46,4,2,0.034
2021-10-11,South,Sam Abioye,371.66,101.18,270.48,10,2,0.2722
2021-10-13,Central,Neelam Nilam,3219.55,-332.09,3551.63,33,8,-0.1031
2021-10-14,East,Rylee Sasa,824.97,214.49,610.48,3,1,0.26
2021-10-15,West,Sasha Ellington,77.88,3.89,73.99,2,1,0.0499
2021-10-16,Central,Neelam Nilam,100.86,-183.11,283.96,9,2,-1.8155
2021-10-16,West,Sasha Ellington,277.63,27.63,250.01,8,3,0.0995
2021-10-17,Central,Neelam Nilam,189.95,59.76,130.2,12,3,0.3146
2021-10-17,East,Rylee Sasa,34.44,17.22,17.22,3,1,0.5
2021-10-17,West,Sasha Ellington,1910.7,556.6,1354.1,8,2,0.2913
2021-10-18,East,Rylee Sasa,24.56,11.54,13.02,2,1,0.4699
2021-10-18,West,Sasha Ellington,695.53,143.76,551.77,19,4,0.2067
2021-10-20,Central,Neelam Nilam,5.18,-7.76,12.94,4,1,-1.4981
2021-10-20,South,Sam Abioye,9.95,1.0,8.96,1,1,0.1005
2021-10-21,Central,Neelam Nilam,733.47,199.89,533.58,21,5,0.2725
2021-10-21,South,Sam Abioye,78.45,-9.99,88.44,11,3,-0.1273
2021-10-21,West,Sasha Ellington,1450.37,162.23,1288.15,27,7,0.1119
2021-10-22,Central,Neelam Nilam,376.87,-66.69,443.56,16,4,-0.177
2021-10-22,West,Sasha Ellington,454.27,-73.82,528.09,8,1,-0.1625
2021-10-23,East,Rylee Sasa,450.09,117.03,333.06,6,2,0.26
2021-10-23,West,Sasha Ellington,975.33,-20.64,995.95,18,4,-0.0212
2021-10-24,West,Sasha Ellington,1395.32,-59.05,1454.4,37,8,-0.0423
2021-10-26,South,Sam Abioye,104.51,36.87,67.64,16,4,0.3528
2021-10-27,West,Sasha Ellington,244.24,119.34,124.9,9,2,0.4886
2021-10-28,Central,Neelam Nilam,299.9,74.98,224.93,2,1,0.25
2021-10-28,East,Rylee Sasa,1035.8,269.31,766.49,4,1,0.26
2021-10-28,South,Sam Abioye,182.91,53.04,129.87,3,1,0.29
2021-10-28,West,Sasha Ellington,603.43,153.47,449.97,12,4,0.2543
2021-10-29,Central,Neelam Nilam,70.12,21.04,49.08,4,1,0.3001
2021-10-29,East,Rylee Sasa,82.74,36.7,46.04,4,2,0.4436
2021-10-29,West,Sasha Ellington,3058.15,572.85,2485.3,59,14,0.1873
2021-10-30,East,Rylee Sasa,2796.26,875.01,1921.27,32,10,0.3129
2021-10-30,South,Sam Abioye,301.96,45.29,256.67,2,1,0.15
2021-10-30,West,Sasha Ellington,7.88,1.77,6.11,1,1,0.2246
2021-10-31,Central,Neelam Nilam,374.07,-8.22,382.29,9,2,-0.022
2021-10-31,East,Rylee Sasa,2731.08,561.93,2169.16,13,2,0.2058
2021-10-31,South,Sam Abioye,197.72,55.36,142.36,4,1,0.28
2021-10-31,West,Sasha Ellington,2225.67,150.3,2075.37,33,6,0.0675
2021-11-01,Central,Neelam Nilam,6.61,2.15,4.46,2,1,0.3253
2021-11-01,East,Rylee Sasa,1448.82,209.27,1239.55,10,1,0.1444
2021-11-01,West,Sasha Ellington,1345.42,160.52,1184.89,13,3,0.1193
2021-11-03,Central,Neelam Nilam,19.82,6.44,13.38,6,1,0.3249
2021-11-03,East,Rylee Sasa,59.76,5.38,54.38,13,3,0.09
2021-11-03,South,Sam Abioye,594.14,50.07,544.07,7,2,0.0843
2021-11-03,West,Sasha Ellington,161.15,51.35,109.8,7,2,0.3186
2021-11-04,West,Sasha Ellington,11.48,-1.04,12.52,6,2,-0.0906
2021-11-05,Central,Neelam Nilam,747.64,-115.85,863.49,27,7,-0.155
2021-11-05,East,Rylee Sasa,773.08,190.68,582.4,14,4,0.2466
2021-11-05,South,Sam Abioye,1361.64,-1044.46,2406.08,14,2,-0.7671
2021-11-05,West,Sasha Ellington,190.72,11.92,178.8,1,1,0.0625
2021-11-06,Central,Neelam Nilam,274.44,59.26,215.17,10,2,0.2159
2021-11-06,East,Rylee Sasa,10337.27,3551.3,6785.97,40,9,0.3435
2021-11-06,South,Sam Abioye,832.06,190.87,641.2,43,9,0.2294
2021-11-06,West,Sasha Ellington,753.22,205.19,548.03,20,7,0.2724
2021-11-07,Central,Neelam Nilam,1095.9,249.02,846.88,19,5,0.2272
2021-11-07,East,Rylee Sasa,3521.91,1192.33,2329.59,26,7,0.3385
2021-11-07,West,Sasha Ellington,2.48,1.17,1.31,2,1,0.4718
2021-11-08,Central,Neelam Nilam,2879.42,851.5,2027.93,17,6,0.2957
2021-11-08,East,Rylee Sasa,577.58,43.32,534.27,6,1,0.075
2021-11-08,West,Sasha Ellington,79.9,35.16,44.74,2,1,0.4401
2021-11-09,Central,Neelam Nilam,542.18,163.92,378.26,9,2,0.3023
2021-11-10,Central,Neelam Nilam,304.22,61.03,243.19,11,3,0.2006
2021-11-10,East,Rylee Sasa,15.56,7.31,8.25,2,1,0.4698
2021-11-10,South,Sam Abioye,792.51,-51.95,844.45,19,6,-0.0656
2021-11-10,West,Sasha Ellington,15.7,7.07,8.64,5,1,0.4503
2021-11-11,Central,Neelam Nilam,842.32,62.57,779.74,24,5,0.0743
2021-11-11,East,Rylee Sasa,810.2,214.54,595.66,15,4,0.2648
2021-11-11,South,Sam Abioye,433.32,-55.6,488.91,20,4,-0.1283
2021-11-11,West,Sasha Ellington,1505.24,-15.56,1520.8,37,8,-0.0103
2021-11-12,East,Rylee Sasa,278.58,77.7,200.88,16,6,0.2789
2021-11-12,South,Sam Abioye,860.07,339.16,520.91,5,2,0.3943
2021-11-12,West,Sasha Ellington,1374.06,156.43,1217.63,19,5,0.1138
2021-11-13,Central,Neelam Nilam,270.35,-3.15,273.5,17,3,-0.0117
2021-11-13,East,Rylee Sasa,391.85,-48.76,440.61,28,4,-0.1244
2021-11-13,South,Sam Abioye,39.96,14.39,25.57,2,1,0.3601
2021-11-14,Central,Neelam Nilam,2528.99,551.18,1977.81,32,8,0.2179
2021-11-14,East,Rylee Sasa,523.25,141.28,381.97,5,1,0.27
2021-11-14,West,Sasha Ellington,1020.1,191.73,828.37,8,3,0.188
2021-11-15,Central,Neelam Nilam,2012.38,442.38,1570.0,17,4,0.2198
2021-11-15,West,Sasha Ellington,1873.61,175.39,1698.22,30,7,0.0936
2021-11-17,East,Rylee Sasa,867.74,252.15,615.59,6,2,0.2906
2021-11-17,West,Sasha Ellington,173.04,31.1,141.94,6,2,0.1797
2021-11-18,Central,Neelam Nilam,479.99,56.0,423.99,2,1,0.1167
2021-11-18,East,Rylee Sasa,827.41,-72.44,899.85,23,7,-0.0876
2021-11-18,South,Sam Abioye,377.9,-91.06,468.97,14,4,-0.241
2021-11-18,West,Sasha Ellington,1175.84,-117.09,1292.92,63,13,-0.0996
2021-11-19,Central,Neelam Nilam,1245.54,208.33,1037.23,33,11,0.1673
2021-11-19,East,Rylee Sasa,1776.35,-519.35,2295.71,25,4,-0.2924
2021-11-19,South,Sam Abioye,18.18,4.77,13.4,1,1,0.2624
2021-11-19,West,Sasha Ellington,573.5,96.69,476.81,19,5,0.1686
2021-11-20,Central,Neelam Nilam,305.48,-161.56,467.04,14,4,-0.5289
2021-11-20,East,Rylee Sasa,103.61,30.86,72.75,12,4,0.2978
2021-11-20,South,Sam Abioye,91.04,14.56,76.48,11,3,0.1599
2021-11-20,West,Sasha Ellington,114.37,47.56,66.81,15,3,0.4158
2021-11-21,Central,Neelam Nilam,386.49,79.15,307.34,8,3,0.2048
2021-11-21,East,Rylee Sasa,3063.7,881.64,2182.07,31,7,0.2878
2021-11-22,West,Sasha Ellington,1218.76,388.79,829.98,49,10,0.319
2021-11-23,South,Sam Abioye,13.12,1.48,11.64,5,1,0.1128
2021-11-24,Central,Neelam Nilam,599.99,234.0,365.99,1,1,0.39
2021-11-24,East,Rylee Sasa,191.62,67.77,123.85,15,4,0.3537
2021-11-24,South,Sam Abioye,692.47,190.43,502.04,11,1,0.275
2021-11-25,East,Rylee Sasa,2138.4,123.82,2014.59,41,11,0.0579
2021-11-25,South,Sam Abioye,465.68,-155.0,620.68,8,3,-0.3328
2021-11-25,West,Sasha Ellington,505.71,93.92,411.8,11,3,0.1857
2021-11-26,Central,Neelam Nilam,1283.8,-32.24,1316.04,31,6,-0.0251
2021-11-26,East,Rylee Sasa,527.12,132.06,395.05,21,5,0.2505
2021-11-26,West,Sasha Ellington,53.56,18.88,34.68,6,2,0.3525
2021-11-27,Central,Neelam Nilam,2699.56,561.5,2138.06,40,8,0.208
2021-11-27,West,Sasha Ellington,60.6,17.32,43.28,3,2,0.2858
2021-11-28,Central,Neelam Nilam,3.88,-5.82,9.71,3,1,-1.5
2021-11-28,East,Rylee Sasa,963.56,-55.48,1019.05,33,5,-0.0576
2021-11-28,South,Sam Abioye,724.07,92.4,631.68,21,7,0.1276
2021-11-28,West,Sasha Ellington,106.88,41.59,65.29,8,2,0.3891
2021-11-29,Central,Neelam Nilam,48.31,15.05,33.26,11,4,0.3115
2021-11-29,South,Sam Abioye,125.64,47.35,78.29,8,2,0.3769
2021-11-29,West,Sasha Ellington,6956.64,890.7,6065.96,43,8,0.128
2021-12-01,East,Rylee Sasa,1324.29,-25.81,1350.11,26,7,-0.0195
2021-12-01,South,Sam Abioye,288.84,-50.5,339.36,12,4,-0.1748
2021-12-01,West,Sasha Ellington,359.5,-29.61,389.1,3,1,-0.0824
2021-12-02,Central,Neelam Nilam,85.96,40.4,45.56,7,1,0.47
2021-12-02,East,Rylee Sasa,2996.43,676.8,2319.64,29,7,0.2259
2021-12-02,South,Sam Abioye,1643.25,-1059.39,2702.64,14,3,-0.6447
2021-12-02,West,Sasha Ellington,460.17,159.54,300.64,22,5,0.3467
2021-12-03,Central,Neelam Nilam,210.06,85.33,124.73,9,3,0.4062
2021-12-03,East,Rylee Sasa,493.77,82.98,410.81,18,5,0.1681
2021-12-03,South,Sam Abioye,97.42,10.96,86.46,2,1,0.1125
2021-12-03,West,Sasha Ellington,96.06,38.27,57.79,9,3,0.3984
2021-12-04,Central,Neelam Nilam,1002.75,445.14,557.61,9,2,0.4439
2021-12-04,East,Rylee Sasa,2391.01,43.92,2347.07,35,7,0.0184
2021-12-04,South,Sam Abioye,173.94,50.44,123.5,6,1,0.29
2021-12-04,West,Sasha Ellington,2493.79,391.58,2102.23,60,13,0.157
2021-12-05,East,Rylee Sasa,801.99,233.99,568.0,13,3,0.2918
2021-12-05,South,Sam Abioye,436.86,112.27,324.59,7,2,0.257
2021-12-05,West,Sasha Ellington,99.45,36.19,63.26,9,4,0.3639
2021-12-06,Central,Neelam Nilam,2199.07,293.12,1905.95,22,3,0.1333
2021-12-06,West,Sasha Ellington,473.66,49.66,423.99,9,3,0.1048
2021-12-07,Central,Neelam Nilam,34.02,16.67,17.35,3,1,0.49
2021-12-08,Central,Neelam Nilam,1053.52,127.01,926.51,14,5,0.1206
2021-12-08,East,Rylee Sasa,1835.16,582.0,1253.18,41,10,0.3171
2021-12-08,South,Sam Abioye,129.64,34.35,95.29,11,3,0.265
2021-12-08,West,Sasha Ellington,62.06,18.58,43.48,4,2,0.2994
2021-12-09,Central,Neelam Nilam,530.54,143.81,386.74,19,5,0.2711
2021-12-09,East,Rylee Sasa,10.33,-7.58,17.91,3,1,-0.7338
2021-12-09,South,Sam Abioye,209.45,87.36,122.09,4,2,0.4171
2021-12-09,West,Sasha Ellington,840.58,-293.73,1134.3,45,10,-0.3494
2021-12-10,Central,Neelam Nilam,22.37,6.43,15.94,4,1,0.2874
2021-12-10,East,Rylee Sasa,8.22,2.22,6.0,3,1,0.2701
2021-12-10,West,Sasha Ellington,1418.27,381.48,1036.8,40,12,0.269
2021-12-11,East,Rylee Sasa,57.32,28.27,29.05,5,2,0.4932
2021-12-11,West,Sasha Ellington,966.07,147.65,818.43,22,7,0.1528
2021-12-12,South,Sam Abioye,66.22,19.53,46.69,6,3,0.2949
2021-12-12,West,Sasha Ellington,792.09,112.92,679.16,22,9,0.1426
2021-12-13,East,Rylee Sasa,4193.48,-1978.97,6172.46,18,5,-0.4719
2021-12-13,South,Sam Abioye,246.17,21.54,224.63,3,1,0.0875
2021-12-13,West,Sasha Ellington,1055.14,432.93,622.21,16,3,0.4103
2021-12-14,West,Sasha Ellington,4.98,2.34,2.64,1,1,0.4699
2021-12-15,Central,Neelam Nilam,1468.3,218.88,1249.43,29,8,0.1491
2021-12-15,West,Sasha Ellington,450.19,108.68,341.52,14,4,0.2414
2021-12-16,East,Rylee Sasa,833.76,-113.32,947.08,14,3,-0.1359
2021-12-16,South,Sam Abioye,94.69,28.43,66.26,21,3,0.3002
2021-12-16,West,Sasha Ellington,6.85,0.6,6.25,2,1,0.0876
2021-12-17,Central,Neelam Nilam,312.23,79.13,233.1,14,5,0.2534
2021-12-17,East,Rylee Sasa,3866.61,480.97,3385.66,30,7,0.1244
2021-12-17,West,Sasha Ellington,1941.81,641.47,1300.35,8,2,0.3303
2021-12-18,Central,Neelam Nilam,964.61,10.58,954.03,15,5,0.011
2021-12-18,East,Rylee Sasa,55.48,26.63,28.85,1,1,0.48
2021-12-18,South,Sam Abioye,47.97,14.83,33.14,5,2,0.3092
2021-12-18,West,Sasha Ellington,39.41,14.42,24.99,7,3,0.3659
2021-12-19,Central,Neelam Nilam,1349.63,253.31,1096.33,15,4,0.1877
2021-12-19,East,Rylee Sasa,3.01,0.34,2.67,2,1,0.113
2021-12-19,South,Sam Abioye,126.17,28.65,97.52,11,3,0.2271
2021-12-19,West,Sasha Ellington,1778.95,397.46,1381.49,21,3,0.2234
2021-12-20,Central,Neelam Nilam,17.12,4.96,12.16,4,1,0.2897
2021-12-20,East,Rylee Sasa,456.2,1.68,454.52,9,2,0.0037
2021-12-21,South,Sam Abioye,194.32,56.35,137.97,4,1,0.29
2021-12-22,Central,Neelam Nilam,4909.61,2306.75,2602.86,9,2,0.4698
2021-12-22,East,Rylee Sasa,795.23,-285.68,1080.91,38,9,-0.3592
2021-12-22,West,Sasha Ellington,1779.72,-606.8,2386.54,33,8,-0.341
2021-12-23,Central,Neelam Nilam,255.58,50.35,205.23,7,4,0.197
2021-12-23,East,Rylee Sasa,2255.57,483.62,1771.95,10,4,0.2144
2021-12-23,South,Sam Abioye,453.37,128.08,325.29,17,4,0.2825
2021-12-23,West,Sasha Ellington,1240.46,244.11,996.35,13,4,0.1968
2021-12-24,Central,Neelam Nilam,275.06,-90.38,365.43,3,1,-0.3286
2021-12-24,East,Rylee Sasa,286.43,94.89,191.53,12,3,0.3313
2021-12-25,Central,Neelam Nilam,1677.17,175.8,1501.37,28,7,0.1048
2021-12-25,East,Rylee Sasa,1953.72,-340.6,2294.33,19,4,-0.1743
2021-12-25,South,Sam Abioye,389.85,66.09,323.77,20,6,0.1695
2021-12-25,West,Sasha Ellington,1127.7,181.41,946.29,28,5,0.1609
2021-12-26,Central,Neelam Nilam,24.82,1.55,23.27,2,1,0.0624
2021-12-26,East,Rylee Sasa,54.38,1.36,53.02,2,1,0.025
2021-12-27,East,Rylee Sasa,6.36,0.06,6.3,2,1,0.0094
2021-12-28,West,Sasha Ellington,3251.34,490.61,2760.74,18,5,0.1509
2021-12-29,Central,Neelam Nilam,296.89,7.62,289.27,23,6,0.0257
2021-12-29,South,Sam Abioye,596.48,278.38,318.1,24,4,0.4667
2021-12-29,West,Sasha Ellington,487.98,152.5,335.49,2,1,0.3125
2021-12-31,East,Rylee Sasa,405.92,105.54,300.38,5,2,0.26
2022-01-01,Central,Neelam Nilam,1981.37,357.88,1623.49,19,5,0.1806
2022-01-01,West,Sasha Ellington,114.46,28.62,85.85,2,1,0.25
2022-01-02,East,Rylee Sasa,109.25,-79.6,188.85,7,2,-0.7286
2022-01-02,South,Sam Abioye,959.97,120.0,839.97,4,1,0.125
2022-01-03,South,Sam Abioye,255.9,46.46,209.45,10,3,0.1816
2022-01-05,Central,Neelam Nilam,49.0,-1.89,50.89,8,2,-0.0386
2022-01-05,West,Sasha Ellington,34.58,10.03,24.55,1,1,0.2901
2022-01-06,Central,Neelam Nilam,1671.93,456.97,1214.96,13,2,0.2733
2022-01-06,South,Sam Abioye,187.23,-7.83,195.06,12,3,-0.0418
2022-01-07,East,Rylee Sasa,15.17,3.79,11.38,2,1,0.2498
2022-01-07,West,Sasha Ellington,727.88,260.7,467.18,14,2,0.3582
2022-01-08,West,Sasha Ellington,174.75,55.37,119.38,11,3,0.3169
2022-01-09,East,Rylee Sasa,149.44,25.09,124.37,22,4,0.1679
2022-01-12,South,Sam Abioye,405.35,64.05,341.3,10,2,0.158
2022-01-13,East,Rylee Sasa,701.93,196.13,505.8,26,8,0.2794
2022-01-14,West,Sasha Ellington,102.22,15.99,86.23,5,2,0.1564
2022-01-15,East,Rylee Sasa,724.55,144.67,579.88,7,3,0.1997
2022-01-15,South,Sam Abioye,316.0,31.6,284.4,4,1,0.1
2022-01-19,West,Sasha Ellington,1167.06,70.25,1096.81,9,2,0.0602
2022-01-20,East,Rylee Sasa,199.46,5.14,194.3,17,4,0.0258
2022-01-20,South,Sam Abioye,530.27,-56.9,587.18,16,3,-0.1073
2022-01-20,West,Sasha Ellington,187.91,75.29,112.62,15,4,0.4007
2022-01-21,East,Rylee Sasa,1672.31,452.44,1219.87,21,3,0.2705
2022-01-21,West,Sasha Ellington,59.99,21.6,38.39,7,1,0.3601
2022-01-22,South,Sam Abioye,31.36,15.68,15.68,4,1,0.5
2022-01-23,East,Rylee Sasa,858.71,-65.86,924.57,24,6,-0.0767
2022-01-26,West,Sasha Ellington,39.68,10.32,29.36,2,1,0.2601
2022-01-28,Central,Neelam Nilam,2224.31,-344.31,2568.62,14,4,-0.1548
2022-01-28,West,Sasha Ellington,883.01,60.06,822.93,27,6,0.068
2022-01-29,Central,Neelam Nilam,15.55,5.44,10.11,3,1,0.3498
2022-01-29,East,Rylee Sasa,23.36,11.68,11.68,2,1,0.5
2022-01-29,South,Sam Abioye,1396.35,694.42,701.94,9,2,0.4973
2022-01-29,West,Sasha Ellington,166.29,36.0,130.29,6,2,0.2165
2022-01-30,South,Sam Abioye,56.45,14.68,41.77,5,1,0.2601
2022-01-30,West,Sasha Ellington,105.52,48.54,56.98,4,1,0.46
2022-01-31,Central,Neelam Nilam,73.78,-77.47,151.26,2,1,-1.05
2022-01-31,East,Rylee Sasa,117.96,5.9,112.06,2,1,0.05
2022-01-31,South,Sam Abioye,8805.04,2825.28,5979.76,20,3,0.3209
2022-02-01,South,Sam Abioye,866.4,225.26,641.14,4,1,0.26
2022-02-02,East,Rylee Sasa,90.48,23.52,66.96,2,1,0.2599
2022-02-02,West,Sasha Ellington,107.39,7.67,99.72,4,2,0.0714
2022-02-03,South,Sam Abioye,2075.51,688.72,1386.79,41,11,0.3318
2022-02-03,West,Sasha Ellington,918.97,32.57,886.4,14,4,0.0354
2022-02-04,South,Sam Abioye,132.22,-18.18,150.4,4,1,-0.1375
2022-02-05,East,Rylee Sasa,30.35,10.62,19.73,2,1,0.3499
2022-02-05,South,Sam Abioye,107.83,24.6,83.23,7,2,0.2281
2022-02-05,West,Sasha Ellington,623.96,39.0,584.96,5,1,0.0625
2022-02-06,Central,Neelam Nilam,241.5,0.0,241.5,4,1,0.0
2022-02-06,South,Sam Abioye,1127.98,126.9,1001.08,3,1,0.1125
2022-02-07,West,Sasha Ellington,121.83,50.74,71.09,5,2,0.4165
2022-02-09,Central,Neelam Nilam,69.93,0.7,69.23,7,1,0.01
2022-02-10,South,Sam Abioye,1366.04,183.0,1183.04,10,2,0.134
2022-02-11,West,Sasha Ellington,146.82,73.41,73.41,3,1,0.5
2022-02-12,East,Rylee Sasa,573.74,-38.31,612.05,13,4,-0.0668
2022-02-12,South,Sam Abioye,264.18,68.69,195.49,7,1,0.26
2022-02-13,East,Rylee Sasa,407.07,128.07,279.01,7,2,0.3146
2022-02-14,Central,Neelam Nilam,167.18,-224.62,391.79,14,4,-1.3436
2022-02-14,East,Rylee Sasa,644.58,115.98,528.59,8,3,0.1799
2022-02-14,South,Sam Abioye,323.88,37.6,286.28,5,2,0.1161
2022-02-17,East,Rylee Sasa,321.78,35.14,286.64,11,4,0.1092
2022-02-17,West,Sasha Ellington,70.88,33.31,37.57,2,1,0.4699
2022-02-18,South,Sam Abioye,16.5,5.57,10.93,2,1,0.3376
2022-02-19,East,Rylee Sasa,541.1,177.52,363.58,17,4,0.3281
2022-02-19,South,Sam Abioye,471.08,2.94,468.13,8,3,0.0062
2022-02-19,West,Sasha Ellington,511.95,27.2,484.75,17,4,0.0531
2022-02-20,Central,Neelam Nilam,490.32,137.29,353.03,9,1,0.28
2022-02-20,West,Sasha Ellington,492.85,75.98,416.88,9,3,0.1542
2022-02-21,East,Rylee Sasa,57.58,21.59,35.99,3,1,0.375
2022-02-23,East,Rylee Sasa,46.72,17.52,29.2,5,1,0.375
2022-02-25,Central,Neelam Nilam,73.01,21.53,51.48,5,2,0.2949
2022-02-25,East,Rylee Sasa,170.88,49.56,121.32,3,1,0.29
2022-02-26,East,Rylee Sasa,36.48,18.24,18.24,6,1,0.5
2022-02-27,East,Rylee Sasa,111.1,8.33,102.77,7,1,0.075
2022-02-28,East,Rylee Sasa,6125.82,2253.43,3872.39,18,4,0.3679
2022-02-28,West,Sasha Ellington,159.98,14.0,145.99,2,1,0.0875
2022-03-02,Central,Neelam Nilam,6109.54,-832.25,6941.82,38,10,-0.1362
2022-03-02,East,Rylee Sasa,1094.25,428.93,665.32,15,3,0.392
2022-03-02,West,Sasha Ellington,60.63,19.61,41.03,6,2,0.3234
2022-03-03,Central,Neelam Nilam,128.4,64.2,64.2,3,1,0.5
2022-03-03,East,Rylee Sasa,159.98,57.59,102.39,2,1,0.36
2022-03-03,South,Sam Abioye,10.08,3.53,6.55,4,1,0.3502
2022-03-03,West,Sasha Ellington,16.99,4.93,12.06,1,1,0.2902
2022-03-04,Central,Neelam Nilam,162.34,49.6,112.75,4,2,0.3055
2022-03-05,Central,Neelam Nilam,309.08,-303.15,612.24,14,4,-0.9808
2022-03-05,East,Rylee Sasa,502.22,-86.0,588.22,6,3,-0.1712
2022-03-06,Central,Neelam Nilam,21.07,1.58,19.49,3,1,0.075
2022-03-07,Central,Neelam Nilam,404.21,95.69,308.52,25,5,0.2367
2022-03-07,East,Rylee Sasa,310.58,46.54,264.03,18,5,0.1498
2022-03-07,South,Sam Abioye,1466.32,81.41,1384.91,8,2,0.0555
2022-03-07,West,Sasha Ellington,9.7,-7.11,16.82,3,1,-0.733
2022-03-08,East,Rylee Sasa,635.6,212.08,423.53,18,5,0.3337
2022-03-09,East,Rylee Sasa,216.77,-14.6,231.37,2,2,-0.0674
2022-03-09,West,Sasha Ellington,7662.96,760.42,6902.53,20,5,0.0992
2022-03-10,Central,Neelam Nilam,63.44,27.98,35.46,4,2,0.441
2022-03-10,East,Rylee Sasa,274.35,-21.89,296.24,6,2,-0.0798
2022-03-10,South,Sam Abioye,558.24,156.68,401.56,8,2,0.2807
2022-03-11,East,Rylee Sasa,29.34,13.5,15.84,3,1,0.4601
2022-03-11,South,Sam Abioye,12.96,6.22,6.74,2,1,0.4799
2022-03-11,West,Sasha Ellington,1652.34,148.04,1504.31,19,5,0.0896
2022-03-12,Central,Neelam Nilam,628.94,22.37,606.57,12,3,0.0356
2022-03-12,East,Rylee Sasa,2550.59,-928.27,3478.85,31,9,-0.3639
2022-03-12,South,Sam Abioye,334.2,106.51,227.69,8,3,0.3187
2022-03-12,West,Sasha Ellington,5353.15,256.05,5097.11,19,5,0.0478
2022-03-13,Central,Neelam Nilam,408.79,8.4,400.39,15,4,0.0205
2022-03-13,East,Rylee Sasa,21.88,6.29,15.59,5,1,0.2875
2022-03-13,West,Sasha Ellington,238.68,-8.0,246.68,8,2,-0.0335
2022-03-14,Central,Neelam Nilam,550.82,-179.25,730.06,12,2,-0.3254
2022-03-14,East,Rylee Sasa,83.98,-13.65,97.62,3,1,-0.1625
2022-03-14,South,Sam Abioye,365.44,168.1,197.34,16,2,0.46
2022-03-14,West,Sasha Ellington,1356.57,86.15,1270.43,6,2,0.0635
2022-03-16,East,Rylee Sasa,2275.55,728.84,1546.72,19,6,0.3203
2022-03-16,West,Sasha Ellington,84.78,-20.14,104.92,2,1,-0.2376
2022-03-17,South,Sam Abioye,1061.68,-7.76,1069.44,6,2,-0.0073
2022-03-18,East,Rylee Sasa,35.3,13.8,21.5,5,2,0.3909
2022-03-18,South,Sam Abioye,31.09,-20.72,51.81,3,1,-0.6665
2022-03-18,West,Sasha Ellington,72.29,-98.8,171.1,1,1,-1.3667
2022-03-19,Central,Neelam Nilam,709.15,147.3,561.85,5,2,0.2077
2022-03-19,South,Sam Abioye,86.45,38.04,48.41,7,1,0.44
2022-03-19,West,Sasha Ellington,132.71,-22.15,154.86,11,4,-0.1669
2022-03-20,Central,Neelam Nilam,645.7,-4.16,649.87,13,5,-0.0064
2022-03-21,West,Sasha Ellington,226.47,34.02,192.45,9,2,0.1502
2022-03-23,Central,Neelam Nilam,22.48,10.34,12.14,1,1,0.46
2022-03-23,East,Rylee Sasa,320.13,-239.55,559.67,5,2,-0.7483
2022-03-23,West,Sasha Ellington,403.17,25.2,377.97,4,1,0.0625
2022-03-24,Central,Neelam Nilam,1287.45,244.62,1042.83,5,1,0.19
2022-03-24,East,Rylee Sasa,59.52,17.86,41.66,3,1,0.3001
2022-03-25,East,Rylee Sasa,459.95,18.4,441.55,5,1,0.04
2022-03-25,South,Sam Abioye,187.62,-12.08,199.69,8,2,-0.0644
2022-03-25,West,Sasha Ellington,34.68,14.18,20.5,6,2,0.4089
2022-03-26,South,Sam Abioye,92.7,35.82,56.88,7,3,0.3864
2022-03-27,South,Sam Abioye,31.4,7.85,23.55,2,1,0.25
2022-03-27,West,Sasha Ellington,93.9,3.81,90.09,5,2,0.0406
2022-03-28,Central,Neelam Nilam,1702.39,40.71,1661.66,17,3,0.0239
2022-03-28,East,Rylee Sasa,956.97,-49.71,1006.67,31,6,-0.0519
2022-03-29,East,Rylee Sasa,11.34,5.56,5.78,1,1,0.4903
2022-03-30,East,Rylee Sasa,640.76,-4.97,645.73,11,3,-0.0078
2022-03-31,Central,Neelam Nilam,12.99,0.26,12.73,1,1,0.02
2022-03-31,East,Rylee Sasa,2079.74,469.54,1610.22,49,13,0.2258
2022-03-31,South,Sam Abioye,7.04,3.1,3.94,4,1,0.4403
2022-03-31,West,Sasha Ellington,61.7,12.87,48.83,7,2,0.2086
2022-04-01,Central,Neelam Nilam,1454.9,378.27,1076.63,5,1,0.26
2022-04-02,Central,Neelam Nilam,341.35,150.04,191.31,11,3,0.4395
2022-04-02,East,Rylee Sasa,99.85,-83.21,183.05,9,1,-0.8334
2022-04-03,East,Rylee Sasa,792.41,237.3,555.12,9,4,0.2995
2022-04-03,South,Sam Abioye,177.78,19.07,158.71,6,2,0.1073
2022-04-04,Central,Neelam Nilam,158.37,13.86,144.51,7,1,0.0875
2022-04-04,East,Rylee Sasa,887.96,-191.17,1079.14,7,2,-0.2153
2022-04-05,East,Rylee Sasa,1294.75,336.64,958.12,5,1,0.26
2022-04-06,East,Rylee Sasa,770.6,171.76,598.83,13,5,0.2229
2022-04-06,West,Sasha Ellington,1199.98,374.99,824.98,3,1,0.3125
2022-04-07,Central,Neelam Nilam,1616.7,-1790.27,3406.98,17,3,-1.1074
2022-04-07,East,Rylee Sasa,578.37,-75.95,654.33,24,6,-0.1313
2022-04-07,South,Sam Abioye,588.66,156.41,432.26,23,5,0.2657
2022-04-07,West,Sasha Ellington,122.66,28.81,93.85,12,4,0.2349
2022-04-08,Central,Neelam Nilam,523.18,137.08,386.1,4,2,0.262
2022-04-08,West,Sasha Ellington,592.02,19.37,572.66,14,2,0.0327
2022-04-09,Central,Neelam Nilam,13.57,3.22,10.35,4,1,0.2373
2022-04-09,East,Rylee Sasa,8.9,-6.53,15.43,2,1,-0.7337
2022-04-09,West,Sasha Ellington,928.12,161.48,766.64,26,6,0.174
2022-04-11,South,Sam Abioye,640.61,100.11,540.52,17,6,0.1563
2022-04-11,West,Sasha Ellington,901.91,-40.67,942.58,17,5,-0.0451
2022-04-12,West,Sasha Ellington,6.12,2.88,3.24,3,1,0.4706
2022-04-13,East,Rylee Sasa,25.06,11.78,13.28,2,1,0.4701
2022-04-13,South,Sam Abioye,81.2,12.18,69.02,5,1,0.15
2022-04-13,West,Sasha Ellington,1360.32,147.7,1212.61,13,3,0.1086
2022-04-14,Central,Neelam Nilam,41.53,8.77,32.76,12,2,0.2112
2022-04-14,South,Sam Abioye,895.06,-14.74,909.8,16,4,-0.0165
2022-04-14,West,Sasha Ellington,1265.27,68.98,1196.29,5,2,0.0545
2022-04-15,East,Rylee Sasa,9135.19,2381.16,6754.03,14,3,0.2607
2022-04-15,South,Sam Abioye,171.1,52.07,119.02,14,3,0.3043
2022-04-15,West,Sasha Ellington,28.8,0.86,27.94,3,1,0.0299
2022-04-16,Central,Neelam Nilam,29.05,9.01,20.04,5,1,0.3102
2022-04-16,South,Sam Abioye,134.53,24.28,110.26,14,3,0.1805
2022-04-16,West,Sasha Ellington,257.5,24.24,233.26,3,1,0.0941
2022-04-17,Central,Neelam Nilam,2267.23,-128.55,2395.78,17,5,-0.0567
2022-04-17,East,Rylee Sasa,13.83,3.88,9.95,4,2,0.2805
2022-04-17,South,Sam Abioye,233.48,63.04,170.44,8,2,0.27
2022-04-18,East,Rylee Sasa,1257.62,143.58,1114.04,26,9,0.1142
2022-04-18,West,Sasha Ellington,156.52,51.21,105.31,21,6,0.3272
2022-04-20,Central,Neelam Nilam,195.98,-206.92,402.9,15,3,-1.0558
2022-04-20,East,Rylee Sasa,67.32,29.37,37.95,11,2,0.4363
2022-04-20,West,Sasha Ellington,8.32,2.81,5.51,5,1,0.3377
2022-04-21,Central,Neelam Nilam,110.57,11.06,99.52,4,2,0.1
2022-04-21,East,Rylee Sasa,35.01,9.16,25.85,10,2,0.2616
2022-04-21,West,Sasha Ellington,1619.89,-846.78,2466.65,23,6,-0.5227
2022-04-22,East,Rylee Sasa,242.56,73.57,168.99,13,3,0.3033
2022-04-22,South,Sam Abioye,36.24,11.33,24.92,5,1,0.3126
2022-04-22,West,Sasha Ellington,441.57,159.29,282.29,17,4,0.3607
2022-04-23,Central,Neelam Nilam,258.7,64.67,194.02,3,1,0.25
2022-04-23,West,Sasha Ellington,1348.4,153.8,1194.59,12,4,0.1141
2022-04-24,East,Rylee Sasa,108.42,-37.95,146.36,7,3,-0.35
2022-04-25,East,Rylee Sasa,434.65,62.78,371.86,3,1,0.1444
2022-04-27,Central,Neelam Nilam,415.63,15.42,400.23,9,3,0.0371
2022-04-27,West,Sasha Ellington,71.04,12.55,58.5,5,2,0.1767
2022-04-29,Central,Neelam Nilam,22.61,-10.17,32.78,3,1,-0.4498
2022-04-29,East,Rylee Sasa,7.71,2.8,4.92,2,1,0.3632
2022-04-29,West,Sasha Ellington,111.89,22.38,89.51,7,1,0.2
2022-04-30,South,Sam Abioye,517.86,-75.25,593.11,13,6,-0.1453
2022-05-01,Central,Neelam Nilam,489.74,-109.82,599.57,15,5,-0.2242
2022-05-01,East,Rylee Sasa,421.34,156.23,265.1,18,6,0.3708
2022-05-01,South,Sam Abioye,187.06,11.69,175.37,9,1,0.0625
2022-05-02,Central,Neelam Nilam,55.97,-72.16,128.13,11,3,-1.2893
2022-05-02,East,Rylee Sasa,1043.05,-237.29,1280.32,20,6,-0.2275
2022-05-04,South,Sam Abioye,380.94,96.38,284.56,18,5,0.253
2022-05-04,West,Sasha Ellington,2320.35,352.92,1967.42,22,7,0.1521
2022-05-05,Central,Neelam Nilam,83.87,6.69,77.18,5,3,0.0798
2022-05-05,East,Rylee Sasa,111.5,28.83,82.67,11,3,0.2586
2022-05-05,West,Sasha Ellington,41.6,14.14,27.46,4,1,0.3399
2022-05-06,East,Rylee Sasa,4835.97,1322.14,3513.85,32,6,0.2734
2022-05-07,East,Rylee Sasa,1322.31,146.62,1175.69,13,6,0.1109
2022-05-07,West,Sasha Ellington,17.94,8.07,9.87,3,1,0.4498
2022-05-08,Central,Neelam Nilam,1032.93,-44.14,1077.05,24,6,-0.0427
2022-05-08,East,Rylee Sasa,96.7,16.86,79.84,11,3,0.1744
2022-05-08,South,Sam Abioye,27.86,9.19,18.67,7,1,0.3299
2022-05-08,West,Sasha Ellington,126.02,27.58,98.44,6,2,0.2189
2022-05-09,Central,Neelam Nilam,7.07,2.39,4.69,2,1,0.338
2022-05-09,East,Rylee Sasa,743.99,-124.0,867.99,2,1,-0.1667
2022-05-09,West,Sasha Ellington,11.96,5.86,6.1,2,1,0.49
2022-05-10,West,Sasha Ellington,5.98,2.69,3.29,1,1,0.4498
2022-05-11,East,Rylee Sasa,724.35,288.19,436.16,9,3,0.3979
2022-05-11,South,Sam Abioye,10.96,2.96,8.0,4,1,0.2701
2022-05-11,West,Sasha Ellington,183.57,76.04,107.53,12,3,0.4142
2022-05-13,East,Rylee Sasa,79.38,29.77,49.62,1,1,0.375
2022-05-13,South,Sam Abioye,191.01,-37.61,228.63,29,7,-0.1969
2022-05-13,West,Sasha Ellington,185.53,48.7,136.83,7,1,0.2625
2022-05-14,East,Rylee Sasa,29.01,10.0,19.01,7,2,0.3447
2022-05-14,South,Sam Abioye,619.9,263.3,356.6,19,4,0.4247
2022-05-15,East,Rylee Sasa,552.56,0.0,552.56,4,1,0.0
2022-05-15,West,Sasha Ellington,327.9,41.61,286.29,16,3,0.1269
2022-05-16,Central,Neelam Nilam,63.93,-2.93,66.86,15,4,-0.0458
2022-05-16,East,Rylee Sasa,253.03,43.09,209.94,13,3,0.1703
2022-05-16,South,Sam Abioye,29.97,-23.77,53.75,8,2,-0.7931
2022-05-17,West,Sasha Ellington,122.22,34.86,87.36,6,2,0.2852
2022-05-18,Central,Neelam Nilam,21.4,6.21,15.19,5,1,0.2902
2022-05-18,East,Rylee Sasa,821.22,112.78,708.44,26,5,0.1373
2022-05-18,South,Sam Abioye,641.96,179.75,462.21,2,1,0.28
2022-05-18,West,Sasha Ellington,97.42,27.07,70.35,9,2,0.2779
2022-05-19,South,Sam Abioye,1366.65,83.0,1283.65,7,2,0.0607
2022-05-19,West,Sasha Ellington,1105.26,245.29,859.96,16,3,0.2219
2022-05-20,Central,Neelam Nilam,88.42,21.87,66.54,14,3,0.2473
2022-05-20,East,Rylee Sasa,111.96,54.86,57.1,2,1,0.49
2022-05-20,West,Sasha Ellington,2517.84,194.49,2323.35,15,3,0.0772
2022-05-21,East,Rylee Sasa,1562.09,356.81,1205.27,24,6,0.2284
2022-05-21,South,Sam Abioye,14.73,7.22,7.51,3,1,0.4902
2022-05-21,West,Sasha Ellington,222.38,22.24,200.15,2,1,0.1
2022-05-22,Central,Neelam Nilam,1979.93,148.49,1831.43,9,1,0.075
2022-05-22,East,Rylee Sasa,8539.02,1094.95,7444.07,10,4,0.1282
2022-05-22,South,Sam Abioye,4.98,2.44,2.54,1,1,0.49
2022-05-22,West,Sasha Ellington,37.05,16.3,20.75,3,1,0.4399
2022-05-23,East,Rylee Sasa,16.66,3.33,13.32,3,1,0.1999
2022-05-23,South,Sam Abioye,261.1,112.13,148.98,9,2,0.4295
2022-05-24,South,Sam Abioye,1311.97,167.65,1144.32,15,3,0.1278
2022-05-25,Central,Neelam Nilam,504.08,-75.84,579.92,14,5,-0.1505
2022-05-25,East,Rylee Sasa,119.5,43.68,75.81,13,6,0.3655
2022-05-25,South,Sam Abioye,232.62,25.83,206.79,8,2,0.111
2022-05-25,West,Sasha Ellington,1119.15,76.95,1042.2,23,5,0.0688
2022-05-26,Central,Neelam Nilam,5291.7,983.4,4308.29,25,6,0.1858
2022-05-26,West,Sasha Ellington,13.38,6.15,7.23,2,1,0.4596
2022-05-27,Central,Neelam Nilam,286.4,25.06,261.34,1,1,0.0875
2022-05-27,East,Rylee Sasa,54.9,15.37,39.53,5,1,0.28
2022-05-27,South,Sam Abioye,638.34,45.24,593.11,27,3,0.0709
2022-05-27,West,Sasha Ellington,1157.68,219.88,937.8,23,5,0.1899
2022-05-28,South,Sam Abioye,1063.19,292.0,771.18,18,5,0.2746
2022-05-29,Central,Neelam Nilam,1586.53,528.32,1058.21,43,10,0.333
2022-05-29,East,Rylee Sasa,963.91,79.29,884.62,7,2,0.0823
2022-05-29,South,Sam Abioye,4459.11,1106.94,3352.18,35,6,0.2482
2022-05-29,West,Sasha Ellington,1081.03,63.46,1017.57,24,7,0.0587
2022-05-30,Central,Neelam Nilam,252.01,-40.72,292.71,12,4,-0.1616
2022-05-30,East,Rylee Sasa,186.85,90.37,96.48,9,2,0.4836
2022-06-01,East,Rylee Sasa,64.78,-12.96,77.74,1,1,-0.2001
2022-06-01,West,Sasha Ellington,93.06,36.53,56.53,18,3,0.3925
2022-06-02,West,Sasha Ellington,71.09,-1.78,72.87,2,1,-0.025
2022-06-03,Central,Neelam Nilam,677.95,-462.96,1140.89,25,7,-0.6829
2022-06-03,East,Rylee Sasa,1562.69,397.39,1165.3,11,4,0.2543
2022-06-03,South,Sam Abioye,75.88,35.66,40.22,2,1,0.47
2022-06-04,East,Rylee Sasa,518.65,82.65,436.0,14,5,0.1594
2022-06-04,West,Sasha Ellington,141.17,38.68,102.49,16,3,0.274
2022-06-05,Central,Neelam Nilam,328.22,28.72,299.5,4,1,0.0875
2022-06-05,East,Rylee Sasa,1368.78,290.66,1078.12,14,4,0.2123
2022-06-05,South,Sam Abioye,678.87,280.8,398.07,23,7,0.4136
2022-06-05,West,Sasha Ellington,3650.44,449.28,3201.15,26,5,0.1231
2022-06-06,East,Rylee Sasa,42.05,19.05,23.0,11,2,0.453
2022-06-06,West,Sasha Ellington,9.51,3.87,5.64,2,2,0.4069
2022-06-08,Central,Neelam Nilam,692.94,173.24,519.71,3,1,0.25
2022-06-08,South,Sam Abioye,695.7,-27.83,723.53,2,1,-0.04
2022-06-08,West,Sasha Ellington,299.83,33.73,266.1,6,2,0.1125
2022-06-09,East,Rylee Sasa,23.62,7.97,15.65,8,1,0.3374
2022-06-09,West,Sasha Ellington,1388.78,-191.56,1580.34,11,3,-0.1379
2022-06-10,Central,Neelam Nilam,22.15,-24.89,47.05,15,3,-1.1237
2022-06-10,East,Rylee Sasa,239.97,71.99,167.98,3,1,0.3
2022-06-10,West,Sasha Ellington,1361.28,190.85,1170.43,22,4,0.1402
2022-06-11,Central,Neelam Nilam,1891.19,-105.85,1997.03,45,10,-0.056
2022-06-11,East,Rylee Sasa,633.0,227.38,405.62,35,7,0.3592
2022-06-11,South,Sam Abioye,224.9,64.24,160.66,4,2,0.2856
2022-06-11,West,Sasha Ellington,213.46,96.74,116.72,10,3,0.4532
2022-06-12,Central,Neelam Nilam,396.87,103.18,293.69,6,2,0.26
2022-06-12,East,Rylee Sasa,33.57,11.75,21.82,2,1,0.35
2022-06-13,East,Rylee Sasa,337.18,-118.01,455.19,2,1,-0.35
2022-06-13,South,Sam Abioye,58.4,-24.31,82.72,6,2,-0.4163
2022-06-13,West,Sasha Ellington,3061.53,468.96,2592.57,30,7,0.1532
2022-06-14,Central,Neelam Nilam,173.49,54.22,119.27,7,1,0.3125
2022-06-15,East,Rylee Sasa,9.45,4.54,4.91,3,1,0.4804
2022-06-15,South,Sam Abioye,91.48,-1.83,93.3,1,1,-0.02
2022-06-15,West,Sasha Ellington,46.35,21.78,24.57,5,1,0.4699
2022-06-16,East,Rylee Sasa,1657.47,48.8,1608.66,39,12,0.0294
2022-06-16,West,Sasha Ellington,1343.46,228.51,1114.94,21,6,0.1701
2022-06-17,Central,Neelam Nilam,76.86,26.9,49.96,2,1,0.35
2022-06-17,East,Rylee Sasa,465.08,89.0,376.07,7,3,0.1914
2022-06-18,West,Sasha Ellington,17.12,8.05,9.07,2,1,0.4702
2022-06-19,Central,Neelam Nilam,170.93,54.22,116.71,10,4,0.3172
2022-06-19,East,Rylee Sasa,604.83,43.49,561.34,24,6,0.0719
2022-06-19,West,Sasha Ellington,453.8,56.16,397.64,25,7,0.1238
2022-06-20,Central,Neelam Nilam,0.84,-1.34,2.17,1,1,-1.5952
2022-06-20,East,Rylee Sasa,576.27,29.1,547.17,13,3,0.0505
2022-06-22,East,Rylee Sasa,1477.16,203.11,1274.05,33,7,0.1375
2022-06-22,West,Sasha Ellington,997.93,142.0,855.93,15,4,0.1423
2022-06-23,Central,Neelam Nilam,449.62,103.85,345.77,11,2,0.231
2022-06-23,West,Sasha Ellington,4861.33,616.84,4244.49,12,4,0.1269
2022-06-24,Central,Neelam Nilam,117.96,-32.26,150.22,4,2,-0.2735
2022-06-24,East,Rylee Sasa,714.5,-96.89,811.39,13,3,-0.1356
2022-06-24,West,Sasha Ellington,60.81,17.03,43.78,3,1,0.2801
2022-06-25,Central,Neelam Nilam,566.89,233.04,333.84,19,5,0.4111
2022-06-25,East,Rylee Sasa,932.52,123.82,808.71,25,6,0.1328
2022-06-25,South,Sam Abioye,135.95,39.43,96.52,1,1,0.29
2022-06-25,West,Sasha Ellington,284.24,32.58,251.66,12,4,0.1146
2022-06-26,Central,Neelam Nilam,577.12,4.47,572.66,10,2,0.0077
2022-06-26,West,Sasha Ellington,201.58,12.6,188.99,2,1,0.0625
2022-06-27,Central,Neelam Nilam,359.98,36.0,323.98,3,1,0.1
2022-06-27,East,Rylee Sasa,475.86,175.73,300.13,12,5,0.3693
2022-06-27,West,Sasha Ellington,41.32,14.56,26.76,5,2,0.3524
2022-06-28,South,Sam Abioye,191.88,19.19,172.69,6,1,0.1
2022-06-29,Central,Neelam Nilam,50.12,-0.63,50.75,7,1,-0.0126
2022-06-29,South,Sam Abioye,1302.83,301.09,1001.74,10,2,0.2311
2022-06-30,East,Rylee Sasa,136.43,53.99,82.44,13,3,0.3957
2022-06-30,South,Sam Abioye,85.5,40.75,44.75,6,3,0.4766
2022-06-30,West,Sasha Ellington,1502.45,450.89,1051.56,6,2,0.3001
2022-07-01,Central,Neelam Nilam,569.9,14.52,555.39,13,2,0.0255
2022-07-01,South,Sam Abioye,7.7,3.16,4.54,2,1,0.4104
2022-07-01,West,Sasha Ellington,195.18,19.52,175.67,1,1,0.1
2022-07-02,East,Rylee Sasa,830.78,236.65,594.14,12,2,0.2849
2022-07-02,West,Sasha Ellington,16.92,6.3,10.62,4,2,0.3723
2022-07-03,West,Sasha Ellington,1651.31,293.21,1358.1,27,7,0.1776
2022-07-06,Central,Neelam Nilam,339.98,-33.09,373.07,20,4,-0.0973
2022-07-06,East,Rylee Sasa,85.21,-22.33,107.54,13,4,-0.2621
2022-07-06,South,Sam Abioye,45.58,5.13,40.46,7,1,0.1125
2022-07-06,West,Sasha Ellington,3411.46,1058.27,2353.19,19,6,0.3102
2022-07-07,Central,Neelam Nilam,911.26,111.53,799.73,12,2,0.1224
2022-07-07,East,Rylee Sasa,12.96,6.22,6.74,2,1,0.4799
2022-07-07,South,Sam Abioye,839.94,56.5,783.45,7,2,0.0673
2022-07-07,West,Sasha Ellington,852.36,69.36,782.99,20,6,0.0814
2022-07-08,East,Rylee Sasa,573.29,87.41,485.87,6,2,0.1525
2022-07-09,Central,Neelam Nilam,492.28,-16.45,508.73,7,2,-0.0334
2022-07-09,East,Rylee Sasa,341.99,-319.19,661.18,3,1,-0.9333
2022-07-09,West,Sasha Ellington,61.63,-34.41,96.04,8,2,-0.5583
2022-07-11,West,Sasha Ellington,95.76,7.18,88.58,6,1,0.075
2022-07-13,Central,Neelam Nilam,639.78,132.18,507.6,12,2,0.2066
2022-07-13,East,Rylee Sasa,719.36,67.99,651.38,37,9,0.0945
2022-07-13,South,Sam Abioye,117.15,39.89,77.27,8,3,0.3405
2022-07-13,West,Sasha Ellington,673.66,110.7,562.97,22,4,0.1643
2022-07-14,West,Sasha Ellington,380.2,69.75,310.45,13,3,0.1835
2022-07-15,Central,Neelam Nilam,66.79,6.16,60.63,9,3,0.0922
2022-07-15,East,Rylee Sasa,644.2,-143.42,787.62,9,3,-0.2226
2022-07-15,South,Sam Abioye,199.18,71.73,127.45,26,6,0.3601
2022-07-16,Central,Neelam Nilam,589.52,91.82,497.7,16,5,0.1558
2022-07-16,East,Rylee Sasa,861.08,366.55,494.53,8,4,0.4257
2022-07-16,West,Sasha Ellington,734.28,167.3,566.98,27,8,0.2278
2022-07-17,Central,Neelam Nilam,15.58,3.31,12.27,3,1,0.2125
2022-07-17,East,Rylee Sasa,313.84,32.83,281.01,22,3,0.1046
2022-07-17,South,Sam Abioye,140.81,39.43,101.38,1,1,0.28
2022-07-17,West,Sasha Ellington,2421.63,23.97,2397.67,20,7,0.0099
2022-07-18,South,Sam Abioye,1110.5,363.43,747.08,24,6,0.3273
2022-07-18,West,Sasha Ellington,425.95,137.09,288.87,5,2,0.3218
2022-07-19,East,Rylee Sasa,89.95,43.18,46.77,5,1,0.48
2022-07-20,East,Rylee Sasa,197.87,4.86,193.02,13,5,0.0246
2022-07-20,South,Sam Abioye,370.18,2.04,368.15,8,2,0.0055
2022-07-20,West,Sasha Ellington,423.05,198.86,224.19,6,2,0.4701
2022-07-21,Central,Neelam Nilam,1137.4,197.56,939.84,16,4,0.1737
2022-07-21,East,Rylee Sasa,138.15,51.05,87.1,20,6,0.3695
2022-07-21,West,Sasha Ellington,92.5,28.02,64.48,7,2,0.3029
2022-07-22,Central,Neelam Nilam,330.2,2.88,327.29,26,7,0.0087
2022-07-22,South,Sam Abioye,324.4,-102.34,426.72,5,3,-0.3155
2022-07-23,East,Rylee Sasa,253.76,31.02,222.75,2,1,0.1222
2022-07-23,South,Sam Abioye,73.2,21.23,51.97,5,1,0.29
2022-07-24,Central,Neelam Nilam,977.83,278.69,699.15,28,7,0.285
2022-07-24,East,Rylee Sasa,1683.86,219.44,1464.42,9,2,0.1303
2022-07-24,South,Sam Abioye,2513.91,426.03,2087.89,15,4,0.1695
2022-07-24,West,Sasha Ellington,744.9,185.09,559.81,38,6,0.2485
2022-07-27,Central,Neelam Nilam,457.78,-325.22,783.0,19,4,-0.7104
2022-07-27,East,Rylee Sasa,1556.69,-990.55,2547.24,14,3,-0.6363
2022-07-27,West,Sasha Ellington,18.9,8.69,10.21,3,1,0.4598
2022-07-28,East,Rylee Sasa,84.78,-16.96,101.74,2,1,-0.2
2022-07-28,South,Sam Abioye,734.37,4.86,729.51,11,3,0.0066
2022-07-29,Central,Neelam Nilam,1055.13,41.05,1014.08,9,3,0.0389
2022-07-29,West,Sasha Ellington,715.64,178.91,536.73,2,1,0.25
2022-07-30,Central,Neelam Nilam,1311.03,301.05,1009.98,12,4,0.2296
2022-07-30,West,Sasha Ellington,863.13,-32.37,895.5,7,1,-0.0375
2022-07-31,Central,Neelam Nilam,19.65,6.63,13.02,2,1,0.3374
2022-07-31,East,Rylee Sasa,19.31,3.14,16.17,2,1,0.1626
2022-07-31,West,Sasha Ellington,1085.69,104.77,980.92,4,2,0.0965
2022-08-01,West,Sasha Ellington,482.58,53.41,429.17,7,3,0.1107
2022-08-02,Central,Neelam Nilam,248.82,61.74,187.08,15,2,0.2481
2022-08-03,Central,Neelam Nilam,3.98,-6.57,10.55,5,1,-1.6508
2022-08-03,South,Sam Abioye,158.81,63.35,95.46,14,4,0.3989
2022-08-03,West,Sasha Ellington,335.11,41.29,293.84,8,3,0.1232
2022-08-04,South,Sam Abioye,197.05,59.12,137.94,7,1,0.3
2022-08-05,East,Rylee Sasa,109.22,49.03,60.19,11,2,0.4489
2022-08-05,West,Sasha Ellington,211.17,18.48,192.69,4,1,0.0875
2022-08-06,West,Sasha Ellington,179.97,86.39,93.58,3,1,0.48
2022-08-07,Central,Neelam Nilam,75.68,25.91,49.77,9,3,0.3424
2022-08-07,South,Sam Abioye,23.34,0.23,23.11,3,1,0.0099
2022-08-07,West,Sasha Ellington,1016.18,154.78,861.41,13,3,0.1523
2022-08-08,South,Sam Abioye,661.36,67.22,594.13,23,5,0.1016
2022-08-10,Central,Neelam Nilam,151.82,70.49,81.33,14,3,0.4643
2022-08-11,Central,Neelam Nilam,1406.42,55.61,1350.82,8,2,0.0395
2022-08-11,East,Rylee Sasa,1983.24,214.85,1768.39,14,4,0.1083
2022-08-11,South,Sam Abioye,562.29,-255.59,817.88,7,1,-0.4546
2022-08-12,Central,Neelam Nilam,494.78,-159.59,654.37,8,4,-0.3225
2022-08-12,South,Sam Abioye,236.74,77.28,159.46,26,6,0.3264
2022-08-13,East,Rylee Sasa,787.05,-56.76,843.81,9,3,-0.0721
2022-08-13,South,Sam Abioye,15.55,5.44,10.11,3,1,0.3498
2022-08-13,West,Sasha Ellington,121.09,43.23,77.86,9,2,0.357
2022-08-14,South,Sam Abioye,930.84,93.08,837.76,9,2,0.1
2022-08-14,West,Sasha Ellington,749.43,82.18,667.25,23,8,0.1097
2022-08-15,West,Sasha Ellington,204.54,32.75,171.79,10,3,0.1601
2022-08-16,West,Sasha Ellington,15.71,5.7,10.02,4,1,0.3628
2022-08-17,Central,Neelam Nilam,100.8,21.02,79.78,16,4,0.2085
2022-08-17,East,Rylee Sasa,395.31,111.09,284.22,10,2,0.281
2022-08-18,East,Rylee Sasa,448.79,154.14,294.65,13,3,0.3435
2022-08-19,Central,Neelam Nilam,14.78,3.99,10.79,2,1,0.27
2022-08-20,East,Rylee Sasa,1388.46,-276.02,1664.49,16,2,-0.1988
2022-08-20,South,Sam Abioye,37.27,6.85,30.42,6,2,0.1838
2022-08-20,West,Sasha Ellington,3372.56,287.59,3084.97,42,8,0.0853
2022-08-21,Central,Neelam Nilam,4.31,-6.9,11.21,2,1,-1.6009
2022-08-21,East,Rylee Sasa,251.16,51.19,199.98,6,3,0.2038
2022-08-21,West,Sasha Ellington,149.88,2.38,147.5,16,4,0.0159
2022-08-22,Central,Neelam Nilam,1496.05,-181.88,1677.93,28,7,-0.1216
2022-08-22,East,Rylee Sasa,1091.44,297.67,793.77,16,3,0.2727
2022-08-22,West,Sasha Ellington,1599.86,115.1,1484.77,29,6,0.0719
2022-08-25,Central,Neelam Nilam,2390.65,358.26,2032.39,26,8,0.1499
2022-08-25,East,Rylee Sasa,483.09,156.41,326.69,24,5,0.3238
2022-08-25,South,Sam Abioye,217.55,52.28,165.27,4,2,0.2403
2022-08-25,West,Sasha Ellington,1783.01,181.73,1601.29,15,5,0.1019
2022-08-26,Central,Neelam Nilam,208.92,27.12,181.81,17,6,0.1298
2022-08-26,East,Rylee Sasa,549.78,165.89,383.89,25,6,0.3017
2022-08-26,South,Sam Abioye,9.22,3.34,5.88,4,1,0.3623
2022-08-27,Central,Neelam Nilam,179.53,-91.11,270.64,15,3,-0.5075
2022-08-27,East,Rylee Sasa,18.43,-12.29,30.72,8,1,-0.6668
2022-08-27,West,Sasha Ellington,124.06,13.75,110.3,6,2,0.1108
2022-08-28,Central,Neelam Nilam,162.39,8.78,153.61,13,3,0.0541
2022-08-28,East,Rylee Sasa,469.8,-129.96,599.76,24,6,-0.2766
2022-08-29,East,Rylee Sasa,1269.86,-316.85,1586.73,25,5,-0.2495
2022-08-29,West,Sasha Ellington,387.0,58.48,328.52,9,2,0.1511
2022-08-30,Central,Neelam Nilam,23.97,2.4,21.57,2,1,0.1001
2022-08-31,Central,Neelam Nilam,477.5,114.65,362.85,21,6,0.2401
2022-08-31,East,Rylee Sasa,5254.0,1765.4,3488.6,41,12,0.336
2022-08-31,West,Sasha Ellington,34.66,16.69,17.97,3,2,0.4815
2022-09-01,Central,Neelam Nilam,1689.82,-68.69,1758.52,28,8,-0.0406
2022-09-01,East,Rylee Sasa,115.46,29.62,85.85,4,2,0.2565
2022-09-01,South,Sam Abioye,1854.25,162.18,1692.05,31,6,0.0875
2022-09-01,West,Sasha Ellington,3132.68,627.0,2505.68,38,10,0.2001
2022-09-02,Central,Neelam Nilam,346.0,-91.05,437.05,15,4,-0.2632
2022-09-02,East,Rylee Sasa,1932.31,-705.73,2638.04,36,8,-0.3652
2022-09-02,South,Sam Abioye,87.28,41.02,46.26,8,1,0.47
2022-09-03,Central,Neelam Nilam,898.21,243.64,654.58,14,5,0.2713
2022-09-03,East,Rylee Sasa,147.26,51.98,95.28,10,3,0.353
2022-09-03,South,Sam Abioye,662.34,215.15,447.19,28,8,0.3248
2022-09-03,West,Sasha Ellington,2824.23,953.73,1870.5,8,2,0.3377
2022-09-04,Central,Neelam Nilam,1635.84,42.51,1593.36,69,17,0.026
2022-09-04,East,Rylee Sasa,1455.82,21.82,1433.97,42,11,0.015
2022-09-04,South,Sam Abioye,1906.58,280.37,1626.22,20,6,0.1471
2022-09-04,West,Sasha Ellington,228.12,80.85,147.27,14,4,0.3544
2022-09-05,Central,Neelam Nilam,460.16,75.68,384.5,13,4,0.1645
2022-09-05,East,Rylee Sasa,754.21,101.44,652.77,5,2,0.1345
2022-09-05,South,Sam Abioye,99.15,27.53,71.63,5,2,0.2777
2022-09-07,Central,Neelam Nilam,3366.88,-626.22,3993.11,25,8,-0.186
2022-09-07,East,Rylee Sasa,396.18,83.1,313.08,8,3,0.2098
2022-09-07,South,Sam Abioye,99.87,31.81,68.07,7,2,0.3185
2022-09-07,West,Sasha Ellington,631.06,135.71,495.37,27,8,0.2151
2022-09-08,Central,Neelam Nilam,15.01,-12.01,27.01,4,1,-0.8001
2022-09-08,East,Rylee Sasa,14.62,5.48,9.14,2,1,0.3748
2022-09-08,West,Sasha Ellington,55.36,18.68,36.68,4,1,0.3374
2022-09-09,Central,Neelam Nilam,1020.89,19.61,1001.28,10,2,0.0192
2022-09-09,East,Rylee Sasa,66.17,12.0,54.17,3,2,0.1814
2022-09-09,South,Sam Abioye,587.24,66.91,520.34,10,2,0.1139
2022-09-09,West,Sasha Ellington,420.02,151.92,268.11,12,5,0.3617
2022-09-10,Central,Neelam Nilam,332.23,95.39,236.83,12,4,0.2871
2022-09-10,East,Rylee Sasa,797.35,-169.49,966.83,19,4,-0.2126
2022-09-10,South,Sam Abioye,1611.01,757.39,853.62,9,2,0.4701
2022-09-10,West,Sasha Ellington,3761.01,670.36,3090.65,27,7,0.1782
2022-09-11,Central,Neelam Nilam,68.52,31.52,37.0,3,1,0.46
2022-09-11,East,Rylee Sasa,40.48,14.57,25.91,2,1,0.3599
2022-09-11,South,Sam Abioye,1159.06,314.7,844.36,15,4,0.2715
2022-09-11,West,Sasha Ellington,775.73,92.01,683.72,27,9,0.1186
2022-09-12,Central,Neelam Nilam,2374.73,696.3,1678.43,46,10,0.2932
2022-09-13,East,Rylee Sasa,1111.42,383.95,727.48,5,2,0.3455
2022-09-13,South,Sam Abioye,25.92,12.44,13.48,4,1,0.4799
2022-09-14,East,Rylee Sasa,846.91,296.42,550.49,3,2,0.35
2022-09-14,West,Sasha Ellington,1254.27,305.5,948.78,24,5,0.2436
2022-09-15,South,Sam Abioye,121.78,30.45,91.34,2,1,0.25
2022-09-15,West,Sasha Ellington,304.11,-1.99,306.09,8,3,-0.0065
2022-09-16,Central,Neelam Nilam,33.4,12.36,21.04,5,1,0.3701
2022-09-16,East,Rylee Sasa,1281.77,248.57,1033.22,21,6,0.1939
2022-09-16,South,Sam Abioye,396.0,190.08,205.92,4,1,0.48
2022-09-16,West,Sasha Ellington,331.95,41.82,290.15,14,6,0.126
2022-09-17,East,Rylee Sasa,804.51,163.12,641.41,12,6,0.2028
2022-09-17,South,Sam Abioye,1650.58,41.0,1609.58,12,5,0.0248
2022-09-17,West,Sasha Ellington,2295.99,155.25,2140.75,22,4,0.0676
2022-09-18,Central,Neelam Nilam,703.68,-53.56,757.24,4,2,-0.0761
2022-09-18,East,Rylee Sasa,2693.64,799.6,1894.04,33,8,0.2968
2022-09-18,South,Sam Abioye,254.99,107.63,147.36,7,2,0.4221
2022-09-18,West,Sasha Ellington,187.0,82.71,104.28,15,4,0.4423
2022-09-19,Central,Neelam Nilam,83.7,41.01,42.69,5,1,0.49
2022-09-19,East,Rylee Sasa,393.25,129.77,263.48,5,1,0.33
2022-09-19,South,Sam Abioye,115.48,-10.0,125.48,3,2,-0.0866
2022-09-19,West,Sasha Ellington,639.57,216.59,422.98,21,6,0.3386
2022-09-21,Central,Neelam Nilam,188.38,67.87,120.51,17,4,0.3603
2022-09-21,East,Rylee Sasa,216.7,63.47,153.24,16,4,0.2929
2022-09-21,South,Sam Abioye,142.07,16.35,125.71,24,5,0.1151
2022-09-21,West,Sasha Ellington,68.43,8.55,59.88,7,1,0.1249
2022-09-22,East,Rylee Sasa,600.29,-20.68,620.97,29,6,-0.0345
2022-09-22,South,Sam Abioye,487.22,115.46,371.76,8,2,0.237
2022-09-22,West,Sasha Ellington,234.63,-2.02,236.66,14,5,-0.0086
2022-09-23,Central,Neelam Nilam,583.18,-702.12,1285.31,12,4,-1.204
2022-09-23,East,Rylee Sasa,155.37,-13.32,168.69,2,1,-0.0857
2022-09-23,West,Sasha Ellington,1547.5,158.47,1389.03,33,7,0.1024
2022-09-24,Central,Neelam Nilam,789.53,248.84,540.69,23,5,0.3152
2022-09-24,East,Rylee Sasa,642.02,-69.83,711.86,6,3,-0.1088
2022-09-24,West,Sasha Ellington,2011.57,156.53,1854.99,44,11,0.0778
2022-09-25,Central,Neelam Nilam,1336.92,-512.53,1849.43,17,7,-0.3834
2022-09-25,South,Sam Abioye,431.98,-75.6,507.57,3,1,-0.175
2022-09-25,West,Sasha Ellington,929.28,172.6,756.69,38,9,0.1857
2022-09-26,Central,Neelam Nilam,956.66,-225.1,1181.76,7,1,-0.2353
2022-09-26,East,Rylee Sasa,2.91,-2.03,4.94,3,1,-0.6976
2022-09-26,South,Sam Abioye,31.83,13.37,18.46,6,2,0.42
2022-09-26,West,Sasha Ellington,1001.58,125.2,876.39,2,1,0.125
2022-09-27,Central,Neelam Nilam,99.14,30.98,68.16,4,1,0.3125
2022-09-28,Central,Neelam Nilam,40.88,10.63,30.25,7,1,0.26
2022-09-28,East,Rylee Sasa,15.94,5.18,10.76,4,1,0.325
2022-09-28,South,Sam Abioye,298.83,109.38,189.45,15,3,0.366
2022-09-28,West,Sasha Ellington,952.15,110.22,841.93,14,5,0.1158
2022-09-29,Central,Neelam Nilam,1.96,-3.24,5.2,2,1,-1.6531
2022-09-29,East,Rylee Sasa,523.92,-26.2,550.12,5,1,-0.05
2022-09-30,Central,Neelam Nilam,219.61,60.19,159.42,11,4,0.2741
2022-09-30,East,Rylee Sasa,330.59,-115.71,446.29,1,1,-0.35
2022-09-30,South,Sam Abioye,36.37,0.54,35.82,12,2,0.0148
2022-09-30,West,Sasha Ellington,194.85,12.18,182.67,4,1,0.0625
2022-10-01,Central,Neelam Nilam,18336.74,8762.39,9574.35,18,5,0.4779
2022-10-01,East,Rylee Sasa,61.44,16.59,44.85,3,1,0.27
2022-10-01,West,Sasha Ellington,54.79,-40.18,94.97,6,1,-0.7333
2022-10-02,Central,Neelam Nilam,53.73,-24.42,78.15,7,2,-0.4545
2022-10-02,East,Rylee Sasa,599.29,93.22,506.07,6,1,0.1556
2022-10-02,West,Sasha Ellington,1027.68,155.74,871.93,10,4,0.1515
2022-10-03,Central,Neelam Nilam,59.75,19.42,40.33,7,1,0.325
2022-10-03,East,Rylee Sasa,5788.78,2616.54,3172.24,15,4,0.452
2022-10-03,South,Sam Abioye,64.25,22.36,41.9,6,2,0.348
2022-10-05,Central,Neelam Nilam,28.85,14.43,14.43,5,1,0.5002
2022-10-05,West,Sasha Ellington,801.55,-961.53,1763.08,19,4,-1.1996
2022-10-06,East,Rylee Sasa,4.93,1.72,3.2,2,1,0.3489
2022-10-06,West,Sasha Ellington,968.78,77.68,891.1,19,4,0.0802
2022-10-07,Central,Neelam Nilam,111.85,-12.02,123.88,14,2,-0.1075
2022-10-07,South,Sam Abioye,387.72,-67.85,455.57,5,1,-0.175
2022-10-07,West,Sasha Ellington,61.96,27.88,34.08,2,1,0.45
2022-10-08,East,Rylee Sasa,375.95,-34.56,410.51,12,3,-0.0919
2022-10-08,West,Sasha Ellington,170.98,0.16,170.82,3,2,0.0009
2022-10-09,Central,Neelam Nilam,30.39,-32.53,62.92,6,2,-1.0704
2022-10-09,South,Sam Abioye,24.71,-7.11,31.82,5,2,-0.2877
2022-10-09,West,Sasha Ellington,227.65,-180.26,407.92,5,3,-0.7918
2022-10-10,Central,Neelam Nilam,33.06,4.14,28.94,5,2,0.1252
2022-10-12,Central,Neelam Nilam,362.35,-133.22,495.56,18,5,-0.3677
2022-10-12,East,Rylee Sasa,279.67,99.85,179.82,18,5,0.357
2022-10-12,West,Sasha Ellington,1008.61,-363.68,1372.28,41,9,-0.3606
2022-10-13,Central,Neelam Nilam,1649.75,544.42,1105.33,5,1,0.33
2022-10-13,East,Rylee Sasa,1203.89,327.84,876.05,9,2,0.2723
2022-10-13,South,Sam Abioye,305.24,79.19,226.05,12,6,0.2594
2022-10-13,West,Sasha Ellington,177.0,30.09,146.91,3,1,0.17
2022-10-14,Central,Neelam Nilam,1058.27,339.75,718.53,23,6,0.321
2022-10-14,South,Sam Abioye,342.76,163.36,179.4,16,3,0.4766
2022-10-14,West,Sasha Ellington,219.12,95.85,123.27,24,4,0.4374
2022-10-15,East,Rylee Sasa,142.18,-37.92,180.1,1,1,-0.2667
2022-10-16,Central,Neelam Nilam,2377.56,972.25,1405.31,10,2,0.4089
2022-10-16,East,Rylee Sasa,436.96,160.61,276.35,2,2,0.3676
2022-10-16,West,Sasha Ellington,138.83,27.87,110.95,7,2,0.2007
2022-10-17,West,Sasha Ellington,307.92,-34.64,342.56,5,1,-0.1125
2022-10-19,Central,Neelam Nilam,471.5,97.74,373.74,27,6,0.2073
2022-10-19,East,Rylee Sasa,7.15,0.72,6.44,3,1,0.1007
2022-10-19,South,Sam Abioye,61.1,18.33,42.77,5,1,0.3
2022-10-19,West,Sasha Ellington,406.44,10.87,395.57,7,2,0.0267
2022-10-20,Central,Neelam Nilam,106.08,-9.28,115.36,6,1,-0.0875
2022-10-20,East,Rylee Sasa,2181.68,46.29,2135.39,37,8,0.0212
2022-10-20,South,Sam Abioye,185.99,-4.42,190.41,19,3,-0.0238
2022-10-20,West,Sasha Ellington,5477.85,1730.89,3746.95,29,9,0.316
2022-10-21,Central,Neelam Nilam,31.4,10.05,21.35,5,1,0.3201
2022-10-21,South,Sam Abioye,39.92,11.18,28.74,4,1,0.2801
2022-10-21,West,Sasha Ellington,116.96,36.04,80.92,7,3,0.3081
2022-10-22,Central,Neelam Nilam,70.98,5.7,65.27,10,2,0.0803
2022-10-22,East,Rylee Sasa,379.4,178.32,201.08,10,1,0.47
2022-10-22,West,Sasha Ellington,17.05,8.18,8.87,5,1,0.4798
2022-10-23,Central,Neelam Nilam,15.55,5.44,10.11,3,1,0.3498
2022-10-23,South,Sam Abioye,239.98,18.0,221.98,3,1,0.075
2022-10-23,West,Sasha Ellington,1109.97,290.6,819.37,12,4,0.2618
2022-10-24,South,Sam Abioye,783.96,78.4,705.56,5,1,0.1
2022-10-26,East,Rylee Sasa,551.72,117.31,434.41,28,5,0.2126
2022-10-26,South,Sam Abioye,290.98,75.65,215.33,1,1,0.26
2022-10-26,West,Sasha Ellington,136.09,44.86,91.23,11,3,0.3296
2022-10-27,East,Rylee Sasa,2032.89,179.18,1853.71,29,7,0.0881
2022-10-27,South,Sam Abioye,370.21,-15.71,385.93,22,6,-0.0424
2022-10-27,West,Sasha Ellington,495.94,91.56,404.38,19,4,0.1846
2022-10-28,Central,Neelam Nilam,67.0,32.16,34.84,5,1,0.48
2022-10-28,East,Rylee Sasa,52.41,3.44,48.97,6,2,0.0656
2022-10-28,West,Sasha Ellington,11.74,3.82,7.93,1,1,0.3254
2022-10-29,Central,Neelam Nilam,11.68,3.5,8.18,2,1,0.2997
2022-10-29,East,Rylee Sasa,143.7,42.25,101.45,8,2,0.294
2022-10-29,West,Sasha Ellington,3.62,1.19,2.43,2,1,0.3287
2022-10-30,Central,Neelam Nilam,736.26,100.78,635.48,11,4,0.1369
2022-10-30,East,Rylee Sasa,492.84,-14.08,506.92,5,1,-0.0286
2022-10-30,South,Sam Abioye,32.06,11.22,20.84,6,1,0.35
2022-10-30,West,Sasha Ellington,2489.34,352.41,2136.93,12,2,0.1416
2022-10-31,Central,Neelam Nilam,179.78,24.86,154.92,12,2,0.1383
2022-10-31,South,Sam Abioye,273.59,124.44,149.15,5,2,0.4548
2022-11-02,Central,Neelam Nilam,112.45,39.49,72.96,10,3,0.3512
2022-11-02,East,Rylee Sasa,542.16,0.97,541.19,8,2,0.0018
2022-11-02,South,Sam Abioye,903.77,183.62,720.16,16,5,0.2032
2022-11-02,West,Sasha Ellington,2244.42,472.28,1772.12,63,14,0.2104
2022-11-03,Central,Neelam Nilam,77.49,-89.98,167.46,7,2,-1.1612
2022-11-03,South,Sam Abioye,1168.17,-309.43,1477.59,23,5,-0.2649
2022-11-03,West,Sasha Ellington,2643.16,342.07,2301.09,48,13,0.1294
2022-11-04,Central,Neelam Nilam,2216.07,-270.74,2486.8,39,9,-0.1222
2022-11-04,East,Rylee Sasa,23.99,-15.99,39.98,2,1,-0.6665
2022-11-04,South,Sam Abioye,1120.73,165.8,954.93,10,3,0.1479
2022-11-04,West,Sasha Ellington,906.11,182.98,723.13,20,6,0.2019
2022-11-05,South,Sam Abioye,368.43,20.89,347.54,8,4,0.0567
2022-11-05,West,Sasha Ellington,404.82,39.99,364.83,8,3,0.0988
2022-11-06,Central,Neelam Nilam,358.55,1.85,356.7,8,2,0.0052
2022-11-06,East,Rylee Sasa,1165.43,296.87,868.56,21,7,0.2547
2022-11-06,West,Sasha Ellington,2286.49,336.4,1950.09,28,10,0.1471
2022-11-07,South,Sam Abioye,993.9,261.49,732.41,5,2,0.2631
2022-11-08,West,Sasha Ellington,479.97,177.59,302.38,3,1,0.37
2022-11-09,Central,Neelam Nilam,963.14,222.35,740.79,15,5,0.2309
2022-11-09,East,Rylee Sasa,1940.19,269.7,1670.49,68,16,0.139
2022-11-09,South,Sam Abioye,41.86,10.47,31.4,7,1,0.2501
2022-11-09,West,Sasha Ellington,1778.3,579.01,1199.29,54,13,0.3256
2022-11-10,Central,Neelam Nilam,3094.99,316.28,2778.71,20,5,0.1022
2022-11-10,East,Rylee Sasa,636.3,112.11,524.19,21,8,0.1762
2022-11-10,South,Sam Abioye,681.43,43.45,637.99,5,2,0.0638
2022-11-10,West,Sasha Ellington,531.57,24.17,507.41,20,4,0.0455
2022-11-11,Central,Neelam Nilam,405.89,154.64,251.25,27,6,0.381
2022-11-11,East,Rylee Sasa,3588.09,4.56,3583.53,26,5,0.0013
2022-11-11,West,Sasha Ellington,920.95,11.12,909.84,20,5,0.0121
2022-11-12,Central,Neelam Nilam,33.5,8.35,25.15,6,2,0.2493
2022-11-12,East,Rylee Sasa,2791.77,754.77,2036.99,29,7,0.2704
2022-11-12,South,Sam Abioye,52.14,5.87,46.27,7,1,0.1126
2022-11-12,West,Sasha Ellington,67.74,20.18,47.56,5,3,0.2979
2022-11-13,Central,Neelam Nilam,2.3,-3.9,6.2,2,1,-1.6957
2022-11-13,East,Rylee Sasa,2241.04,300.43,1940.6,30,10,0.1341
2022-11-13,South,Sam Abioye,513.52,121.26,392.26,5,3,0.2361
2022-11-13,West,Sasha Ellington,17.22,6.32,10.9,5,2,0.367
2022-11-14,South,Sam Abioye,630.02,-199.51,829.53,4,1,-0.3167
2022-11-14,West,Sasha Ellington,1515.7,462.5,1053.2,13,4,0.3051
2022-11-15,West,Sasha Ellington,36.72,16.16,20.56,10,2,0.4401
2022-11-16,Central,Neelam Nilam,82.41,12.24,70.17,7,2,0.1485
2022-11-16,West,Sasha Ellington,60.28,16.74,43.55,8,2,0.2777
2022-11-17,Central,Neelam Nilam,1749.86,94.44,1655.41,18,6,0.054
2022-11-17,East,Rylee Sasa,103.97,16.89,87.07,6,1,0.1625
2022-11-17,South,Sam Abioye,1319.96,527.98,791.98,4,1,0.4
2022-11-17,West,Sasha Ellington,785.15,141.8,643.35,12,4,0.1806
2022-11-18,Central,Neelam Nilam,351.63,44.08,307.55,40,9,0.1254
2022-11-18,East,Rylee Sasa,236.39,60.07,176.33,25,7,0.2541
2022-11-18,South,Sam Abioye,18.48,6.01,12.47,2,1,0.3252
2022-11-18,West,Sasha Ellington,31.96,1.6,30.36,2,1,0.0501
2022-11-19,Central,Neelam Nilam,1887.7,379.65,1508.06,31,9,0.2011
2022-11-19,East,Rylee Sasa,541.71,74.13,467.56,31,8,0.1368
2022-11-19,South,Sam Abioye,574.06,39.81,534.25,11,3,0.0693
2022-11-19,West,Sasha Ellington,66.88,15.21,51.67,14,2,0.2274
2022-11-20,Central,Neelam Nilam,586.98,146.27,440.71,16,5,0.2492
2022-11-20,East,Rylee Sasa,362.38,1.33,361.05,17,5,0.0037
2022-11-20,West,Sasha Ellington,227.54,3.35,224.18,9,2,0.0147
2022-11-21,Central,Neelam Nilam,109.89,10.61,99.28,27,6,0.0966
2022-11-21,East,Rylee Sasa,207.16,69.78,137.39,17,4,0.3368
2022-11-22,East,Rylee Sasa,100.62,18.65,81.97,14,3,0.1854
2022-11-23,Central,Neelam Nilam,1184.77,68.87,1115.94,25,7,0.0581
2022-11-23,East,Rylee Sasa,516.55,105.61,410.94,26,8,0.2045
2022-11-23,South,Sam Abioye,392.83,16.16,376.68,11,3,0.0411
2022-11-23,West,Sasha Ellington,4300.38,1055.49,3244.91,32,9,0.2454
2022-11-24,Central,Neelam Nilam,1745.91,400.11,1345.8,18,3,0.2292
2022-11-24,East,Rylee Sasa,5899.88,-6706.39,12606.26,22,5,-1.1367
2022-11-24,South,Sam Abioye,138.42,39.45,98.97,10,3,0.285
2022-11-24,West,Sasha Ellington,194.35,19.44,174.92,3,1,0.1
2022-11-25,Central,Neelam Nilam,17.86,4.24,13.62,4,1,0.2374
2022-11-25,East,Rylee Sasa,960.25,-271.91,1232.16,19,5,-0.2832
2022-11-25,South,Sam Abioye,3240.15,1554.08,1686.08,27,5,0.4796
2022-11-25,West,Sasha Ellington,4111.48,490.46,3621.02,27,5,0.1193
2022-11-26,Central,Neelam Nilam,514.62,110.04,404.58,24,5,0.2138
2022-11-26,East,Rylee Sasa,377.03,171.36,205.67,20,5,0.4545
2022-11-26,South,Sam Abioye,447.78,-99.75,547.55,8,2,-0.2228
2022-11-26,West,Sasha Ellington,311.8,27.78,284.02,5,2,0.0891
2022-11-27,East,Rylee Sasa,747.24,-105.2,852.45,24,6,-0.1408
2022-11-27,South,Sam Abioye,2681.12,425.5,2255.63,24,5,0.1587
2022-11-28,Central,Neelam Nilam,300.6,-285.93,586.52,6,2,-0.9512
2022-11-29,Central,Neelam Nilam,933.95,82.95,851.0,16,4,0.0888
2022-11-29,South,Sam Abioye,36.19,2.71,33.48,1,1,0.0749
2022-11-30,Central,Neelam Nilam,386.56,-32.93,419.48,18,5,-0.0852
2022-11-30,East,Rylee Sasa,2709.52,622.99,2086.53,29,8,0.2299
2022-11-30,South,Sam Abioye,3013.88,793.1,2220.78,23,4,0.2631
2022-11-30,West,Sasha Ellington,1255.5,269.67,985.83,19,6,0.2148
2022-12-01,Central,Neelam Nilam,928.52,-73.91,1002.43,27,3,-0.0796
2022-12-01,East,Rylee Sasa,3287.14,955.83,2331.3,23,6,0.2908
2022-12-01,West,Sasha Ellington,468.95,110.52,358.44,28,8,0.2357
2022-12-02,Central,Neelam Nilam,611.94,112.84,499.1,3,2,0.1844
2022-12-02,East,Rylee Sasa,1578.34,125.53,1452.82,26,7,0.0795
2022-12-02,West,Sasha Ellington,3079.54,827.48,2252.06,31,7,0.2687
2022-12-03,East,Rylee Sasa,839.44,96.45,742.98,23,8,0.1149
2022-12-03,West,Sasha Ellington,104.85,50.33,54.52,1,1,0.48
2022-12-04,Central,Neelam Nilam,2673.3,780.17,1893.13,32,6,0.2918
2022-12-04,East,Rylee Sasa,709.11,214.99,494.13,21,6,0.3032
2022-12-04,South,Sam Abioye,1476.62,340.98,1135.64,14,3,0.2309
2022-12-04,West,Sasha Ellington,407.98,132.59,275.38,3,1,0.325
2022-12-05,East,Rylee Sasa,1671.07,482.66,1188.42,22,3,0.2888
2022-12-05,West,Sasha Ellington,2207.2,534.58,1672.63,71,15,0.2422
2022-12-07,Central,Neelam Nilam,2489.28,187.08,2302.2,27,5,0.0752
2022-12-07,East,Rylee Sasa,23.54,-6.06,29.6,10,2,-0.2574
2022-12-07,South,Sam Abioye,334.25,46.6,287.66,8,3,0.1394
2022-12-07,West,Sasha Ellington,1862.01,-80.65,1942.66,20,5,-0.0433
2022-12-08,Central,Neelam Nilam,275.3,64.85,210.45,30,10,0.2356
2022-12-08,East,Rylee Sasa,125.81,57.91,67.9,5,2,0.4603
2022-12-08,South,Sam Abioye,1180.46,118.0,1062.47,15,4,0.1
2022-12-08,West,Sasha Ellington,273.92,99.3,174.62,8,1,0.3625
2022-12-09,Central,Neelam Nilam,1424.9,356.23,1068.68,5,1,0.25
2022-12-09,East,Rylee Sasa,1210.3,447.76,762.54,27,6,0.37
2022-12-09,West,Sasha Ellington,824.51,216.31,608.21,32,7,0.2623
2022-12-10,East,Rylee Sasa,2371.39,50.57,2320.81,35,8,0.0213
2022-12-10,South,Sam Abioye,91.89,9.13,82.77,6,2,0.0994
2022-12-10,West,Sasha Ellington,3638.98,366.29,3272.69,71,18,0.1007
2022-12-11,Central,Neelam Nilam,732.17,203.25,528.93,18,4,0.2776
2022-12-11,East,Rylee Sasa,509.71,97.15,412.56,25,5,0.1906
2022-12-11,South,Sam Abioye,299.07,43.09,255.98,9,2,0.1441
2022-12-11,West,Sasha Ellington,440.16,138.59,301.57,9,2,0.3149
2022-12-12,Central,Neelam Nilam,63.88,24.91,38.97,4,1,0.3899
2022-12-12,West,Sasha Ellington,1130.21,47.25,1082.97,9,3,0.0418
2022-12-13,East,Rylee Sasa,479.05,230.97,248.08,17,6,0.4821
2022-12-13,South,Sam Abioye,133.38,58.69,74.69,6,1,0.44
2022-12-13,West,Sasha Ellington,216.22,25.89,190.33,12,2,0.1197
2022-12-14,Central,Neelam Nilam,1949.31,311.43,1637.88,6,2,0.1598
2022-12-14,East,Rylee Sasa,2.21,-1.48,3.69,3,1,-0.6697
2022-12-14,South,Sam Abioye,19.44,9.33,10.11,3,1,0.4799
2022-12-14,West,Sasha Ellington,666.13,-291.67,957.79,7,3,-0.4379
2022-12-15,Central,Neelam Nilam,4.79,-7.9,12.69,3,1,-1.6493
2022-12-15,East,Rylee Sasa,3.68,1.8,1.88,2,1,0.4891
2022-12-15,South,Sam Abioye,34.94,3.06,31.89,3,1,0.0876
2022-12-15,West,Sasha Ellington,585.13,11.5,573.63,12,2,0.0197
2022-12-16,Central,Neelam Nilam,10110.18,4958.3,5151.88,26,3,0.4904
2022-12-16,West,Sasha Ellington,2074.96,-304.31,2379.25,12,4,-0.1467
2022-12-17,Central,Neelam Nilam,582.78,118.82,463.96,6,2,0.2039
2022-12-17,East,Rylee Sasa,2694.06,960.18,1733.88,6,2,0.3564
2022-12-17,South,Sam Abioye,1410.07,-349.36,1759.43,14,3,-0.2478
2022-12-17,West,Sasha Ellington,2364.46,-2.13,2366.58,60,13,-0.0009
2022-12-18,Central,Neelam Nilam,1.8,-2.88,4.68,5,1,-1.6
2022-12-18,East,Rylee Sasa,341.69,-17.81,359.5,10,3,-0.0521
2022-12-18,West,Sasha Ellington,471.62,-230.7,702.33,14,3,-0.4892
2022-12-19,Central,Neelam Nilam,33.9,15.59,18.31,5,1,0.4599
2022-12-19,South,Sam Abioye,100.64,22.94,77.7,9,3,0.2279
2022-12-21,East,Rylee Sasa,25.58,8.95,16.63,2,1,0.3499
2022-12-21,West,Sasha Ellington,1017.54,219.19,798.35,30,7,0.2154
2022-12-22,Central,Neelam Nilam,1087.25,102.04,985.21,29,7,0.0939
2022-12-22,East,Rylee Sasa,3513.45,523.61,2989.85,14,4,0.149
2022-12-22,South,Sam Abioye,859.14,249.15,609.99,9,2,0.29
2022-12-22,West,Sasha Ellington,1506.02,133.47,1372.55,16,7,0.0886
2022-12-23,East,Rylee Sasa,997.53,261.34,736.19,12,2,0.262
2022-12-23,South,Sam Abioye,823.61,9.0,814.61,14,3,0.0109
2022-12-23,West,Sasha Ellington,117.12,53.18,63.94,19,3,0.4541
2022-12-24,East,Rylee Sasa,3797.58,384.84,3412.73,19,5,0.1013
2022-12-24,South,Sam Abioye,870.04,364.87,505.17,19,4,0.4194
2022-12-24,West,Sasha Ellington,5820.45,643.68,5176.78,39,10,0.1106
2022-12-25,East,Rylee Sasa,334.39,53.54,280.85,10,4,0.1601
2022-12-25,West,Sasha Ellington,1495.02,102.38,1392.65,24,9,0.0685
2022-12-26,Central,Neelam Nilam,879.54,-1.05,880.59,14,3,-0.0012
2022-12-26,East,Rylee Sasa,57.18,6.73,50.45,8,2,0.1177
2022-12-26,South,Sam Abioye,2.61,1.2,1.41,1,1,0.4598
2022-12-26,West,Sasha Ellington,20.16,9.88,10.28,7,1,0.4901
2022-12-28,Central,Neelam Nilam,1093.02,174.74,918.28,19,4,0.1599
2022-12-28,South,Sam Abioye,103.65,-7.94,111.58,20,4,-0.0766
2022-12-28,West,Sasha Ellington,81.01,25.69,55.32,9,4,0.3171
2022-12-29,Central,Neelam Nilam,6.92,-10.39,17.31,6,1,-1.5014
2022-12-29,East,Rylee Sasa,206.92,4.67,202.25,10,4,0.0226
2022-12-29,South,Sam Abioye,72.22,25.28,46.95,4,1,0.35
2022-12-29,West,Sasha Ellington,487.7,127.29,360.41,5,2,0.261
2022-12-30,East,Rylee Sasa,156.51,-35.22,191.73,4,1,-0.225
2022-12-30,South,Sam Abioye,71.1,11.79,59.3,8,2,0.1658
2022-12-30,West,Sasha Ellington,504.17,91.67,412.49,15,4,0.1818
2022-12-31,Central,Neelam Nilam,958.5,-389.23,1347.74,41,8,-0.4061
2022-12-31,East,Rylee Sasa,48.9,8.56,40.34,4,1,0.1751
2022-12-31,West,Sasha Ellington,474.43,199.26,275.17,11,1,0.42
2023-01-01,Central,Neelam Nilam,1322.74,-151.34,1474.09,12,4,-0.1144
2023-01-01,South,Sam Abioye,740.21,-61.52,801.73,13,3,-0.0831
2023-01-01,West,Sasha Ellington,16.59,5.81,10.78,1,1,0.3502
2023-01-02,West,Sasha Ellington,2070.27,704.28,1366.0,17,3,0.3402
2023-01-05,South,Sam Abioye,33.74,15.52,18.22,7,1,0.46
2023-01-06,Central,Neelam Nilam,3059.98,680.0,2379.99,2,1,0.2222
2023-01-06,South,Sam Abioye,2.81,-1.97,4.77,3,1,-0.7011
2023-01-06,West,Sasha Ellington,332.8,80.69,252.11,22,4,0.2425
2023-01-07,West,Sasha Ellington,892.98,80.37,812.61,2,1,0.09
2023-01-08,East,Rylee Sasa,274.49,-228.74,503.23,3,1,-0.8333
2023-01-11,Central,Neelam Nilam,760.98,-1141.47,1902.45,5,1,-1.5
2023-01-11,East,Rylee Sasa,77.76,35.07,42.69,8,2,0.451
2023-01-11,West,Sasha Ellington,9.78,4.89,4.89,1,1,0.5
2023-01-12,Central,Neelam Nilam,4619.33,206.65,4412.69,19,4,0.0447
2023-01-13,Central,Neelam Nilam,358.7,111.18,247.52,24,8,0.31
2023-01-13,South,Sam Abioye,204.75,27.96,176.81,25,7,0.1366
2023-01-13,West,Sasha Ellington,492.58,69.67,422.93,21,3,0.1414
2023-01-14,Central,Neelam Nilam,147.63,-31.38,179.02,15,4,-0.2126
2023-01-14,East,Rylee Sasa,1971.24,322.39,1648.86,11,3,0.1635
2023-01-14,West,Sasha Ellington,21.4,6.21,15.19,5,1,0.2902
2023-01-15,Central,Neelam Nilam,5802.7,2602.09,3200.61,14,3,0.4484
2023-01-15,West,Sasha Ellington,427.59,-6.89,434.48,11,2,-0.0161
2023-01-18,Central,Neelam Nilam,6.0,2.1,3.9,2,1,0.35
2023-01-18,East,Rylee Sasa,2007.72,53.29,1954.41,20,8,0.0265
2023-01-19,Central,Neelam Nilam,11.52,4.18,7.34,5,1,0.3628
2023-01-19,East,Rylee Sasa,211.37,3.33,208.04,5,2,0.0158
2023-01-19,West,Sasha Ellington,544.96,148.53,396.42,11,3,0.2726
2023-01-20,Central,Neelam Nilam,1508.41,452.95,1055.45,22,6,0.3003
2023-01-20,South,Sam Abioye,383.99,1.84,382.15,14,2,0.0048
2023-01-20,West,Sasha Ellington,654.25,164.44,489.81,22,6,0.2513
2023-01-21,Central,Neelam Nilam,22.99,5.8,17.2,8,2,0.2523
2023-01-21,West,Sasha Ellington,4189.38,1455.55,2733.83,13,4,0.3474
2023-01-22,Central,Neelam Nilam,210.98,21.1,189.88,2,1,0.1
2023-01-22,West,Sasha Ellington,239.35,39.46,199.91,20,6,0.1649
2023-01-23,South,Sam Abioye,5.67,0.11,5.56,3,1,0.0194
2023-01-23,West,Sasha Ellington,412.99,104.95,308.05,8,3,0.2541
2023-01-25,Central,Neelam Nilam,18.16,1.82,16.34,2,1,0.1002
2023-01-25,South,Sam Abioye,3025.28,796.46,2228.82,20,4,0.2633
2023-01-25,West,Sasha Ellington,11.84,5.68,6.16,8,1,0.4797
2023-01-26,East,Rylee Sasa,331.92,1.61,330.29,12,4,0.0049
2023-01-27,Central,Neelam Nilam,279.9,137.15,142.75,5,1,0.49
2023-01-27,East,Rylee Sasa,449.91,157.47,292.44,9,1,0.35
2023-01-27,West,Sasha Ellington,277.71,39.23,238.48,6,2,0.1413
2023-01-28,Central,Neelam Nilam,148.33,39.25,109.08,15,5,0.2646
2023-01-28,East,Rylee Sasa,9.99,2.88,7.11,4,2,0.2883
2023-01-28,West,Sasha Ellington,136.53,44.77,91.76,12,3,0.3279
2023-01-29,Central,Neelam Nilam,2453.79,315.08,2138.71,31,10,0.1284
2023-01-29,South,Sam Abioye,419.14,-68.11,487.25,4,1,-0.1625
2023-01-29,West,Sasha Ellington,876.41,61.46,814.95,17,5,0.0701
2023-02-01,East,Rylee Sasa,159.73,24.34,135.38,16,3,0.1524
2023-02-01,West,Sasha Ellington,753.62,146.33,607.3,16,6,0.1942
2023-02-02,Central,Neelam Nilam,512.36,146.28,366.08,9,4,0.2855
2023-02-02,East,Rylee Sasa,290.78,31.51,259.27,5,2,0.1084
2023-02-02,South,Sam Abioye,119.18,37.76,81.41,5,2,0.3168
2023-02-03,East,Rylee Sasa,32.67,8.49,24.18,3,1,0.2599
2023-02-04,Central,Neelam Nilam,251.11,-426.28,677.39,9,2,-1.6976
2023-02-04,West,Sasha Ellington,2011.9,501.16,1510.74,10,2,0.2491
2023-02-05,East,Rylee Sasa,514.48,111.67,402.82,11,3,0.2171
2023-02-05,South,Sam Abioye,359.97,79.19,280.78,3,1,0.22
2023-02-05,West,Sasha Ellington,29.9,13.46,16.45,5,1,0.4502
2023-02-08,Central,Neelam Nilam,397.73,-436.26,834.01,10,4,-1.0969
2023-02-08,West,Sasha Ellington,376.02,24.29,351.73,9,2,0.0646
2023-02-09,East,Rylee Sasa,23.12,11.33,11.79,4,1,0.4901
2023-02-09,West,Sasha Ellington,203.98,16.8,187.18,2,1,0.0824
2023-02-10,East,Rylee Sasa,168.27,6.25,162.02,4,2,0.0371
2023-02-10,West,Sasha Ellington,1073.26,123.85,949.39,14,3,0.1154
2023-02-12,Central,Neelam Nilam,90.64,38.98,51.66,8,1,0.4301
2023-02-12,East,Rylee Sasa,53.67,18.08,35.59,9,3,0.3369
2023-02-12,West,Sasha Ellington,914.12,367.28,546.84,8,3,0.4018
2023-02-15,Central,Neelam Nilam,705.0,-10.71,715.72,15,5,-0.0152
2023-02-15,East,Rylee Sasa,632.44,106.69,525.75,6,3,0.1687
2023-02-16,Central,Neelam Nilam,1308.6,-310.49,1619.07,15,5,-0.2373
2023-02-16,East,Rylee Sasa,1627.06,-81.52,1708.58,25,7,-0.0501
2023-02-16,South,Sam Abioye,29.16,8.46,20.7,3,1,0.2901
2023-02-17,West,Sasha Ellington,287.33,62.41,224.92,8,3,0.2172
2023-02-18,South,Sam Abioye,1245.86,361.3,884.56,7,1,0.29
2023-02-18,West,Sasha Ellington,68.73,15.75,52.98,9,3,0.2292
2023-02-19,Central,Neelam Nilam,19.67,5.31,14.36,5,2,0.27
2023-02-19,West,Sasha Ellington,1130.62,-112.81,1243.44,28,9,-0.0998
2023-02-20,Central,Neelam Nilam,47.9,-2.99,50.9,1,1,-0.0624
2023-02-22,West,Sasha Ellington,117.8,42.38,75.42,16,3,0.3598
2023-02-23,East,Rylee Sasa,1448.68,249.4,1199.29,14,3,0.1722
2023-02-24,Central,Neelam Nilam,1.79,-3.04,4.83,3,1,-1.6983
2023-02-24,South,Sam Abioye,428.7,-16.34,445.04,7,2,-0.0381
2023-02-25,West,Sasha Ellington,2847.65,447.35,2400.29,38,9,0.1571
2023-02-27,East,Rylee Sasa,17.62,8.22,9.4,3,2,0.4665
2023-03-01,Central,Neelam Nilam,19.76,-22.52,42.26,12,3,-1.1397
2023-03-01,East,Rylee Sasa,646.01,165.36,480.65,22,5,0.256
2023-03-01,West,Sasha Ellington,784.37,101.19,683.18,11,3,0.129
2023-03-02,Central,Neelam Nilam,307.84,99.78,208.06,11,3,0.3241
2023-03-02,South,Sam Abioye,72.8,19.66,53.14,5,1,0.2701
2023-03-02,West,Sasha Ellington,1619.46,408.73,1210.73,18,3,0.2524
2023-03-03,Central,Neelam Nilam,204.25,-43.65,247.9,9,4,-0.2137
2023-03-03,West,Sasha Ellington,24.57,9.72,14.86,5,2,0.3956
2023-03-04,Central,Neelam Nilam,400.77,143.67,257.1,13,5,0.3585
2023-03-04,South,Sam Abioye,839.25,336.78,502.47,15,4,0.4013
2023-03-05,Central,Neelam Nilam,68.42,6.48,61.93,6,2,0.0947
2023-03-05,East,Rylee Sasa,98.35,28.68,69.67,4,2,0.2916
2023-03-05,West,Sasha Ellington,611.47,199.96,411.53,30,6,0.327
2023-03-06,East,Rylee Sasa,166.59,56.11,110.48,12,3,0.3368
2023-03-07,South,Sam Abioye,668.54,178.38,490.16,10,2,0.2668
2023-03-07,West,Sasha Ellington,174.56,65.07,109.49,7,2,0.3728
2023-03-08,West,Sasha Ellington,710.8,139.63,571.18,9,3,0.1964
2023-03-09,Central,Neelam Nilam,933.41,-173.35,1106.76,4,1,-0.1857
2023-03-09,East,Rylee Sasa,145.71,-6.57,152.28,11,5,-0.0451
2023-03-09,South,Sam Abioye,61.87,-6.38,68.26,5,2,-0.1031
2023-03-09,West,Sasha Ellington,111.96,21.27,90.69,4,1,0.19
2023-03-10,Central,Neelam Nilam,895.92,421.08,474.84,4,1,0.47
2023-03-10,East,Rylee Sasa,1077.78,-196.39,1274.17,15,6,-0.1822
2023-03-11,East,Rylee Sasa,69.93,32.17,37.76,7,1,0.46
2023-03-11,South,Sam Abioye,40.41,18.59,21.82,9,1,0.46
2023-03-11,West,Sasha Ellington,242.94,9.72,233.22,3,1,0.04
2023-03-12,Central,Neelam Nilam,1366.86,347.42,1019.44,19,8,0.2542
2023-03-12,East,Rylee Sasa,997.36,305.76,691.61,13,5,0.3066
2023-03-12,West,Sasha Ellington,2427.14,174.11,2253.03,39,7,0.0717
2023-03-13,Central,Neelam Nilam,49.62,4.96,44.65,2,1,0.1
2023-03-15,East,Rylee Sasa,760.47,-37.44,797.93,23,6,-0.0492
2023-03-15,West,Sasha Ellington,1253.9,219.75,1034.15,21,7,0.1753
2023-03-16,Central,Neelam Nilam,24.05,-18.83,42.88,9,2,-0.783
2023-03-16,East,Rylee Sasa,496.63,141.0,355.64,43,9,0.2839
2023-03-16,South,Sam Abioye,4.61,1.67,2.94,2,1,0.3623
2023-03-16,West,Sasha Ellington,17.46,5.89,11.56,2,1,0.3373
2023-03-17,Central,Neelam Nilam,857.39,-310.78,1168.19,22,6,-0.3625
2023-03-17,West,Sasha Ellington,170.36,60.66,109.7,21,4,0.3561
2023-03-18,East,Rylee Sasa,37.85,15.71,22.14,10,2,0.4151
2023-03-18,West,Sasha Ellington,2128.39,114.69,2013.71,40,9,0.0539
2023-03-19,Central,Neelam Nilam,333.67,123.28,210.4,10,3,0.3695
2023-03-19,East,Rylee Sasa,299.96,65.96,234.0,4,2,0.2199
2023-03-19,West,Sasha Ellington,265.93,63.82,202.11,7,1,0.24
2023-03-20,Central,Neelam Nilam,2089.06,659.69,1429.37,12,3,0.3158
2023-03-20,East,Rylee Sasa,8.86,2.88,5.98,3,1,0.3251
2023-03-20,South,Sam Abioye,64.38,8.05,56.34,1,1,0.125
2023-03-20,West,Sasha Ellington,1170.34,241.64,928.7,29,7,0.2065
2023-03-22,Central,Neelam Nilam,143.73,-32.34,176.07,2,1,-0.225
2023-03-22,East,Rylee Sasa,373.26,28.94,344.32,9,1,0.0775
2023-03-22,West,Sasha Ellington,14299.08,6822.03,7477.05,22,5,0.4771
2023-03-23,Central,Neelam Nilam,12.77,0.96,11.81,2,1,0.0752
2023-03-23,East,Rylee Sasa,1244.53,339.31,905.22,15,6,0.2726
2023-03-24,Central,Neelam Nilam,2463.75,531.77,1931.98,16,5,0.2158
2023-03-24,East,Rylee Sasa,11.05,2.98,8.07,5,1,0.2697
2023-03-24,West,Sasha Ellington,1092.23,195.78,896.46,25,6,0.1792
2023-03-25,Central,Neelam Nilam,2798.51,393.93,2404.58,27,6,0.1408
2023-03-25,East,Rylee Sasa,377.53,4.61,372.91,6,2,0.0122
2023-03-25,South,Sam Abioye,57.01,22.09,34.92,5,2,0.3875
2023-03-25,West,Sasha Ellington,19.83,5.95,13.88,1,1,0.3001
2023-03-26,Central,Neelam Nilam,1875.13,-98.07,1973.2,11,4,-0.0523
2023-03-26,East,Rylee Sasa,15.01,1.5,13.51,2,1,0.0999
2023-03-26,South,Sam Abioye,874.8,144.85,729.95,18,6,0.1656
2023-03-26,West,Sasha Ellington,168.58,80.24,88.34,7,3,0.476
2023-03-27,South,Sam Abioye,68.74,-48.12,116.86,9,1,-0.7
2023-03-27,West,Sasha Ellington,1435.96,106.98,1328.98,26,7,0.0745
2023-03-28,Central,Neelam Nilam,81.4,21.16,60.24,5,1,0.26
2023-03-29,Central,Neelam Nilam,325.86,149.9,175.96,2,1,0.46
2023-03-29,East,Rylee Sasa,5.72,-4.76,10.48,5,1,-0.8322
2023-03-29,South,Sam Abioye,59.76,16.73,43.03,1,1,0.28
2023-03-29,West,Sasha Ellington,265.07,60.17,204.9,8,3,0.227
2023-03-30,Central,Neelam Nilam,252.42,-149.91,402.32,20,3,-0.5939
2023-03-30,East,Rylee Sasa,867.35,242.32,625.03,18,4,0.2794
2023-03-30,South,Sam Abioye,3831.54,1701.79,2129.75,22,5,0.4442
2023-03-30,West,Sasha Ellington,29.7,8.02,21.68,3,1,0.27
2023-03-31,Central,Neelam Nilam,122.6,36.9,85.7,11,2,0.301
2023-03-31,East,Rylee Sasa,42.93,19.32,23.61,9,1,0.45
2023-03-31,South,Sam Abioye,397.35,0.81,396.55,15,5,0.002
2023-03-31,West,Sasha Ellington,5410.1,485.93,4924.2,25,4,0.0898
2023-04-01,East,Rylee Sasa,11.12,2.89,8.23,4,1,0.2599
2023-04-01,South,Sam Abioye,786.74,206.48,580.26,9,3,0.2625
2023-04-01,West,Sasha Ellington,25.11,6.53,18.58,3,1,0.2601
2023-04-02,Central,Neelam Nilam,7.06,2.21,4.85,3,1,0.313
2023-04-02,East,Rylee Sasa,25.47,7.64,17.83,4,1,0.3
2023-04-03,Central,Neelam Nilam,383.84,47.98,335.86,4,1,0.125
2023-04-03,East,Rylee Sasa,424.63,62.2,362.43,9,5,0.1465
2023-04-05,Central,Neelam Nilam,106.32,49.97,56.35,3,1,0.47
2023-04-05,South,Sam Abioye,8.1,-5.94,14.04,5,1,-0.7333
2023-04-06,South,Sam Abioye,1971.29,-341.17,2312.47,17,7,-0.1731
2023-04-07,Central,Neelam Nilam,580.86,151.02,429.84,5,2,0.26
2023-04-07,East,Rylee Sasa,2633.51,632.46,2001.05,9,2,0.2402
2023-04-07,South,Sam Abioye,2747.25,1280.52,1466.73,9,2,0.4661
2023-04-07,West,Sasha Ellington,440.31,212.82,227.49,9,2,0.4833
2023-04-08,Central,Neelam Nilam,478.24,219.99,258.25,8,1,0.46
2023-04-08,East,Rylee Sasa,864.28,111.66,752.62,23,8,0.1292
2023-04-08,South,Sam Abioye,284.19,79.62,204.57,7,3,0.2802
2023-04-09,Central,Neelam Nilam,106.11,23.97,82.13,5,2,0.2259
2023-04-09,East,Rylee Sasa,632.68,149.07,483.61,16,6,0.2356
2023-04-09,South,Sam Abioye,16.74,-1.24,17.98,8,2,-0.0741
2023-04-10,Central,Neelam Nilam,11.36,-17.05,28.41,3,1,-1.5009
2023-04-10,East,Rylee Sasa,43.89,-3.28,47.17,4,2,-0.0747
2023-04-10,South,Sam Abioye,22.74,2.51,20.23,9,2,0.1104
2023-04-10,West,Sasha Ellington,241.81,36.22,205.59,12,2,0.1498
2023-04-11,East,Rylee Sasa,69.66,31.35,38.32,9,2,0.45
2023-04-12,East,Rylee Sasa,7.92,1.68,6.24,5,1,0.2121
2023-04-12,West,Sasha Ellington,1337.9,266.54,1071.37,12,3,0.1992
2023-04-13,Central,Neelam Nilam,8.76,4.2,4.56,2,1,0.4795
2023-04-13,East,Rylee Sasa,445.9,61.61,384.28,20,6,0.1382
2023-04-13,South,Sam Abioye,198.27,-32.22,230.49,8,1,-0.1625
2023-04-14,Central,Neelam Nilam,20.74,7.26,13.48,4,1,0.35
2023-04-14,South,Sam Abioye,36.01,-4.5,40.51,7,3,-0.125
2023-04-14,West,Sasha Ellington,275.59,107.12,168.47,8,2,0.3887
2023-04-15,Central,Neelam Nilam,78.01,-54.72,132.72,11,4,-0.7014
2023-04-15,East,Rylee Sasa,13.71,-10.05,23.76,5,1,-0.733
2023-04-15,South,Sam Abioye,503.22,11.1,492.12,6,2,0.0221
2023-04-15,West,Sasha Ellington,349.49,8.23,341.26,8,3,0.0235
2023-04-16,Central,Neelam Nilam,195.14,-43.91,239.04,4,1,-0.225
2023-04-16,East,Rylee Sasa,60.31,5.28,55.03,3,1,0.0875
2023-04-16,West,Sasha Ellington,3176.01,-3364.86,6540.88,54,11,-1.0595
2023-04-19,Central,Neelam Nilam,575.2,15.84,559.36,23,6,0.0275
2023-04-19,East,Rylee Sasa,1458.04,6.91,1451.13,21,7,0.0047
2023-04-20,Central,Neelam Nilam,171.6,-237.2,408.81,17,5,-1.3823
2023-04-20,East,Rylee Sasa,908.82,227.21,681.62,9,1,0.25
2023-04-20,West,Sasha Ellington,174.14,37.61,136.53,4,2,0.216
2023-04-21,East,Rylee Sasa,254.35,0.0,254.35,3,1,0.0
2023-04-21,South,Sam Abioye,675.06,87.76,587.3,3,1,0.13
2023-04-21,West,Sasha Ellington,18.28,6.22,12.06,2,1,0.3403
2023-04-22,Central,Neelam Nilam,155.34,55.92,99.42,6,1,0.36
2023-04-22,East,Rylee Sasa,316.65,81.57,235.08,20,5,0.2576
2023-04-22,South,Sam Abioye,513.5,-13.24,526.73,10,4,-0.0258
2023-04-22,West,Sasha Ellington,213.73,75.06,138.67,20,5,0.3512
2023-04-23,Central,Neelam Nilam,83.21,-36.45,119.66,6,2,-0.438
2023-04-23,East,Rylee Sasa,177.97,10.56,167.41,8,4,0.0593
2023-04-23,South,Sam Abioye,113.57,-21.29,134.86,2,1,-0.1875
2023-04-23,West,Sasha Ellington,553.81,35.15,518.66,11,2,0.0635
2023-04-24,South,Sam Abioye,109.97,12.05,97.92,14,2,0.1096
2023-04-24,West,Sasha Ellington,568.14,92.53,475.62,22,6,0.1629
2023-04-25,Central,Neelam Nilam,1.99,-1.44,3.43,1,1,-0.7236
2023-04-25,West,Sasha Ellington,59.62,28.61,31.01,11,2,0.4799
2023-04-26,Central,Neelam Nilam,253.39,-30.52,283.91,8,2,-0.1204
2023-04-26,West,Sasha Ellington,323.19,90.54,232.65,16,4,0.2801
2023-04-27,East,Rylee Sasa,15.23,1.5,13.73,3,2,0.0985
2023-04-27,South,Sam Abioye,780.06,89.87,690.21,5,2,0.1152
2023-04-28,East,Rylee Sasa,1053.26,-67.48,1120.74,6,2,-0.0641
2023-04-29,Central,Neelam Nilam,43.37,-69.4,112.77,7,1,-1.6002
2023-04-29,East,Rylee Sasa,770.57,-132.58,903.15,16,5,-0.1721
2023-04-29,South,Sam Abioye,283.69,5.53,278.15,28,7,0.0195
2023-04-29,West,Sasha Ellington,292.5,128.31,164.19,17,5,0.4387
2023-04-30,South,Sam Abioye,4108.37,-453.86,4562.23,21,6,-0.1105
2023-05-01,East,Rylee Sasa,129.93,12.99,116.94,3,1,0.1
2023-05-01,West,Sasha Ellington,269.18,97.41,171.78,17,4,0.3619
2023-05-02,East,Rylee Sasa,504.51,-164.47,668.98,18,5,-0.326
2023-05-02,West,Sasha Ellington,881.84,84.38,797.46,21,4,0.0957
2023-05-03,East,Rylee Sasa,13.91,-10.99,24.89,6,3,-0.7901
2023-05-03,South,Sam Abioye,629.86,189.94,439.92,11,4,0.3016
2023-05-03,West,Sasha Ellington,745.63,113.38,632.25,11,4,0.1521
2023-05-04,East,Rylee Sasa,6.68,3.21,3.47,1,1,0.4805
2023-05-04,South,Sam Abioye,34.5,15.53,18.98,3,1,0.4501
2023-05-04,West,Sasha Ellington,143.94,-141.29,285.25,22,4,-0.9816
2023-05-05,Central,Neelam Nilam,2014.32,-89.86,2104.19,36,6,-0.0446
2023-05-05,East,Rylee Sasa,59.2,29.6,29.6,4,1,0.5
2023-05-05,South,Sam Abioye,872.49,75.74,796.75,26,4,0.0868
2023-05-05,West,Sasha Ellington,237.36,68.73,168.63,7,2,0.2896
2023-05-06,Central,Neelam Nilam,2049.53,568.13,1481.4,10,4,0.2772
2023-05-06,West,Sasha Ellington,499.93,81.29,418.64,8,2,0.1626
2023-05-07,Central,Neelam Nilam,41.47,14.52,26.96,8,1,0.3501
2023-05-07,East,Rylee Sasa,176.05,-25.84,201.89,5,2,-0.1468
2023-05-07,West,Sasha Ellington,3441.03,1072.69,2368.35,10,2,0.3117
2023-05-08,South,Sam Abioye,272.23,47.89,224.35,6,2,0.1759
2023-05-08,West,Sasha Ellington,805.99,226.08,579.92,15,5,0.2805
2023-05-10,Central,Neelam Nilam,94.52,-19.15,113.66,7,4,-0.2026
2023-05-10,East,Rylee Sasa,43.92,12.74,31.18,3,1,0.2901
2023-05-10,West,Sasha Ellington,311.04,-313.0,624.05,18,4,-1.0063
2023-05-11,Central,Neelam Nilam,162.16,-69.06,231.22,9,2,-0.4259
2023-05-11,East,Rylee Sasa,257.18,102.97,154.22,24,7,0.4004
2023-05-11,West,Sasha Ellington,551.04,2.63,548.41,12,4,0.0048
2023-05-12,Central,Neelam Nilam,2229.18,754.7,1474.48,13,5,0.3386
2023-05-12,East,Rylee Sasa,757.95,25.33,732.62,14,2,0.0334
2023-05-12,South,Sam Abioye,20.77,2.34,18.43,2,1,0.1127
2023-05-12,West,Sasha Ellington,58.48,27.49,30.99,8,1,0.4701
2023-05-13,Central,Neelam Nilam,1078.43,36.71,1041.73,16,5,0.034
2023-05-13,East,Rylee Sasa,1132.13,200.31,931.84,35,11,0.1769
2023-05-13,South,Sam Abioye,48.69,23.86,24.83,9,1,0.49
2023-05-13,West,Sasha Ellington,1922.8,817.01,1105.79,23,4,0.4249
2023-05-14,Central,Neelam Nilam,67.82,22.62,45.22,4,2,0.3335
2023-05-14,West,Sasha Ellington,353.43,51.36,302.07,11,6,0.1453
2023-05-15,East,Rylee Sasa,221.02,-55.26,276.28,2,1,-0.25
2023-05-17,Central,Neelam Nilam,907.3,196.52,710.8,33,8,0.2166
2023-05-17,East,Rylee Sasa,53.66,6.39,47.27,6,3,0.1191
2023-05-17,South,Sam Abioye,524.85,166.22,358.64,18,5,0.3167
2023-05-17,West,Sasha Ellington,344.7,38.78,305.92,2,1,0.1125
2023-05-18,Central,Neelam Nilam,147.23,27.68,119.55,11,3,0.188
2023-05-18,East,Rylee Sasa,889.29,313.02,576.27,11,3,0.352
2023-05-18,South,Sam Abioye,2925.56,697.09,2228.48,41,8,0.2383
2023-05-18,West,Sasha Ellington,957.11,134.01,823.11,23,6,0.14
2023-05-19,Central,Neelam Nilam,932.81,236.39,696.43,26,6,0.2534
2023-05-19,West,Sasha Ellington,2064.77,36.8,2027.96,26,6,0.0178
2023-05-20,East,Rylee Sasa,538.02,78.02,460.0,8,2,0.145
2023-05-21,Central,Neelam Nilam,205.92,-54.72,260.63,7,3,-0.2657
2023-05-21,West,Sasha Ellington,130.64,47.73,82.91,18,4,0.3654
2023-05-22,Central,Neelam Nilam,70.15,-59.65,129.81,11,4,-0.8503
2023-05-22,West,Sasha Ellington,171.29,-6.42,177.71,3,1,-0.0375
2023-05-24,Central,Neelam Nilam,50.14,-11.28,61.42,3,1,-0.225
2023-05-24,East,Rylee Sasa,806.05,228.19,577.87,17,4,0.2831
2023-05-24,South,Sam Abioye,29.84,13.43,16.41,2,1,0.4501
2023-05-25,South,Sam Abioye,257.28,70.22,187.06,7,3,0.2729
2023-05-25,West,Sasha Ellington,12.96,6.22,6.74,2,1,0.4799
2023-05-26,Central,Neelam Nilam,477.3,138.42,338.88,5,1,0.29
2023-05-26,South,Sam Abioye,663.48,162.35,501.13,18,5,0.2447
2023-05-26,West,Sasha Ellington,944.13,83.69,860.44,21,5,0.0886
2023-05-27,Central,Neelam Nilam,164.8,-31.17,195.97,10,3,-0.1891
2023-05-27,East,Rylee Sasa,529.86,87.72,442.14,20,5,0.1656
2023-05-27,South,Sam Abioye,301.96,33.22,268.74,2,1,0.11
2023-05-27,West,Sasha Ellington,483.48,79.43,404.04,12,3,0.1643
2023-05-28,Central,Neelam Nilam,691.1,110.43,580.67,24,8,0.1598
2023-05-29,Central,Neelam Nilam,204.67,-6.02,210.69,1,1,-0.0294
2023-05-29,South,Sam Abioye,253.86,38.78,215.08,6,3,0.1528
2023-05-29,West,Sasha Ellington,278.36,42.4,235.96,14,5,0.1523
2023-05-31,Central,Neelam Nilam,4526.22,1398.24,3127.98,25,6,0.3089
2023-05-31,East,Rylee Sasa,532.14,-102.73,634.88,20,5,-0.1931
2023-06-01,Central,Neelam Nilam,10.69,3.74,6.95,2,1,0.3499
2023-06-01,East,Rylee Sasa,30.41,1.76,28.65,3,2,0.0579
2023-06-01,South,Sam Abioye,25.34,9.19,16.16,4,1,0.3627
2023-06-01,West,Sasha Ellington,69.26,23.84,45.42,11,2,0.3442
2023-06-02,East,Rylee Sasa,508.79,-57.02,565.81,12,3,-0.1121
2023-06-02,South,Sam Abioye,1146.86,57.74,1089.16,32,9,0.0503
2023-06-02,West,Sasha Ellington,1296.38,383.44,912.95,27,5,0.2958
2023-06-03,Central,Neelam Nilam,45.35,-24.49,69.84,16,3,-0.54
2023-06-03,South,Sam Abioye,234.06,91.24,142.83,16,5,0.3898
2023-06-04,Central,Neelam Nilam,470.38,52.92,417.46,3,1,0.1125
2023-06-04,South,Sam Abioye,20.74,7.26,13.48,4,1,0.35
2023-06-05,West,Sasha Ellington,31.35,2.18,29.17,6,2,0.0695
2023-06-07,Central,Neelam Nilam,504.2,36.07,468.13,15,5,0.0715
2023-06-07,East,Rylee Sasa,10.36,5.08,5.28,2,1,0.4903
2023-06-07,West,Sasha Ellington,1712.49,93.03,1619.46,15,5,0.0543
2023-06-08,Central,Neelam Nilam,890.02,-20.86,910.87,17,4,-0.0234
2023-06-08,South,Sam Abioye,49.12,23.09,26.03,4,1,0.4701
2023-06-09,Central,Neelam Nilam,132.52,54.33,78.19,4,1,0.41
2023-06-09,East,Rylee Sasa,62.56,19.92,42.64,14,3,0.3184
2023-06-09,South,Sam Abioye,1347.52,84.22,1263.3,8,1,0.0625
2023-06-09,West,Sasha Ellington,970.75,28.03,942.72,32,8,0.0289
2023-06-10,South,Sam Abioye,8.33,-2.72,11.05,6,2,-0.3265
2023-06-10,West,Sasha Ellington,1572.56,277.66,1294.9,38,12,0.1766
2023-06-11,Central,Neelam Nilam,8.86,-6.86,15.72,3,1,-0.7743
2023-06-11,East,Rylee Sasa,1018.47,192.5,825.97,16,5,0.189
2023-06-11,South,Sam Abioye,561.23,110.96,450.27,8,3,0.1977
2023-06-11,West,Sasha Ellington,91.42,18.33,73.09,6,2,0.2005
2023-06-12,Central,Neelam Nilam,683.02,-120.46,803.49,13,3,-0.1764
2023-06-12,South,Sam Abioye,181.86,50.92,130.94,7,1,0.28
2023-06-12,West,Sasha Ellington,291.14,-25.47,316.61,4,1,-0.0875
2023-06-14,Central,Neelam Nilam,166.45,55.53,110.92,16,4,0.3336
2023-06-14,South,Sam Abioye,3718.88,334.85,3384.01,36,9,0.09
2023-06-14,West,Sasha Ellington,172.2,14.05,158.15,5,3,0.0816
2023-06-15,Central,Neelam Nilam,5.94,-8.9,14.84,7,1,-1.4983
2023-06-15,East,Rylee Sasa,503.87,109.78,394.09,11,2,0.2179
2023-06-15,South,Sam Abioye,754.61,214.89,539.72,11,5,0.2848
2023-06-15,West,Sasha Ellington,1459.78,205.59,1254.19,18,5,0.1408
2023-06-16,Central,Neelam Nilam,23.88,-15.52,39.41,10,3,-0.6499
2023-06-16,East,Rylee Sasa,3505.84,1676.32,1829.53,8,2,0.4782
2023-06-16,West,Sasha Ellington,366.94,35.68,331.27,10,4,0.0972
2023-06-17,Central,Neelam Nilam,74.35,23.24,51.12,3,1,0.3126
2023-06-17,West,Sasha Ellington,956.8,94.64,862.16,15,2,0.0989
2023-06-18,Central,Neelam Nilam,778.02,-86.59,864.62,19,7,-0.1113
2023-06-18,East,Rylee Sasa,1263.04,31.87,1231.16,33,7,0.0252
2023-06-18,West,Sasha Ellington,74.88,32.67,42.21,6,2,0.4363
2023-06-19,East,Rylee Sasa,487.4,121.88,365.54,21,6,0.2501
2023-06-19,South,Sam Abioye,540.82,141.87,398.95,10,3,0.2623
2023-06-20,East,Rylee Sasa,595.66,230.96,364.7,26,5,0.3877
2023-06-21,Central,Neelam Nilam,491.0,141.38,349.62,5,2,0.2879
2023-06-21,East,Rylee Sasa,50.42,-30.8,81.21,10,3,-0.6109
2023-06-21,South,Sam Abioye,37.61,12.69,24.92,3,1,0.3374
2023-06-23,Central,Neelam Nilam,193.26,-317.03,510.29,6,2,-1.6404
2023-06-23,East,Rylee Sasa,574.12,137.61,436.52,11,4,0.2397
2023-06-23,West,Sasha Ellington,520.22,150.89,369.33,26,4,0.2901
2023-06-24,Central,Neelam Nilam,148.48,16.7,131.78,2,1,0.1125
2023-06-24,East,Rylee Sasa,400.78,-5.01,405.79,1,1,-0.0125
2023-06-24,West,Sasha Ellington,959.08,173.39,785.69,15,4,0.1808
2023-06-25,Central,Neelam Nilam,1090.83,175.02,915.81,18,4,0.1604
2023-06-25,East,Rylee Sasa,2330.2,472.8,1857.4,37,8,0.2029
2023-06-25,South,Sam Abioye,287.42,-9.0,296.42,9,2,-0.0313
2023-06-25,West,Sasha Ellington,515.69,66.47,449.22,21,2,0.1289
2023-06-26,Central,Neelam Nilam,20.07,9.23,10.84,3,1,0.4599
2023-06-26,East,Rylee Sasa,191.65,31.94,159.71,3,1,0.1667
2023-06-26,West,Sasha Ellington,1433.19,294.37,1138.82,11,3,0.2054
2023-06-28,Central,Neelam Nilam,1118.36,-92.21,1210.59,14,6,-0.0825
2023-06-28,East,Rylee Sasa,694.67,201.79,492.88,14,3,0.2905
2023-06-28,West,Sasha Ellington,2708.95,779.62,1929.33,24,6,0.2878
2023-06-29,Central,Neelam Nilam,1584.86,-63.96,1648.83,7,3,-0.0404
2023-06-29,East,Rylee Sasa,2400.85,63.12,2337.73,20,4,0.0263
2023-06-29,South,Sam Abioye,19.52,5.37,14.15,2,1,0.2751
2023-06-29,West,Sasha Ellington,716.74,131.14,585.6,11,3,0.183
2023-06-30,Central,Neelam Nilam,639.83,103.96,535.87,9,3,0.1625
2023-07-01,Central,Neelam Nilam,169.19,51.33,117.86,9,2,0.3034
2023-07-02,Central,Neelam Nilam,1039.0,205.19,833.81,14,3,0.1975
2023-07-02,East,Rylee Sasa,664.77,49.67,615.09,25,6,0.0747
2023-07-02,South,Sam Abioye,345.51,82.12,263.39,9,4,0.2377
2023-07-02,West,Sasha Ellington,4914.13,1151.15,3762.98,29,7,0.2343
2023-07-04,Central,Neelam Nilam,476.35,-337.4,813.76,32,6,-0.7083
2023-07-05,East,Rylee Sasa,19.01,3.56,15.44,5,2,0.1873
2023-07-05,South,Sam Abioye,239.24,23.92,215.32,1,1,0.1
2023-07-05,West,Sasha Ellington,122.14,-13.74,135.88,3,1,-0.1125
2023-07-06,East,Rylee Sasa,1614.31,37.27,1577.03,23,8,0.0231
2023-07-06,West,Sasha Ellington,5.94,0.12,5.82,3,1,0.0202
2023-07-07,East,Rylee Sasa,514.74,146.2,368.54,30,8,0.284
2023-07-07,West,Sasha Ellington,1465.53,670.94,794.58,40,11,0.4578
2023-07-08,Central,Neelam Nilam,822.67,-97.28,919.95,24,4,-0.1182
2023-07-08,East,Rylee Sasa,847.46,262.18,585.28,17,4,0.3094
2023-07-08,West,Sasha Ellington,1.08,-0.79,1.87,2,1,-0.7315
2023-07-09,Central,Neelam Nilam,298.46,26.12,272.35,6,1,0.0875
2023-07-09,South,Sam Abioye,60.75,18.81,41.94,6,2,0.3096
2023-07-10,Central,Neelam Nilam,30.32,11.82,18.5,4,1,0.3898
2023-07-10,East,Rylee Sasa,132.6,17.24,115.36,6,1,0.13
2023-07-10,West,Sasha Ellington,1565.97,307.11,1258.87,24,5,0.1961
2023-07-11,East,Rylee Sasa,3.82,1.19,2.62,1,1,0.3115
2023-07-12,Central,Neelam Nilam,373.94,99.94,274.0,4,2,0.2673
2023-07-12,East,Rylee Sasa,130.6,12.08,118.52,10,2,0.0925
2023-07-13,East,Rylee Sasa,2610.74,-201.05,2811.8,33,6,-0.077
2023-07-13,West,Sasha Ellington,988.21,155.01,833.2,22,7,0.1569
2023-07-14,East,Rylee Sasa,1066.39,71.47,994.92,21,7,0.067
2023-07-14,South,Sam Abioye,1065.84,213.73,852.11,8,3,0.2005
2023-07-15,Central,Neelam Nilam,2.91,0.91,2.0,2,1,0.3127
2023-07-15,East,Rylee Sasa,71.37,-1.02,72.39,2,1,-0.0143
2023-07-15,South,Sam Abioye,242.35,15.15,227.21,3,1,0.0625
2023-07-16,East,Rylee Sasa,408.96,129.91,279.06,11,3,0.3177
2023-07-16,South,Sam Abioye,7.9,2.17,5.73,2,1,0.2747
2023-07-16,West,Sasha Ellington,1775.01,345.24,1429.78,19,5,0.1945
2023-07-17,East,Rylee Sasa,807.89,56.95,750.95,11,3,0.0705
2023-07-17,West,Sasha Ellington,1298.91,-482.59,1781.48,16,5,-0.3715
2023-07-19,Central,Neelam Nilam,1922.16,664.13,1258.05,27,9,0.3455
2023-07-19,East,Rylee Sasa,361.04,63.15,297.89,8,3,0.1749
2023-07-20,Central,Neelam Nilam,223.56,-194.13,417.7,17,4,-0.8684
2023-07-20,East,Rylee Sasa,490.77,-42.53,533.31,21,5,-0.0867
2023-07-20,South,Sam Abioye,951.98,195.57,756.41,29,7,0.2054
2023-07-20,West,Sasha Ellington,2019.62,185.31,1834.3,28,7,0.0918
2023-07-21,Central,Neelam Nilam,526.34,-75.19,601.54,4,1,-0.1429
2023-07-21,East,Rylee Sasa,29.97,14.09,15.88,3,1,0.4701
2023-07-22,Central,Neelam Nilam,756.23,196.42,559.81,19,5,0.2597
2023-07-22,East,Rylee Sasa,68.45,28.49,39.96,10,3,0.4162
2023-07-22,West,Sasha Ellington,73.51,33.5,40.01,12,2,0.4557
2023-07-23,West,Sasha Ellington,2399.96,839.99,1559.97,5,1,0.35
2023-07-24,Central,Neelam Nilam,318.35,5.25,313.09,13,2,0.0165
2023-07-24,East,Rylee Sasa,480.4,-45.05,525.44,18,6,-0.0938
2023-07-25,West,Sasha Ellington,2012.3,705.27,1307.03,8,2,0.3505
2023-07-26,East,Rylee Sasa,558.81,140.0,418.81,9,2,0.2505
2023-07-26,South,Sam Abioye,285.88,9.9,275.98,7,2,0.0346
2023-07-26,West,Sasha Ellington,297.99,61.67,236.32,14,4,0.207
2023-07-27,West,Sasha Ellington,1170.56,108.05,1062.51,9,3,0.0923
2023-07-28,Central,Neelam Nilam,1063.43,299.64,763.79,13,6,0.2818
2023-07-28,East,Rylee Sasa,60.12,22.24,37.88,9,1,0.3699
2023-07-28,South,Sam Abioye,61.22,8.29,52.93,10,3,0.1354
2023-07-28,West,Sasha Ellington,206.53,37.28,169.25,5,2,0.1805
2023-07-29,East,Rylee Sasa,166.73,-10.56,177.29,9,2,-0.0633
2023-07-29,West,Sasha Ellington,356.65,98.5,258.15,9,2,0.2762
2023-07-30,Central,Neelam Nilam,210.19,67.11,143.08,11,3,0.3193
2023-07-30,East,Rylee Sasa,1212.9,362.61,850.28,16,5,0.299
2023-07-30,South,Sam Abioye,41.42,8.28,33.14,2,1,0.1999
2023-07-30,West,Sasha Ellington,93.52,26.73,66.79,9,2,0.2858
2023-07-31,Central,Neelam Nilam,1572.25,-245.3,1817.56,12,3,-0.156
2023-07-31,South,Sam Abioye,271.96,17.0,254.96,5,1,0.0625
2023-07-31,West,Sasha Ellington,241.44,68.9,172.54,5,2,0.2854
2023-08-02,Central,Neelam Nilam,223.19,-29.2,252.4,5,2,-0.1308
2023-08-02,East,Rylee Sasa,16.52,5.37,11.15,5,1,0.3251
2023-08-02,West,Sasha Ellington,291.64,64.15,227.49,12,4,0.22
2023-08-03,Central,Neelam Nilam,3.32,-5.64,8.96,3,1,-1.6988
2023-08-03,West,Sasha Ellington,16.75,6.07,10.68,3,2,0.3624
2023-08-04,Central,Neelam Nilam,489.92,164.09,325.82,26,4,0.3349
2023-08-04,South,Sam Abioye,13.76,6.33,7.43,2,1,0.46
2023-08-05,Central,Neelam Nilam,115.3,40.35,74.94,3,1,0.35
2023-08-05,East,Rylee Sasa,1147.59,348.72,798.88,23,4,0.3039
2023-08-05,South,Sam Abioye,161.14,30.71,130.43,8,2,0.1906
2023-08-06,Central,Neelam Nilam,301.57,-18.72,320.29,9,3,-0.0621
2023-08-06,East,Rylee Sasa,116.48,31.69,84.79,12,2,0.2721
2023-08-06,South,Sam Abioye,79.99,22.0,57.99,1,1,0.275
2023-08-06,West,Sasha Ellington,2981.58,670.92,2310.68,34,11,0.225
2023-08-09,Central,Neelam Nilam,1823.07,521.96,1301.11,22,4,0.2863
2023-08-10,Central,Neelam Nilam,205.28,3.81,201.49,21,4,0.0186
2023-08-10,East,Rylee Sasa,25.92,12.44,13.48,4,1,0.4799
2023-08-10,South,Sam Abioye,477.51,219.65,257.86,11,1,0.46
2023-08-11,East,Rylee Sasa,2017.32,438.41,1578.91,13,3,0.2173
2023-08-11,South,Sam Abioye,20.74,7.26,13.48,4,1,0.35
2023-08-11,West,Sasha Ellington,1655.02,443.03,1212.01,34,8,0.2677
2023-08-12,East,Rylee Sasa,17.54,5.92,11.62,3,1,0.3375
2023-08-12,South,Sam Abioye,2382.92,-1145.18,3528.11,28,7,-0.4806
2023-08-12,West,Sasha Ellington,242.69,67.56,175.14,20,5,0.2784
2023-08-13,West,Sasha Ellington,440.74,12.39,428.35,11,3,0.0281
2023-08-14,Central,Neelam Nilam,50.4,23.18,27.22,8,1,0.4599
2023-08-14,East,Rylee Sasa,1899.47,-312.37,2211.84,8,2,-0.1645
2023-08-15,South,Sam Abioye,80.57,-12.03,92.6,7,2,-0.1493
2023-08-16,Central,Neelam Nilam,143.8,-123.51,267.31,15,5,-0.8589
2023-08-16,East,Rylee Sasa,5774.65,-230.86,6005.52,16,3,-0.04
2023-08-16,South,Sam Abioye,201.09,58.2,142.89,9,2,0.2894
2023-08-16,West,Sasha Ellington,3397.74,902.08,2495.66,30,7,0.2655
2023-08-17,Central,Neelam Nilam,228.18,-32.1,260.29,12,3,-0.1407
2023-08-17,East,Rylee Sasa,327.64,91.7,235.94,25,8,0.2799
2023-08-17,West,Sasha Ellington,6522.65,1912.38,4610.27,32,6,0.2932
2023-08-18,Central,Neelam Nilam,2.3,-3.9,6.2,2,1,-1.6957
2023-08-18,East,Rylee Sasa,407.43,191.69,215.74,4,2,0.4705
2023-08-18,West,Sasha Ellington,102.72,37.24,65.48,3,1,0.3625
2023-08-19,East,Rylee Sasa,40.29,10.48,29.81,3,1,0.2601
2023-08-19,South,Sam Abioye,35.96,3.6,32.36,1,1,0.1001
2023-08-19,West,Sasha Ellington,616.7,169.55,447.15,21,5,0.2749
2023-08-20,Central,Neelam Nilam,87.52,35.09,52.43,13,3,0.4009
2023-08-20,East,Rylee Sasa,4732.12,1637.3,3094.82,24,5,0.346
2023-08-20,South,Sam Abioye,866.4,225.26,641.14,4,1,0.26
2023-08-20,West,Sasha Ellington,2865.01,347.98,2517.04,54,14,0.1215
2023-08-21,East,Rylee Sasa,314.53,-83.88,398.41,2,1,-0.2667
2023-08-21,West,Sasha Ellington,210.01,2.63,207.38,1,1,0.0125
2023-08-22,South,Sam Abioye,4590.35,358.54,4231.8,28,5,0.0781
2023-08-23,East,Rylee Sasa,685.05,77.41,607.64,15,4,0.113
2023-08-24,East,Rylee Sasa,156.68,-87.14,243.82,4,2,-0.5562
2023-08-24,South,Sam Abioye,205.31,70.03,135.28,8,3,0.3411
2023-08-25,Central,Neelam Nilam,118.68,-29.88,148.56,9,2,-0.2518
2023-08-25,South,Sam Abioye,71.98,15.12,56.86,2,1,0.2101
2023-08-26,Central,Neelam Nilam,5.95,0.37,5.58,1,1,0.0622
2023-08-26,East,Rylee Sasa,3069.8,45.34,3024.47,41,6,0.0148
2023-08-26,South,Sam Abioye,22.42,3.69,18.73,6,3,0.1646
2023-08-26,West,Sasha Ellington,3092.37,959.5,2132.87,34,9,0.3103
2023-08-27,Central,Neelam Nilam,165.47,49.72,115.75,19,4,0.3005
2023-08-27,West,Sasha Ellington,1278.16,295.59,982.58,16,4,0.2313
2023-08-28,Central,Neelam Nilam,78.04,14.98,63.06,15,3,0.192
2023-08-28,East,Rylee Sasa,9.41,0.71,8.7,7,1,0.0755
2023-08-28,West,Sasha Ellington,148.02,41.45,106.57,3,1,0.28
2023-08-30,Central,Neelam Nilam,638.73,166.07,472.66,9,1,0.26
2023-08-30,South,Sam Abioye,889.44,300.98,588.46,9,2,0.3384
2023-08-30,West,Sasha Ellington,1634.66,144.2,1490.46,25,8,0.0882
2023-08-31,Central,Neelam Nilam,498.26,134.53,363.73,7,1,0.27
2023-08-31,East,Rylee Sasa,114.9,39.07,75.83,5,1,0.34
2023-08-31,West,Sasha Ellington,648.65,166.97,481.68,15,5,0.2574
2023-09-01,Central,Neelam Nilam,3779.15,1173.53,2605.62,27,7,0.3105
2023-09-01,East,Rylee Sasa,2520.77,419.85,2100.92,54,17,0.1666
2023-09-01,South,Sam Abioye,1577.94,757.41,820.53,3,1,0.48
2023-09-01,West,Sasha Ellington,1477.0,249.37,1227.64,42,11,0.1688
2023-09-02,Central,Neelam Nilam,260.72,-149.12,409.84,17,4,-0.572
2023-09-02,East,Rylee Sasa,697.52,209.57,487.95,9,4,0.3005
2023-09-02,South,Sam Abioye,24.45,8.86,15.59,4,1,0.3624
2023-09-02,West,Sasha Ellington,613.16,130.16,483.0,12,4,0.2123
2023-09-03,Central,Neelam Nilam,920.31,-100.92,1021.26,29,7,-0.1097
2023-09-03,East,Rylee Sasa,175.53,25.93,149.6,29,7,0.1477
2023-09-03,South,Sam Abioye,107.55,9.7,97.85,4,2,0.0902
2023-09-03,West,Sasha Ellington,4156.79,289.71,3867.11,46,12,0.0697
2023-09-04,South,Sam Abioye,324.26,-17.92,342.18,14,4,-0.0553
2023-09-04,West,Sasha Ellington,2.78,0.72,2.06,1,1,0.259
2023-09-06,Central,Neelam Nilam,1913.25,870.19,1043.06,22,5,0.4548
2023-09-06,East,Rylee Sasa,584.63,177.37,407.25,26,6,0.3034
2023-09-06,South,Sam Abioye,81.57,7.14,74.43,2,1,0.0875
2023-09-06,West,Sasha Ellington,1269.12,193.54,1075.59,35,11,0.1525
2023-09-07,Central,Neelam Nilam,1514.7,-535.05,2049.76,38,8,-0.3532
2023-09-07,East,Rylee Sasa,449.58,4.83,444.74,11,4,0.0107
2023-09-07,South,Sam Abioye,220.06,19.26,200.8,8,2,0.0875
2023-09-08,Central,Neelam Nilam,27.34,11.67,15.67,6,2,0.4268
2023-09-08,East,Rylee Sasa,2578.0,-352.08,2930.07,39,13,-0.1366
2023-09-08,South,Sam Abioye,1144.25,88.42,1055.83,24,6,0.0773
2023-09-08,West,Sasha Ellington,606.48,99.13,507.36,32,8,0.1635
2023-09-09,Central,Neelam Nilam,1718.68,-1002.02,2720.71,37,10,-0.583
2023-09-09,East,Rylee Sasa,415.66,-6.08,421.74,13,5,-0.0146
2023-09-09,South,Sam Abioye,2.78,1.36,1.42,1,1,0.4892
2023-09-09,West,Sasha Ellington,369.53,29.43,340.12,5,2,0.0796
2023-09-10,Central,Neelam Nilam,555.09,-57.13,612.22,20,5,-0.1029
2023-09-10,South,Sam Abioye,496.94,168.9,328.05,21,5,0.3399
2023-09-10,West,Sasha Ellington,4511.97,921.11,3590.86,56,12,0.2041
2023-09-11,East,Rylee Sasa,316.75,136.49,180.26,27,5,0.4309
2023-09-11,West,Sasha Ellington,174.8,82.9,91.9,5,2,0.4743
2023-09-12,South,Sam Abioye,15.92,2.79,13.13,5,1,0.1753
2023-09-13,Central,Neelam Nilam,19.05,8.76,10.29,3,1,0.4598
2023-09-13,East,Rylee Sasa,3274.46,321.99,2952.48,47,14,0.0983
2023-09-13,South,Sam Abioye,1017.13,117.52,899.63,7,2,0.1155
2023-09-13,West,Sasha Ellington,56.7,26.08,30.62,9,1,0.46
2023-09-14,Central,Neelam Nilam,387.59,40.13,347.46,13,3,0.1035
2023-09-14,East,Rylee Sasa,2254.11,637.29,1616.82,41,11,0.2827
2023-09-14,South,Sam Abioye,163.96,59.44,104.52,5,1,0.3625
2023-09-14,West,Sasha Ellington,4479.36,1198.12,3281.26,51,11,0.2675
2023-09-15,Central,Neelam Nilam,73.56,11.97,61.59,3,2,0.1627
2023-09-15,East,Rylee Sasa,725.38,-365.26,1090.64,22,7,-0.5035
2023-09-15,South,Sam Abioye,18.0,3.24,14.76,1,1,0.18
2023-09-15,West,Sasha Ellington,32.7,14.38,18.32,8,3,0.4398
2023-09-16,Central,Neelam Nilam,1749.9,4.23,1745.68,19,4,0.0024
2023-09-16,East,Rylee Sasa,514.05,235.13,278.92,7,2,0.4574
2023-09-16,South,Sam Abioye,830.24,238.19,592.05,7,2,0.2869
2023-09-16,West,Sasha Ellington,1885.03,291.73,1593.3,26,9,0.1548
2023-09-17,Central,Neelam Nilam,210.04,51.68,158.37,14,5,0.246
2023-09-17,East,Rylee Sasa,29.26,12.57,16.69,5,2,0.4296
2023-09-17,South,Sam Abioye,997.83,349.19,648.64,35,8,0.3499
2023-09-17,West,Sasha Ellington,274.8,88.1,186.7,19,5,0.3206
2023-09-18,East,Rylee Sasa,37.24,12.16,25.08,8,2,0.3265
2023-09-18,South,Sam Abioye,131.02,23.01,108.0,7,2,0.1756
2023-09-18,West,Sasha Ellington,1479.93,18.81,1461.13,36,11,0.0127
2023-09-19,East,Rylee Sasa,7359.92,1571.81,5788.13,52,14,0.2136
2023-09-20,Central,Neelam Nilam,20.16,9.88,10.28,7,1,0.4901
2023-09-20,East,Rylee Sasa,1.91,-1.53,3.43,2,1,-0.801
2023-09-20,South,Sam Abioye,92.77,15.53,77.24,2,2,0.1674
2023-09-20,West,Sasha Ellington,223.33,73.32,150.01,12,4,0.3283
2023-09-21,Central,Neelam Nilam,732.31,199.22,533.08,42,8,0.272
2023-09-21,East,Rylee Sasa,6331.96,-709.55,7041.51,30,8,-0.1121
2023-09-21,South,Sam Abioye,757.81,346.36,411.45,14,4,0.4571
2023-09-21,West,Sasha Ellington,49.14,18.38,30.76,5,2,0.374
2023-09-22,Central,Neelam Nilam,435.11,-93.78,528.88,18,5,-0.2155
2023-09-22,South,Sam Abioye,464.55,158.27,306.28,10,3,0.3407
2023-09-22,West,Sasha Ellington,1496.13,50.69,1445.44,37,12,0.0339
2023-09-23,Central,Neelam Nilam,1863.7,458.46,1405.24,18,5,0.246
2023-09-23,East,Rylee Sasa,2102.58,12.16,2090.44,11,4,0.0058
2023-09-23,South,Sam Abioye,880.51,188.13,692.38,39,11,0.2137
2023-09-23,West,Sasha Ellington,1603.66,341.73,1261.93,24,5,0.2131
2023-09-24,Central,Neelam Nilam,278.23,55.17,223.06,5,2,0.1983
2023-09-24,East,Rylee Sasa,916.55,115.52,801.03,37,9,0.126
2023-09-24,South,Sam Abioye,177.55,47.94,129.61,5,1,0.27
2023-09-24,West,Sasha Ellington,39.9,10.37,29.53,5,1,0.2599
2023-09-25,South,Sam Abioye,419.14,-57.63,476.77,4,1,-0.1375
2023-09-25,West,Sasha Ellington,1067.44,372.54,694.9,22,6,0.349
2023-09-27,Central,Neelam Nilam,1.74,-0.35,2.09,1,1,-0.2011
2023-09-27,East,Rylee Sasa,2.66,-1.86,4.51,1,1,-0.6992
2023-09-27,South,Sam Abioye,10.37,3.63,6.74,2,1,0.35
2023-09-27,West,Sasha Ellington,544.5,-47.8,592.3,17,7,-0.0878
2023-09-28,Central,Neelam Nilam,372.45,56.9,315.55,9,3,0.1528
2023-09-28,East,Rylee Sasa,827.18,-90.57,917.72,28,10,-0.1095
2023-09-28,South,Sam Abioye,243.92,-54.88,298.8,5,1,-0.225
2023-09-28,West,Sasha Ellington,500.54,128.12,372.44,25,7,0.256
2023-09-29,Central,Neelam Nilam,11.65,-17.47,29.12,9,1,-1.4996
2023-09-29,East,Rylee Sasa,185.54,87.76,97.78,10,2,0.473
2023-09-29,West,Sasha Ellington,343.57,137.05,206.52,8,4,0.3989
2023-09-30,Central,Neelam Nilam,111.52,50.83,60.69,7,2,0.4558
2023-09-30,East,Rylee Sasa,1704.89,767.2,937.69,11,1,0.45
2023-09-30,West,Sasha Ellington,1162.06,195.04,967.01,46,9,0.1678
2023-10-01,Central,Neelam Nilam,312.85,12.81,300.05,30,6,0.0409
2023-10-01,East,Rylee Sasa,115.11,40.25,74.86,5,2,0.3497
2023-10-01,South,Sam Abioye,2447.85,-1031.38,3479.22,25,8,-0.4213
2023-10-01,West,Sasha Ellington,2542.21,-117.19,2659.42,56,10,-0.0461
2023-10-02,Central,Neelam Nilam,1814.62,845.49,969.13,7,2,0.4659
2023-10-02,East,Rylee Sasa,485.1,97.76,387.34,12,4,0.2015
2023-10-02,South,Sam Abioye,33.47,6.56,26.91,8,2,0.196
2023-10-02,West,Sasha Ellington,171.29,-6.42,177.71,3,1,-0.0375
2023-10-03,East,Rylee Sasa,19.98,8.59,11.39,1,1,0.4299
2023-10-04,East,Rylee Sasa,5745.86,1427.15,4318.71,20,5,0.2484
2023-10-04,West,Sasha Ellington,938.75,48.09,890.65,35,10,0.0512
2023-10-05,Central,Neelam Nilam,309.49,33.86,275.63,4,2,0.1094
2023-10-05,East,Rylee Sasa,873.08,225.39,647.69,15,6,0.2582
2023-10-05,West,Sasha Ellington,317.08,89.09,228.0,10,4,0.281
2023-10-06,Central,Neelam Nilam,89.76,15.88,73.88,7,2,0.1769
2023-10-06,South,Sam Abioye,1027.2,18.18,1009.05,18,5,0.0177
2023-10-06,West,Sasha Ellington,1632.24,184.38,1447.85,28,4,0.113
2023-10-07,East,Rylee Sasa,188.52,14.36,174.16,3,2,0.0762
2023-10-07,West,Sasha Ellington,419.83,133.68,286.15,9,4,0.3184
2023-10-08,Central,Neelam Nilam,1040.3,-500.05,1540.36,18,4,-0.4807
2023-10-08,East,Rylee Sasa,410.28,12.87,397.41,18,5,0.0314
2023-10-08,South,Sam Abioye,10.82,3.52,7.3,4,1,0.3253
2023-10-08,West,Sasha Ellington,35.2,16.54,18.66,5,1,0.4699
2023-10-09,Central,Neelam Nilam,239.36,-47.87,287.23,3,1,-0.2
2023-10-11,Central,Neelam Nilam,1466.37,140.47,1325.91,28,5,0.0958
2023-10-11,East,Rylee Sasa,2941.58,88.15,2853.44,20,6,0.03
2023-10-11,South,Sam Abioye,7.97,2.69,5.28,2,1,0.3375
2023-10-11,West,Sasha Ellington,1219.42,294.85,924.57,28,6,0.2418
2023-10-12,Central,Neelam Nilam,170.57,-131.41,301.99,10,3,-0.7704
2023-10-12,East,Rylee Sasa,1019.28,278.02,741.26,20,5,0.2728
2023-10-12,South,Sam Abioye,1890.07,468.25,1421.82,19,4,0.2477
2023-10-12,West,Sasha Ellington,5325.88,1938.38,3387.51,13,3,0.364
2023-10-13,Central,Neelam Nilam,40.86,-66.01,106.86,10,2,-1.6155
2023-10-13,East,Rylee Sasa,37.66,18.45,19.21,7,1,0.4899
2023-10-13,West,Sasha Ellington,55.82,18.99,36.83,6,2,0.3402
2023-10-14,East,Rylee Sasa,13.05,6.0,7.05,5,1,0.4598
2023-10-14,West,Sasha Ellington,1004.89,224.15,780.74,23,7,0.2231
2023-10-15,East,Rylee Sasa,547.3,175.14,372.16,13,1,0.32
2023-10-15,South,Sam Abioye,2018.54,-907.09,2925.64,14,3,-0.4494
2023-10-15,West,Sasha Ellington,907.77,-368.42,1276.18,12,2,-0.4059
2023-10-16,East,Rylee Sasa,62.92,15.71,47.21,4,2,0.2497
2023-10-16,West,Sasha Ellington,63.43,7.39,56.04,5,2,0.1165
2023-10-18,Central,Neelam Nilam,467.9,-147.66,615.57,12,5,-0.3156
2023-10-18,East,Rylee Sasa,545.78,-16.91,562.67,22,5,-0.031
2023-10-18,South,Sam Abioye,1633.19,-1306.55,2939.74,4,1,-0.8
2023-10-18,West,Sasha Ellington,135.01,40.33,94.69,19,5,0.2987
2023-10-19,East,Rylee Sasa,1019.85,18.67,1001.17,12,4,0.0183
2023-10-19,South,Sam Abioye,289.33,107.7,181.64,25,9,0.3722
2023-10-19,West,Sasha Ellington,24.68,9.39,15.29,5,2,0.3805
2023-10-20,Central,Neelam Nilam,2695.86,413.92,2281.94,30,6,0.1535
2023-10-20,East,Rylee Sasa,573.22,-68.9,642.12,12,5,-0.1202
2023-10-20,South,Sam Abioye,747.51,49.9,697.62,10,3,0.0668
2023-10-20,West,Sasha Ellington,520.62,49.85,470.78,6,4,0.0958
2023-10-21,Central,Neelam Nilam,618.51,90.13,528.38,9,3,0.1457
2023-10-21,East,Rylee Sasa,13780.84,4601.72,9179.13,27,6,0.3339
2023-10-21,West,Sasha Ellington,759.54,-152.0,911.53,13,3,-0.2001
2023-10-22,Central,Neelam Nilam,1175.61,-28.15,1203.75,20,7,-0.0239
2023-10-22,East,Rylee Sasa,1312.9,2.48,1310.42,43,10,0.0019
2023-10-22,South,Sam Abioye,863.88,107.99,755.9,3,1,0.125
2023-10-23,Central,Neelam Nilam,517.41,-81.31,598.71,5,1,-0.1571
2023-10-23,South,Sam Abioye,11.68,5.26,6.42,4,1,0.4503
2023-10-25,Central,Neelam Nilam,81.77,15.32,66.44,5,3,0.1874
2023-10-25,East,Rylee Sasa,309.67,-81.46,391.15,21,5,-0.2631
2023-10-25,South,Sam Abioye,608.43,173.87,434.56,12,2,0.2858
2023-10-26,Central,Neelam Nilam,58.53,12.43,46.11,9,4,0.2124
2023-10-26,South,Sam Abioye,68.97,17.24,51.73,13,3,0.25
2023-10-26,West,Sasha Ellington,958.83,74.2,884.63,16,5,0.0774
2023-10-27,Central,Neelam Nilam,65.73,-0.53,66.26,7,3,-0.0081
2023-10-27,East,Rylee Sasa,69.91,34.3,35.61,5,2,0.4906
2023-10-27,South,Sam Abioye,273.08,2.33,270.75,8,3,0.0085
2023-10-28,East,Rylee Sasa,46.96,22.54,24.42,8,1,0.48
2023-10-29,Central,Neelam Nilam,321.39,-72.57,393.96,10,3,-0.2258
2023-10-29,East,Rylee Sasa,481.48,-49.56,531.04,15,4,-0.1029
2023-10-29,South,Sam Abioye,204.98,38.32,166.66,18,4,0.1869
2023-10-29,West,Sasha Ellington,3017.88,602.8,2415.09,49,12,0.1997
2023-10-30,Central,Neelam Nilam,523.93,41.97,481.96,9,3,0.0801
2023-10-31,East,Rylee Sasa,230.69,111.15,119.54,11,2,0.4818
2023-10-31,West,Sasha Ellington,2690.74,247.76,2442.98,14,2,0.0921
2023-11-01,Central,Neelam Nilam,196.02,50.46,145.56,25,5,0.2574
2023-11-01,East,Rylee Sasa,1431.47,-298.6,1730.08,15,6,-0.2086
2023-11-01,South,Sam Abioye,3296.63,831.1,2465.53,21,5,0.2521
2023-11-01,West,Sasha Ellington,1370.27,346.21,1024.06,44,9,0.2527
2023-11-02,Central,Neelam Nilam,75.9,24.87,51.03,10,3,0.3277
2023-11-02,East,Rylee Sasa,52.45,-7.27,59.73,6,2,-0.1386
2023-11-02,South,Sam Abioye,1463.17,367.9,1095.26,22,9,0.2514
2023-11-02,West,Sasha Ellington,2945.42,289.69,2655.73,48,9,0.0984
2023-11-03,Central,Neelam Nilam,89.52,-25.58,115.1,17,5,-0.2857
2023-11-03,East,Rylee Sasa,265.07,-49.92,314.99,7,2,-0.1883
2023-11-03,South,Sam Abioye,10313.5,-3911.74,14225.23,34,10,-0.3793
2023-11-04,Central,Neelam Nilam,748.95,145.3,603.65,23,5,0.194
2023-11-04,East,Rylee Sasa,1186.78,290.83,895.95,27,9,0.2451
2023-11-04,West,Sasha Ellington,419.33,89.29,330.04,12,4,0.2129
2023-11-05,Central,Neelam Nilam,90.25,-4.23,94.48,15,5,-0.0469
2023-11-05,East,Rylee Sasa,540.54,147.19,393.36,17,4,0.2723
2023-11-05,South,Sam Abioye,837.14,1.34,835.8,24,6,0.0016
2023-11-05,West,Sasha Ellington,2820.81,418.66,2402.15,35,12,0.1484
2023-11-06,Central,Neelam Nilam,38.16,19.08,19.08,9,1,0.5
2023-11-06,East,Rylee Sasa,1092.11,-132.62,1224.73,23,5,-0.1214
2023-11-06,West,Sasha Ellington,1283.1,233.19,1049.92,18,4,0.1817
2023-11-07,East,Rylee Sasa,384.1,145.39,238.71,15,2,0.3785
2023-11-08,East,Rylee Sasa,3110.31,1031.9,2078.41,24,5,0.3318
2023-11-08,South,Sam Abioye,691.15,69.6,621.55,7,2,0.1007
2023-11-08,West,Sasha Ellington,950.04,117.55,832.49,17,5,0.1237
2023-11-09,Central,Neelam Nilam,341.96,-427.45,769.41,5,1,-1.25
2023-11-09,East,Rylee Sasa,1362.06,439.23,922.82,5,2,0.3225
2023-11-09,South,Sam Abioye,11.52,-7.68,19.2,5,1,-0.6667
2023-11-09,West,Sasha Ellington,2292.0,-115.22,2407.24,49,11,-0.0503
2023-11-10,Central,Neelam Nilam,335.48,71.31,264.16,28,7,0.2126
2023-11-10,East,Rylee Sasa,45.85,3.63,42.22,3,2,0.0792
2023-11-10,South,Sam Abioye,1247.04,144.74,1102.3,10,2,0.1161
2023-11-10,West,Sasha Ellington,186.85,63.55,123.3,13,4,0.3401
2023-11-11,Central,Neelam Nilam,1035.52,-38.49,1074.01,31,9,-0.0372
2023-11-11,East,Rylee Sasa,637.11,-136.05,773.16,14,5,-0.2135
2023-11-11,South,Sam Abioye,26.72,9.35,17.37,5,1,0.3499
2023-11-11,West,Sasha Ellington,1212.03,127.34,1084.7,44,15,0.1051
2023-11-12,Central,Neelam Nilam,507.49,-94.74,602.23,16,4,-0.1867
2023-11-12,East,Rylee Sasa,1728.75,-653.46,2382.2,38,8,-0.378
2023-11-12,South,Sam Abioye,970.94,-35.53,1006.48,16,4,-0.0366
2023-11-12,West,Sasha Ellington,3426.22,385.3,3040.93,33,6,0.1125
2023-11-13,Central,Neelam Nilam,250.26,-48.29,298.55,15,4,-0.193
2023-11-13,East,Rylee Sasa,228.59,41.26,187.32,20,4,0.1805
2023-11-13,West,Sasha Ellington,355.81,38.07,317.74,10,2,0.107
2023-11-14,South,Sam Abioye,559.2,55.02,504.19,8,2,0.0984
2023-11-15,East,Rylee Sasa,1447.31,180.78,1266.54,25,7,0.1249
2023-11-15,West,Sasha Ellington,3307.92,358.24,2949.68,43,11,0.1083
2023-11-16,Central,Neelam Nilam,567.69,69.53,498.16,7,2,0.1225
2023-11-16,East,Rylee Sasa,12068.99,5519.82,6549.17,25,6,0.4574
2023-11-16,South,Sam Abioye,1020.53,298.38,722.15,20,5,0.2924
2023-11-16,West,Sasha Ellington,37.67,7.67,30.0,12,3,0.2036
2023-11-17,Central,Neelam Nilam,346.21,45.42,300.78,23,7,0.1312
2023-11-17,East,Rylee Sasa,113.81,44.5,69.31,12,2,0.391
2023-11-17,South,Sam Abioye,600.18,49.77,550.42,31,7,0.0829
2023-11-17,West,Sasha Ellington,409.55,114.11,295.44,17,5,0.2786
2023-11-18,Central,Neelam Nilam,3375.34,-2586.32,5961.66,43,12,-0.7662
2023-11-18,East,Rylee Sasa,2774.41,597.9,2176.54,35,7,0.2155
2023-11-18,South,Sam Abioye,891.86,243.64,648.22,22,4,0.2732
2023-11-18,West,Sasha Ellington,355.68,85.76,269.92,14,3,0.2411
2023-11-19,Central,Neelam Nilam,22.0,9.68,12.32,10,1,0.44
2023-11-19,East,Rylee Sasa,2265.86,555.25,1710.59,29,9,0.2451
2023-11-19,South,Sam Abioye,289.85,-7.5,297.34,14,4,-0.0259
2023-11-19,West,Sasha Ellington,410.58,-2.21,412.79,15,3,-0.0054
2023-11-20,Central,Neelam Nilam,55.18,-12.41,67.59,3,1,-0.2249
2023-11-20,East,Rylee Sasa,75.17,17.81,57.36,7,3,0.2369
2023-11-20,West,Sasha Ellington,2105.85,295.94,1809.91,31,11,0.1405
2023-11-21,Central,Neelam Nilam,35.71,2.23,33.48,8,1,0.0624
2023-11-22,Central,Neelam Nilam,1016.17,191.48,824.7,39,12,0.1884
2023-11-22,East,Rylee Sasa,31.53,1.23,30.29,10,2,0.039
2023-11-22,South,Sam Abioye,105.4,20.77,84.63,10,3,0.1971
2023-11-23,Central,Neelam Nilam,57.87,-14.21,72.08,5,3,-0.2456
2023-11-23,East,Rylee Sasa,1821.57,321.28,1500.29,31,8,0.1764
2023-11-23,South,Sam Abioye,1949.31,577.62,1371.7,41,7,0.2963
2023-11-23,West,Sasha Ellington,1130.88,51.22,1079.66,33,7,0.0453
2023-11-24,Central,Neelam Nilam,1742.23,-162.95,1905.18,22,5,-0.0935
2023-11-24,South,Sam Abioye,1474.75,110.98,1363.77,16,3,0.0753
2023-11-24,West,Sasha Ellington,449.18,-6.6,455.77,17,5,-0.0147
2023-11-25,Central,Neelam Nilam,3281.85,904.5,2377.35,27,8,0.2756
2023-11-25,East,Rylee Sasa,1753.48,343.13,1410.35,39,7,0.1957
2023-11-25,South,Sam Abioye,12.84,3.72,9.12,3,1,0.2897
2023-11-26,Central,Neelam Nilam,846.89,372.18,474.71,19,4,0.4395
2023-11-26,East,Rylee Sasa,114.41,38.29,76.13,9,2,0.3347
2023-11-26,South,Sam Abioye,52.34,5.13,47.22,6,2,0.098
2023-11-26,West,Sasha Ellington,604.61,227.67,376.94,27,5,0.3766
2023-11-27,East,Rylee Sasa,6761.52,268.39,6493.13,58,10,0.0397
2023-11-27,West,Sasha Ellington,151.42,60.52,90.9,7,2,0.3997
2023-11-28,South,Sam Abioye,491.89,67.84,424.06,7,2,0.1379
2023-11-29,Central,Neelam Nilam,98.35,-9.97,108.31,5,2,-0.1014
2023-11-29,East,Rylee Sasa,4109.68,569.17,3540.49,34,8,0.1385
2023-11-29,South,Sam Abioye,2411.44,-519.24,2930.68,18,4,-0.2153
2023-11-29,West,Sasha Ellington,25.83,9.56,16.27,3,1,0.3701
2023-11-30,Central,Neelam Nilam,923.33,79.11,844.22,30,8,0.0857
2023-11-30,East,Rylee Sasa,1890.8,314.02,1576.79,52,13,0.1661
2023-11-30,West,Sasha Ellington,2517.05,325.76,2191.3,67,13,0.1294
2023-12-01,Central,Neelam Nilam,2795.49,-23.61,2819.1,18,4,-0.0084
2023-12-01,East,Rylee Sasa,2073.27,-121.65,2194.92,29,6,-0.0587
2023-12-01,South,Sam Abioye,863.01,152.05,710.97,16,5,0.1762
2023-12-01,West,Sasha Ellington,4219.42,-14.12,4233.53,89,19,-0.0033
2023-12-02,Central,Neelam Nilam,23.96,-10.64,34.6,4,2,-0.4441
2023-12-02,East,Rylee Sasa,238.68,72.99,165.7,9,4,0.3058
2023-12-02,South,Sam Abioye,146.44,-0.53,146.96,14,4,-0.0036
2023-12-02,West,Sasha Ellington,994.76,218.9,775.85,43,10,0.2201
2023-12-03,Central,Neelam Nilam,613.12,181.14,431.98,13,4,0.2954
2023-12-03,East,Rylee Sasa,1365.76,63.71,1302.07,47,12,0.0466
2023-12-03,South,Sam Abioye,649.0,-272.58,921.58,2,1,-0.42
2023-12-03,West,Sasha Ellington,11.76,5.76,6.0,2,1,0.4898
2023-12-04,Central,Neelam Nilam,199.73,74.85,124.89,11,3,0.3748
2023-12-04,East,Rylee Sasa,623.63,191.33,432.3,31,8,0.3068
2023-12-04,West,Sasha Ellington,629.79,181.45,448.33,33,8,0.2881
2023-12-05,West,Sasha Ellington,10.68,2.88,7.8,1,1,0.2697
2023-12-06,Central,Neelam Nilam,1909.09,-2922.8,4831.89,11,3,-1.531
2023-12-06,East,Rylee Sasa,127.98,25.6,102.39,2,1,0.2
2023-12-06,South,Sam Abioye,455.02,138.72,316.3,14,3,0.3049
2023-12-06,West,Sasha Ellington,424.42,71.82,352.6,9,2,0.1692
2023-12-07,Central,Neelam Nilam,1816.36,419.33,1397.03,16,5,0.2309
2023-12-07,East,Rylee Sasa,1339.3,135.75,1203.55,28,8,0.1014
2023-12-07,West,Sasha Ellington,4487.38,599.53,3887.85,70,17,0.1336
2023-12-08,Central,Neelam Nilam,1412.47,425.58,986.89,60,15,0.3013
2023-12-08,East,Rylee Sasa,108.5,6.45,102.06,12,4,0.0594
2023-12-08,South,Sam Abioye,1827.51,764.89,1062.62,21,7,0.4185
2023-12-08,West,Sasha Ellington,2121.93,290.24,1831.69,27,7,0.1368
2023-12-09,Central,Neelam Nilam,34.5,15.53,18.98,3,1,0.4501
2023-12-09,East,Rylee Sasa,864.29,172.07,692.22,21,7,0.1991
2023-12-09,South,Sam Abioye,718.64,290.78,427.86,19,5,0.4046
2023-12-09,West,Sasha Ellington,2256.13,237.2,2018.93,27,8,0.1051
2023-12-10,Central,Neelam Nilam,738.93,-51.72,790.65,18,7,-0.07
2023-12-10,East,Rylee Sasa,1211.22,416.65,794.58,33,11,0.344
2023-12-10,South,Sam Abioye,873.81,-447.34,1321.16,12,4,-0.5119
2023-12-12,East,Rylee Sasa,287.98,7.2,280.78,3,1,0.025
2023-12-12,West,Sasha Ellington,292.96,92.01,200.95,22,5,0.3141
2023-12-13,Central,Neelam Nilam,1714.85,-350.22,2065.07,29,8,-0.2042
2023-12-13,East,Rylee Sasa,1843.4,432.35,1411.05,14,5,0.2345
2023-12-13,South,Sam Abioye,204.55,78.81,125.74,9,2,0.3853
2023-12-13,West,Sasha Ellington,134.91,54.31,80.61,22,3,0.4026
2023-12-14,Central,Neelam Nilam,10.19,1.02,9.17,7,1,0.1001
2023-12-14,West,Sasha Ellington,296.7,51.58,245.12,13,4,0.1738
2023-12-15,Central,Neelam Nilam,10.8,5.18,5.62,5,1,0.4796
2023-12-15,East,Rylee Sasa,33.38,10.43,22.95,4,1,0.3125
2023-12-15,West,Sasha Ellington,814.52,155.61,658.92,38,11,0.191
2023-12-16,Central,Neelam Nilam,127.0,-157.26,284.26,8,3,-1.2383
2023-12-16,East,Rylee Sasa,315.9,77.42,238.48,7,3,0.2451
2023-12-16,South,Sam Abioye,1049.28,238.65,810.63,8,2,0.2274
2023-12-16,West,Sasha Ellington,535.58,144.28,391.3,15,5,0.2694
2023-12-17,Central,Neelam Nilam,129.29,33.85,95.44,8,2,0.2618
2023-12-17,East,Rylee Sasa,3159.71,719.08,2440.65,52,10,0.2276
2023-12-17,South,Sam Abioye,12.67,1.43,11.25,9,1,0.1129
2023-12-17,West,Sasha Ellington,344.23,86.47,257.77,17,7,0.2512
2023-12-18,South,Sam Abioye,1665.62,33.31,1632.31,2,1,0.02
2023-12-18,West,Sasha Ellington,230.31,-185.77,416.07,16,4,-0.8066
2023-12-19,East,Rylee Sasa,377.73,176.91,200.83,13,5,0.4684
2023-12-20,Central,Neelam Nilam,391.26,25.77,365.49,3,2,0.0659
2023-12-20,East,Rylee Sasa,517.91,179.0,338.92,11,3,0.3456
2023-12-20,South,Sam Abioye,94.88,38.91,55.97,10,2,0.4101
2023-12-20,West,Sasha Ellington,1136.89,327.09,809.8,14,4,0.2877
2023-12-21,Central,Neelam Nilam,3869.67,926.19,2943.48,37,10,0.2393
2023-12-21,East,Rylee Sasa,1547.74,178.77,1368.96,15,4,0.1155
2023-12-21,South,Sam Abioye,1240.13,-182.14,1422.28,26,7,-0.1469
2023-12-21,West,Sasha Ellington,784.48,34.3,750.19,22,6,0.0437
2023-12-22,Central,Neelam Nilam,247.69,-22.75,270.44,24,4,-0.0918
2023-12-22,East,Rylee Sasa,209.41,48.1,161.31,5,2,0.2297
2023-12-22,South,Sam Abioye,1456.18,252.8,1203.38,30,8,0.1736
2023-12-22,West,Sasha Ellington,13.48,5.93,7.55,4,1,0.4399
2023-12-23,Central,Neelam Nilam,264.32,19.82,244.5,2,1,0.075
2023-12-23,East,Rylee Sasa,409.6,90.76,318.83,20,7,0.2216
2023-12-23,South,Sam Abioye,712.85,300.54,412.32,7,2,0.4216
2023-12-23,West,Sasha Ellington,4846.28,1157.12,3689.16,25,6,0.2388
2023-12-24,Central,Neelam Nilam,160.16,-122.6,282.77,26,5,-0.7655
2023-12-24,East,Rylee Sasa,750.06,-31.21,781.28,30,7,-0.0416
2023-12-24,South,Sam Abioye,1360.67,457.08,903.6,25,8,0.3359
2023-12-24,West,Sasha Ellington,428.03,55.93,372.1,6,3,0.1307
2023-12-25,Central,Neelam Nilam,811.46,63.73,747.74,10,3,0.0785
2023-12-25,East,Rylee Sasa,3.13,-2.61,5.74,2,1,-0.8339
2023-12-26,East,Rylee Sasa,177.64,-31.98,209.61,6,2,-0.18
2023-12-27,Central,Neelam Nilam,260.38,-5.05,265.43,22,8,-0.0194
2023-12-27,East,Rylee Sasa,134.52,56.44,78.09,21,4,0.4196
2023-12-27,South,Sam Abioye,64.78,-12.96,77.74,1,1,-0.2001
2023-12-27,West,Sasha Ellington,1197.66,214.68,982.98,20,6,0.1792
2023-12-28,Central,Neelam Nilam,209.7,100.66,109.04,2,1,0.48
2023-12-28,East,Rylee Sasa,6.03,2.95,3.08,3,1,0.4892
2023-12-28,South,Sam Abioye,1814.68,494.87,1319.82,14,5,0.2727
2023-12-28,West,Sasha Ellington,885.13,45.95,839.17,22,5,0.0519
2023-12-29,Central,Neelam Nilam,209.3,56.51,152.79,2,1,0.27
2023-12-29,East,Rylee Sasa,466.85,34.64,432.21,14,3,0.0742
2023-12-29,West,Sasha Ellington,37.64,10.4,27.27,7,3,0.2763
